rowid,date_md,plantid,source_image,x_root_recovered_px,x_root_pose_px,x_match_distance_px,pose_height_px,pose_confidence,date,height_true,height_est_cm,height_sam,pose_geometry_height_cm_2021,held_out_row,cv_prediction_cm,cv_error_cm
C_004,07_02,p1,LH85.21-C-004_2021-07-02-12-07_CAM789.JPG,568.0,576.43115234375,8.43115234375,104.10772705078124,0.8428400158882141,2021-07-02,46,52.40163029126214,48.6586566990291,43.2969461722412,C_004,47.608503160288834,1.6085031602888336
C_004,07_11,p1,LH85.21-C-004_2021-07-11-17-24_CAM789.JPG,578.0,573.5209350585938,4.47906494140625,161.2822265625,0.9053719639778136,2021-07-11,60,74.85947184466019,74.8594718446602,67.07502007617187,C_004,73.70378689524415,13.70378689524415
C_004,07_18,p1,LH85.21-C-004_2021-07-18-17-52_CAM789.JPG,572.0,580.2520751953125,8.2520751953125,235.43408203125,0.8339312672615051,2021-07-18,132,108.13034822006472,106.882690355987,97.91373863964843,C_004,107.54778595873958,-24.45221404126042
C_004,08_06,p1,LH85.21-C-004_2021-08-06-18-49_CAM789.JPG,603.0,577.6406860351562,25.35931396484375,199.9141845703125,0.4279683828353882,2021-08-06,110,110.83360692556634,95.653769579288,83.14151056420899,C_004,91.3359815635004,-18.664018436499603
C_004,07_02,p3,LH85.21-C-004_2021-07-02-12-07_CAM789.JPG,335.0,342.0998229980469,7.099822998046875,100.3455810546875,0.8721646666526794,2021-07-02,74,63.83849404530744,54.8969460194175,41.732322322509766,C_004,45.89140431274633,-28.10859568725367
C_004,07_11,p3,LH85.21-C-004_2021-07-11-17-24_CAM789.JPG,344.0,338.7779541015625,5.2220458984375,198.26812744140625,0.8517339825630188,2021-07-11,82,94.82199766990291,92.7425678964401,82.45693844909667,C_004,90.58469684409589,8.584696844095888
C_004,07_18,p3,LH85.21-C-004_2021-07-18-17-52_CAM789.JPG,337.0,350.0556335449219,13.055633544921875,285.0220947265625,0.8579307198524475,2021-07-18,130,122.89429961165048,133.915277411003,118.53669888745117,C_004,130.1804853647312,0.18048536473119725
C_004,07_30,p3,LH85.21-C-004_2021-07-30-17-26_CAM789.JPG,338.0,350.2313842773437,12.231384277343693,291.36981201171875,0.8853482007980347,2021-07-30,136,132.251733592233,133.499391456311,121.17662563830565,C_004,133.0776770330462,-2.9223229669538
C_004,08_06,p3,LH85.21-C-004_2021-08-06-18-49_CAM789.JPG,340.0,349.56982421875,9.56982421875,293.6174621582031,0.7970163226127625,2021-08-06,132,129.75641786407766,145.975970097087,122.11139186712646,C_004,134.10353766690102,2.103537666901019
C_004,07_02,p4,LH85.21-C-004_2021-07-02-12-07_CAM789.JPG,262.0,273.3077697753906,11.307769775390625,117.4658203125,0.7548184394836426,2021-07-02,60,66.1258667961165,57.8081477022654,48.852390146484375,C_004,53.70533368437762,-6.294666315622379
C_004,07_11,p4,LH85.21-C-004_2021-07-11-17-24_CAM789.JPG,273.0,256.4016418457031,16.598358154296875,187.11773681640625,0.6926374435424805,2021-07-11,84,96.48554148867314,97.3173133980582,77.81964709362792,C_004,85.49549432199386,1.49549432199386
C_004,07_18,p4,LH85.21-C-004_2021-07-18-17-52_CAM789.JPG,267.0,275.0283508300781,8.028350830078125,280.8280639648437,0.8069769144058228,2021-07-18,130,124.76578640776698,129.756417864078,116.79246021008298,C_004,128.2662679486653,-1.733732051334698
C_004,07_30,p4,LH85.21-C-004_2021-07-30-17-26_CAM789.JPG,269.0,272.2950744628906,3.295074462890625,336.2047119140625,0.7914940714836121,2021-07-30,140,153.87780323624594,133.915277411003,139.8228328190918,C_004,153.54098574885185,13.540985748851853
C_004,08_06,p4,LH85.21-C-004_2021-08-06-18-49_CAM789.JPG,267.0,271.0057678222656,4.005767822265625,314.1347351074219,0.713439404964447,2021-08-06,140,144.52036925566344,130.588189773463,130.64423844488525,C_004,143.46792325225536,3.4679232522553605
C_005,07_11,p1,CO255.21-C-005_2021-07-11-14-43_CAM811.JPG,618.0,629.5001831054688,11.50018310546875,269.4635314941406,0.6645585298538208,2021-07-11,113,131.83584763754044,128.50876,112.06611025897216,C_005,123.7107783198181,10.710778319818104
C_005,07_18,p1,CO255.21-C-005_2021-07-18-11-39_CAM811.JPG,605.0,621.9713134765625,16.9713134765625,273.8524475097656,0.8986108899116516,2021-07-18,140,154.08574621359222,116.032181359223,113.89139898504638,C_005,125.67179405344353,-14.328205946556466
C_005,07_30,p1,CO255.21-C-005_2021-07-30-11-45_CAM811.JPG,593.0,616.092041015625,23.092041015625,238.5252685546875,0.9312795996665956,2021-07-30,144,168.22586867313916,114.784523495146,99.19931983813476,C_005,109.88722367003336,-34.112776329966636
C_005,08_06,p1,CO255.21-C-005_2021-08-06-13-23_CAM811.JPG,606.0,627.0923461914062,21.09234619140625,262.251953125,0.9303054809570312,2021-08-06,144,153.87780323624594,121.854584724919,109.06691577734374,C_005,120.48856613899477,-23.51143386100523
C_005,07_11,p4,CO255.21-C-005_2021-07-11-14-43_CAM811.JPG,313.0,307.4971618652344,5.502838134765625,236.49615478515625,0.8298298716545105,2021-07-11,78,111.45743585760518,103.555602718447,98.35543982897948,C_005,108.9805934193745,30.9805934193745
C_005,07_18,p4,CO255.21-C-005_2021-07-18-11-39_CAM811.JPG,300.0,306.2271728515625,6.2271728515625,291.9947509765625,0.7817200422286987,2021-07-18,120,127.67698809061488,103.555602718447,121.43652900463867,C_005,133.77797389738143,13.777973897381429
C_005,07_30,p4,CO255.21-C-005_2021-07-30-11-45_CAM811.JPG,299.0,303.08184814453125,4.08184814453125,292.7104187011719,0.8099932074546814,2021-07-30,130,128.50876,129.756417864078,121.73416519195555,C_005,134.09774207317028,4.097742073170281
C_005,08_06,p4,CO255.21-C-005_2021-08-06-13-23_CAM811.JPG,301.0,313.0048828125,12.0048828125,295.3579406738281,0.7602334022521973,2021-08-06,130,125.5975583171521,130.588189773463,122.83523251507567,C_005,135.28068388044443,5.280683880444428
C_005,07_11,p5,CO255.21-C-005_2021-07-11-14-43_CAM811.JPG,235.0,224.15814208984372,10.841857910156278,275.26416015625,0.9095373153686525,2021-07-11,108,113.95275158576052,116.863953268608,114.47851051074218,C_005,126.30256272189334,18.302562721893338
C_005,07_18,p5,CO255.21-C-005_2021-07-18-11-39_CAM811.JPG,203.0,221.9078521728516,18.90785217285159,309.3772888183594,0.8687819242477417,2021-07-18,132,136.82647909385113,132.251733592233,128.6656831375122,C_005,141.54468214077184,9.54468214077184
C_005,07_30,p5,CO255.21-C-005_2021-07-30-11-45_CAM811.JPG,225.0,217.090576171875,7.909423828125,323.31231689453125,0.8286750316619873,2021-07-30,140,144.936255210356,127.261102135922,134.461066223999,C_005,147.77100527126663,7.771005271266631
C_005,08_06,p5,CO255.21-C-005_2021-08-06-13-23_CAM811.JPG,224.0,220.1242218017578,3.8757781982421875,280.6337585449219,0.8581789135932922,2021-08-06,138,133.91527741100325,130.17230381877,116.71165130621337,C_005,128.7017580780924,-9.29824192190759
C_009,07_11,p1,11430.21-C-009_2021-07-11-13-26_CAM374.JPG,444.0,442.1199645996094,1.880035400390625,167.3975830078125,0.7930458784103394,2021-07-11,78,78.18655948220065,77.3547875728155,69.61831120678711,C_009,79.05871875053768,1.058718750537679
C_009,07_18,p1,11430.21-C-009_2021-07-18-16-20_CAM374.JPG,432.0,439.8470153808594,7.847015380859375,235.92596435546875,0.798041582107544,2021-07-18,120,116.0321813592233,114.784523495146,98.11830561193847,C_009,109.17958624464612,-10.820413755353883
C_009,07_30,p1,11430.21-C-009_2021-07-30-13-22_CAM374.JPG,423.0,428.3462219238281,5.346221923828125,346.5060119628906,0.8365799188613892,2021-07-30,142,149.71894368932038,154.293689190938,144.10699929119872,C_009,157.78378345423442,15.783783454234424
C_009,08_06,p1,11430.21-C-009_2021-08-06-14-14_CAM374.JPG,425.0,426.1310424804688,1.1310424804688068,311.13751220703125,0.4648682475090027,2021-08-06,148,146.8077420064725,143.896540323625,129.3977354017334,C_009,142.23796326030566,-5.762036739694338
C_009,07_11,p2,11430.21-C-009_2021-07-11-13-26_CAM374.JPG,372.0,378.62701416015625,6.62701416015625,188.04229736328125,0.8579748272895813,2021-07-11,70,86.71222155339805,85.2566207119741,78.20415888122558,C_009,88.13286720298846,18.132867202988464
C_009,07_18,p2,11430.21-C-009_2021-07-18-16-20_CAM374.JPG,365.0,368.3205261230469,3.320526123046875,208.52667236328125,0.6972156763076782,2021-07-18,100,102.72383080906148,103.971488673139,86.72332366247558,C_009,97.13654032266197,-2.863459677338028
C_009,07_30,p2,11430.21-C-009_2021-07-30-13-22_CAM374.JPG,360.0,367.7279357910156,7.727935791015625,299.57391357421875,0.7621008157730103,2021-07-30,126,136.41059313915858,135.578821229773,124.58859662072753,C_009,137.15531552626703,11.155315526267032
C_009,08_06,p2,11430.21-C-009_2021-08-06-14-14_CAM374.JPG,365.0,368.508056640625,3.508056640625,290.74224853515625,0.7885392308235168,2021-08-06,132,133.4993914563107,134.331163365696,120.91563077429198,C_009,133.27345800734508,1.2734580073450843
C_009,07_11,p3,11430.21-C-009_2021-07-11-13-26_CAM374.JPG,282.0,305.6772766113281,23.677276611328125,158.1634521484375,0.8883169293403625,2021-07-11,58,78.6024454368932,71.1164982524272,65.77796546020508,C_009,74.99996197606434,16.99996197606434
C_009,07_18,p3,11430.21-C-009_2021-07-18-16-20_CAM374.JPG,284.0,293.74224853515625,9.74224853515625,197.0447998046875,0.7659343481063843,2021-07-18,90,96.90142744336568,98.1490853074434,81.94817361157226,C_009,92.08981435131417,2.0898143513141747
C_009,07_30,p3,11430.21-C-009_2021-07-30-13-22_CAM374.JPG,278.0,283.5141296386719,5.514129638671875,301.46435546875,0.8501397967338562,2021-07-30,146,150.34277262135922,153.877803236246,125.37480493847656,C_009,137.98623767400628,-8.013762325993724
C_009,08_06,p3,11430.21-C-009_2021-08-06-14-14_CAM374.JPG,281.0,291.6564636230469,10.656463623046875,312.3131103515625,0.8922366499900818,2021-08-06,136,145.97597009708738,149.71894368932,129.88665021166992,C_009,142.75468400055055,6.754684000550554
C_010,07_02,p1,CO106.21-C-010_2021-07-02-18-19_CAM405.JPG,605.0,612.5512084960938,7.55120849609375,149.7359619140625,0.8020982146263123,2021-07-02,70,74.85947184466019,73.6118139805825,62.27309025659179,C_010,71.56758903516732,1.567589035167316
C_010,07_18,p1,CO106.21-C-010_2021-07-18-14-58_CAM405.JPG,606.0,622.7879638671875,16.7879638671875,256.67047119140625,0.6376222372055054,2021-07-18,120,114.36863754045308,107.29857631068,106.74565558190918,C_010,117.9597058486994,-2.0402941513006
C_010,07_30,p1,CO106.21-C-010_2021-07-30-14-12_CAM405.JPG,602.0,621.8247680664062,19.82476806640625,247.097900390625,0.6719785332679749,2021-07-30,116,116.0321813592233,114.784523495146,102.76455740185547,C_010,113.80677312570108,-2.193226874298915
C_010,07_02,p2,CO106.21-C-010_2021-07-02-18-19_CAM405.JPG,518.0,532.724853515625,14.724853515625,153.942626953125,0.814204752445221,2021-07-02,60,77.7706735275081,71.9482701618123,64.02258335302734,C_010,73.39259479997085,13.392594799970851
C_010,07_11,p2,CO106.21-C-010_2021-07-11-15-03_CAM405.JPG,486.0,519.4591064453125,33.4591064453125,177.8223876953125,0.8717142343521118,2021-07-11,78,111.04154990291262,88.9995943042071,73.95384152905272,C_010,83.75251188676927,5.75251188676927
C_010,07_18,p2,CO106.21-C-010_2021-07-18-14-58_CAM405.JPG,529.0,562.45654296875,33.45654296875,243.04425048828125,0.7597561478614807,2021-07-18,110,113.1209796763754,112.705093721683,101.07870115856933,C_010,112.048150945999,2.048150945998998
C_010,07_30,p2,CO106.21-C-010_2021-07-30-14-12_CAM405.JPG,526.0,572.2316284179688,46.23162841796875,254.641845703125,0.7793986201286316,2021-07-30,112,120.8148698381877,119.775154951456,105.90197864208984,C_010,117.07961361973369,5.079613619733692
C_010,07_02,p3,CO106.21-C-010_2021-07-02-18-19_CAM405.JPG,438.0,437.3562927246094,0.643707275390625,177.02496337890625,0.8004526495933533,2021-07-02,80,77.35478757281554,78.6024454368932,73.6222039197998,C_010,83.40655993648986,3.406559936489856
C_010,07_11,p3,CO106.21-C-010_2021-07-11-15-03_CAM405.JPG,467.0,411.2254943847656,55.774505615234375,156.52349853515625,0.1488630324602127,2021-07-11,70,98.14908530744336,84.0089628478964,65.09593171179199,C_010,74.51227166315991,4.512271663159908
C_011,07_11,p1,B73.21-C-011_2021-07-11-17-41_CAM397.JPG,633.0,642.3717041015625,9.3717041015625,205.0118408203125,0.8453311324119568,2021-07-11,96,108.54623417475727,99.396743171521,85.26155443139648,C_011,95.1082532764521,-0.8917467235478966
C_011,07_18,p1,B73.21-C-011_2021-07-18-14-58_CAM397.JPG,621.0,630.5432739257812,9.54327392578125,297.6683654785156,0.7874454855918884,2021-07-18,100,136.61853611650486,108.546234174757,123.79610584539795,C_011,133.48068671474337,33.48068671474337
C_011,07_30,p1,B73.21-C-011_2021-07-30-13-41_CAM397.JPG,623.0,633.8655395507812,10.86553955078125,394.7034606933594,0.8113861083984375,2021-07-30,196,211.8938939158576,225.826073398058,164.15164345391844,C_011,173.66644531129353,-22.33355468870647
C_011,07_11,p2,B73.21-C-011_2021-07-11-17-41_CAM397.JPG,541.0,548.6050415039062,7.60504150390625,181.85345458984372,0.9060370326042176,2021-07-11,86,106.67474737864076,84.0089628478964,75.63030581555174,C_011,85.51752410281878,-0.4824758971812173
C_011,07_18,p2,B73.21-C-011_2021-07-18-14-58_CAM397.JPG,536.0,551.295654296875,15.295654296875,257.172119140625,0.8362271785736084,2021-07-18,110,126.01344427184466,107.29857631068,106.95428394091796,C_011,116.70971971772273,6.709719717722734
C_011,07_30,p2,B73.21-C-011_2021-07-30-13-41_CAM397.JPG,544.0,543.431396484375,0.568603515625,391.8160400390625,0.8300929665565491,2021-07-30,196,210.4382930744337,231.648476763754,162.95080562768553,C_011,172.4706595069579,-23.5293404930421
C_011,07_11,p3,B73.21-C-011_2021-07-11-17-41_CAM397.JPG,466.0,466.210693359375,0.210693359375,172.45343017578125,0.7737941741943359,2021-07-11,86,94.19816873786408,76.1071297087379,71.72096726208495,C_011,81.62463245295922,-4.375367547040781
C_011,07_18,p3,B73.21-C-011_2021-07-18-14-58_CAM397.JPG,461.0,461.8052978515625,0.8052978515625,251.275146484375,0.8382214307785034,2021-07-18,110,127.67698809061488,118.111611132686,104.50181557080077,C_011,114.267569080473,4.267569080472995
C_011,07_30,p3,B73.21-C-011_2021-07-30-13-41_CAM397.JPG,464.0,465.6492614746094,1.649261474609375,380.2770690917969,0.8918261528015137,2021-07-30,196,216.676582394822,215.013038576052,158.15190915631104,C_011,167.69195238132727,-28.30804761867273
C_021,07_02,p3,EP1.21-C-021_2021-07-02-15-31_CAM219.JPG,336.0,340.53564453125,4.53564453125,111.74908447265624,0.8501566648483276,2021-07-02,48,75.89918673139158,45.3315690614887,46.47487974499511,C_021,51.612246337471994,3.612246337471994
C_021,07_02,p4,EP1.21-C-021_2021-07-02-15-31_CAM219.JPG,260.0,275.2438659667969,15.243865966796875,106.46881103515624,0.6241477131843567,2021-07-02,40,76.52301566343041,74.4435858899676,44.27888794616698,C_021,49.22367680904893,9.223676809048932
C_021,07_11,p4,EP1.21-C-021_2021-07-11-11-56_CAM219.JPG,269.0,271.42529296875,2.42529296875,178.41156005859375,0.687162458896637,2021-07-11,58,95.8617125566343,88.167822394822,74.19887006652831,C_021,81.76749487876815,23.767494878768147
C_021,07_18,p4,EP1.21-C-021_2021-07-18-14-27_CAM219.JPG,262.0,269.1344299316406,7.134429931640625,125.54638671875,0.7741815447807312,2021-07-18,114,97.31731339805825,126.013444271845,52.21298458691406,C_021,57.85355488134656,-56.14644511865344
C_021,07_30,p4,EP1.21-C-021_2021-07-30-10-01_CAM219.JPG,259.0,279.89923095703125,20.89923095703125,201.43817138671875,0.6749929785728455,2021-07-30,110,86.92016453074433,104.387374627832,83.7753153453369,C_021,92.18374752405565,-17.816252475944353
