site,biological_row_id,plant_global_rtl,plant_uid,measurement_round_within_site,measurement_datetime,measurement_date,manual_height_cm,source_sheet,source_cell
Marsden,M-0006,1,M-0006-p01,1,2024-07-05T09:30:00-05:00,2024-07-05,78.0,Plant height ground truth-cm,D2
Marsden,M-0006,1,M-0006-p01,2,2024-07-10T13:12:00-05:00,2024-07-10,81.0,Plant height ground truth-cm,F2
Marsden,M-0006,1,M-0006-p01,3,2024-07-15T08:05:00-05:00,2024-07-15,93.0,Plant height ground truth-cm,G2
Marsden,M-0006,1,M-0006-p01,4,2024-07-18T08:30:00-05:00,2024-07-18,105.0,Plant height ground truth-cm,H2
Marsden,M-0006,1,M-0006-p01,5,2024-07-23T09:07:00-05:00,2024-07-23,122.0,Plant height ground truth-cm,I2
Marsden,M-0006,1,M-0006-p01,6,2024-07-28T08:30:00-05:00,2024-07-28,140.0,Plant height ground truth-cm,J2
Marsden,M-0006,2,M-0006-p02,1,2024-07-05T09:30:00-05:00,2024-07-05,66.0,Plant height ground truth-cm,D3
Marsden,M-0006,2,M-0006-p02,2,2024-07-10T13:12:00-05:00,2024-07-10,82.0,Plant height ground truth-cm,F3
Marsden,M-0006,2,M-0006-p02,3,2024-07-15T08:05:00-05:00,2024-07-15,105.0,Plant height ground truth-cm,G3
Marsden,M-0006,2,M-0006-p02,4,2024-07-18T08:30:00-05:00,2024-07-18,117.0,Plant height ground truth-cm,H3
Marsden,M-0006,2,M-0006-p02,5,2024-07-23T09:07:00-05:00,2024-07-23,137.0,Plant height ground truth-cm,I3
Marsden,M-0006,2,M-0006-p02,6,2024-07-28T08:30:00-05:00,2024-07-28,167.0,Plant height ground truth-cm,J3
Marsden,M-0006,3,M-0006-p03,1,2024-07-05T09:30:00-05:00,2024-07-05,57.0,Plant height ground truth-cm,D4
Marsden,M-0006,3,M-0006-p03,2,2024-07-10T13:12:00-05:00,2024-07-10,86.0,Plant height ground truth-cm,F4
Marsden,M-0006,3,M-0006-p03,3,2024-07-15T08:05:00-05:00,2024-07-15,111.0,Plant height ground truth-cm,G4
Marsden,M-0006,3,M-0006-p03,4,2024-07-18T08:30:00-05:00,2024-07-18,116.0,Plant height ground truth-cm,H4
Marsden,M-0006,3,M-0006-p03,5,2024-07-23T09:07:00-05:00,2024-07-23,147.0,Plant height ground truth-cm,I4
Marsden,M-0006,3,M-0006-p03,6,2024-07-28T08:30:00-05:00,2024-07-28,172.0,Plant height ground truth-cm,J4
Marsden,M-0006,4,M-0006-p04,1,2024-07-05T09:30:00-05:00,2024-07-05,55.0,Plant height ground truth-cm,D5
Marsden,M-0006,4,M-0006-p04,2,2024-07-10T13:12:00-05:00,2024-07-10,80.0,Plant height ground truth-cm,F5
Marsden,M-0006,4,M-0006-p04,3,2024-07-15T08:05:00-05:00,2024-07-15,101.0,Plant height ground truth-cm,G5
Marsden,M-0006,4,M-0006-p04,4,2024-07-18T08:30:00-05:00,2024-07-18,116.0,Plant height ground truth-cm,H5
Marsden,M-0006,4,M-0006-p04,5,2024-07-23T09:07:00-05:00,2024-07-23,142.0,Plant height ground truth-cm,I5
Marsden,M-0006,4,M-0006-p04,6,2024-07-28T08:30:00-05:00,2024-07-28,163.0,Plant height ground truth-cm,J5
Marsden,M-0006,5,M-0006-p05,1,2024-07-05T09:30:00-05:00,2024-07-05,70.0,Plant height ground truth-cm,D6
Marsden,M-0006,5,M-0006-p05,2,2024-07-10T13:12:00-05:00,2024-07-10,80.0,Plant height ground truth-cm,F6
Marsden,M-0006,5,M-0006-p05,3,2024-07-15T08:05:00-05:00,2024-07-15,105.0,Plant height ground truth-cm,G6
Marsden,M-0006,5,M-0006-p05,4,2024-07-18T08:30:00-05:00,2024-07-18,111.0,Plant height ground truth-cm,H6
Marsden,M-0006,5,M-0006-p05,5,2024-07-23T09:07:00-05:00,2024-07-23,133.0,Plant height ground truth-cm,I6
Marsden,M-0006,5,M-0006-p05,6,2024-07-28T08:30:00-05:00,2024-07-28,151.0,Plant height ground truth-cm,J6
Marsden,M-0006,6,M-0006-p06,1,2024-07-05T09:30:00-05:00,2024-07-05,75.0,Plant height ground truth-cm,D7
Marsden,M-0006,6,M-0006-p06,2,2024-07-10T13:12:00-05:00,2024-07-10,85.0,Plant height ground truth-cm,F7
Marsden,M-0006,6,M-0006-p06,3,2024-07-15T08:05:00-05:00,2024-07-15,100.0,Plant height ground truth-cm,G7
Marsden,M-0006,6,M-0006-p06,4,2024-07-18T08:30:00-05:00,2024-07-18,113.0,Plant height ground truth-cm,H7
Marsden,M-0006,6,M-0006-p06,5,2024-07-23T09:07:00-05:00,2024-07-23,130.0,Plant height ground truth-cm,I7
Marsden,M-0006,6,M-0006-p06,6,2024-07-28T08:30:00-05:00,2024-07-28,147.0,Plant height ground truth-cm,J7
Marsden,M-0006,7,M-0006-p07,1,2024-07-05T09:30:00-05:00,2024-07-05,65.0,Plant height ground truth-cm,D8
Marsden,M-0006,7,M-0006-p07,2,2024-07-10T13:12:00-05:00,2024-07-10,83.0,Plant height ground truth-cm,F8
Marsden,M-0006,7,M-0006-p07,3,2024-07-15T08:05:00-05:00,2024-07-15,110.0,Plant height ground truth-cm,G8
Marsden,M-0006,7,M-0006-p07,4,2024-07-18T08:30:00-05:00,2024-07-18,115.0,Plant height ground truth-cm,H8
Marsden,M-0006,7,M-0006-p07,5,2024-07-23T09:07:00-05:00,2024-07-23,139.0,Plant height ground truth-cm,I8
Marsden,M-0006,7,M-0006-p07,6,2024-07-28T08:30:00-05:00,2024-07-28,152.0,Plant height ground truth-cm,J8
Marsden,M-0006,8,M-0006-p08,1,2024-07-05T09:30:00-05:00,2024-07-05,80.0,Plant height ground truth-cm,D9
Marsden,M-0006,8,M-0006-p08,2,2024-07-10T13:12:00-05:00,2024-07-10,87.0,Plant height ground truth-cm,F9
Marsden,M-0006,8,M-0006-p08,3,2024-07-15T08:05:00-05:00,2024-07-15,115.0,Plant height ground truth-cm,G9
Marsden,M-0006,8,M-0006-p08,4,2024-07-18T08:30:00-05:00,2024-07-18,127.0,Plant height ground truth-cm,H9
Marsden,M-0006,8,M-0006-p08,5,2024-07-23T09:07:00-05:00,2024-07-23,149.0,Plant height ground truth-cm,I9
Marsden,M-0006,8,M-0006-p08,6,2024-07-28T08:30:00-05:00,2024-07-28,173.0,Plant height ground truth-cm,J9
Marsden,M-0006,9,M-0006-p09,1,2024-07-05T09:30:00-05:00,2024-07-05,75.0,Plant height ground truth-cm,D10
Marsden,M-0006,9,M-0006-p09,2,2024-07-10T13:12:00-05:00,2024-07-10,90.0,Plant height ground truth-cm,F10
Marsden,M-0006,9,M-0006-p09,3,2024-07-15T08:05:00-05:00,2024-07-15,115.0,Plant height ground truth-cm,G10
Marsden,M-0006,9,M-0006-p09,4,2024-07-18T08:30:00-05:00,2024-07-18,126.0,Plant height ground truth-cm,H10
Marsden,M-0006,9,M-0006-p09,5,2024-07-23T09:07:00-05:00,2024-07-23,148.0,Plant height ground truth-cm,I10
Marsden,M-0006,9,M-0006-p09,6,2024-07-28T08:30:00-05:00,2024-07-28,150.0,Plant height ground truth-cm,J10
Marsden,M-0006,10,M-0006-p10,1,2024-07-05T09:30:00-05:00,2024-07-05,57.0,Plant height ground truth-cm,D11
Marsden,M-0006,10,M-0006-p10,2,2024-07-10T13:12:00-05:00,2024-07-10,81.0,Plant height ground truth-cm,F11
Marsden,M-0006,10,M-0006-p10,3,2024-07-15T08:05:00-05:00,2024-07-15,98.0,Plant height ground truth-cm,G11
Marsden,M-0006,10,M-0006-p10,4,2024-07-18T08:30:00-05:00,2024-07-18,115.0,Plant height ground truth-cm,H11
Marsden,M-0006,10,M-0006-p10,5,2024-07-23T09:07:00-05:00,2024-07-23,140.0,Plant height ground truth-cm,I11
Marsden,M-0006,10,M-0006-p10,6,2024-07-28T08:30:00-05:00,2024-07-28,165.0,Plant height ground truth-cm,J11
Marsden,M-0006,11,M-0006-p11,1,2024-07-05T09:30:00-05:00,2024-07-05,25.0,Plant height ground truth-cm,D12
Marsden,M-0006,11,M-0006-p11,2,2024-07-10T13:12:00-05:00,2024-07-10,42.0,Plant height ground truth-cm,F12
Marsden,M-0006,11,M-0006-p11,3,2024-07-15T08:05:00-05:00,2024-07-15,55.0,Plant height ground truth-cm,G12
Marsden,M-0006,11,M-0006-p11,4,2024-07-18T08:30:00-05:00,2024-07-18,67.0,Plant height ground truth-cm,H12
Marsden,M-0006,11,M-0006-p11,5,2024-07-23T09:07:00-05:00,2024-07-23,98.0,Plant height ground truth-cm,I12
Marsden,M-0006,11,M-0006-p11,6,2024-07-28T08:30:00-05:00,2024-07-28,117.0,Plant height ground truth-cm,J12
Marsden,M-0013,1,M-0013-p01,1,2024-07-05T09:30:00-05:00,2024-07-05,53.0,Plant height ground truth-cm,D13
Marsden,M-0013,1,M-0013-p01,2,2024-07-10T13:12:00-05:00,2024-07-10,76.0,Plant height ground truth-cm,F13
Marsden,M-0013,1,M-0013-p01,3,2024-07-15T08:05:00-05:00,2024-07-15,102.0,Plant height ground truth-cm,G13
Marsden,M-0013,1,M-0013-p01,4,2024-07-18T08:30:00-05:00,2024-07-18,114.0,Plant height ground truth-cm,H13
Marsden,M-0013,1,M-0013-p01,5,2024-07-23T09:07:00-05:00,2024-07-23,122.0,Plant height ground truth-cm,I13
Marsden,M-0013,1,M-0013-p01,6,2024-07-28T08:30:00-05:00,2024-07-28,147.0,Plant height ground truth-cm,J13
Marsden,M-0013,2,M-0013-p02,1,2024-07-05T09:30:00-05:00,2024-07-05,47.0,Plant height ground truth-cm,D14
Marsden,M-0013,2,M-0013-p02,2,2024-07-10T13:12:00-05:00,2024-07-10,69.0,Plant height ground truth-cm,F14
Marsden,M-0013,2,M-0013-p02,3,2024-07-15T08:05:00-05:00,2024-07-15,92.0,Plant height ground truth-cm,G14
Marsden,M-0013,2,M-0013-p02,4,2024-07-18T08:30:00-05:00,2024-07-18,115.0,Plant height ground truth-cm,H14
Marsden,M-0013,2,M-0013-p02,5,2024-07-23T09:07:00-05:00,2024-07-23,123.0,Plant height ground truth-cm,I14
Marsden,M-0013,2,M-0013-p02,6,2024-07-28T08:30:00-05:00,2024-07-28,161.0,Plant height ground truth-cm,J14
Marsden,M-0013,3,M-0013-p03,1,2024-07-05T09:30:00-05:00,2024-07-05,63.0,Plant height ground truth-cm,D15
Marsden,M-0013,3,M-0013-p03,2,2024-07-10T13:12:00-05:00,2024-07-10,80.0,Plant height ground truth-cm,F15
Marsden,M-0013,3,M-0013-p03,3,2024-07-15T08:05:00-05:00,2024-07-15,100.0,Plant height ground truth-cm,G15
Marsden,M-0013,3,M-0013-p03,4,2024-07-18T08:30:00-05:00,2024-07-18,112.0,Plant height ground truth-cm,H15
Marsden,M-0013,3,M-0013-p03,5,2024-07-23T09:07:00-05:00,2024-07-23,135.0,Plant height ground truth-cm,I15
Marsden,M-0013,3,M-0013-p03,6,2024-07-28T08:30:00-05:00,2024-07-28,160.0,Plant height ground truth-cm,J15
Marsden,M-0013,4,M-0013-p04,1,2024-07-05T09:30:00-05:00,2024-07-05,63.0,Plant height ground truth-cm,D16
Marsden,M-0013,4,M-0013-p04,2,2024-07-10T13:12:00-05:00,2024-07-10,78.0,Plant height ground truth-cm,F16
Marsden,M-0013,4,M-0013-p04,3,2024-07-15T08:05:00-05:00,2024-07-15,90.0,Plant height ground truth-cm,G16
Marsden,M-0013,4,M-0013-p04,4,2024-07-18T08:30:00-05:00,2024-07-18,108.0,Plant height ground truth-cm,H16
Marsden,M-0013,4,M-0013-p04,5,2024-07-23T09:07:00-05:00,2024-07-23,128.0,Plant height ground truth-cm,I16
Marsden,M-0013,4,M-0013-p04,6,2024-07-28T08:30:00-05:00,2024-07-28,160.0,Plant height ground truth-cm,J16
Marsden,M-0013,5,M-0013-p05,1,2024-07-05T09:30:00-05:00,2024-07-05,55.0,Plant height ground truth-cm,D17
Marsden,M-0013,5,M-0013-p05,2,2024-07-10T13:12:00-05:00,2024-07-10,80.0,Plant height ground truth-cm,F17
Marsden,M-0013,5,M-0013-p05,3,2024-07-15T08:05:00-05:00,2024-07-15,94.0,Plant height ground truth-cm,G17
Marsden,M-0013,5,M-0013-p05,4,2024-07-18T08:30:00-05:00,2024-07-18,103.0,Plant height ground truth-cm,H17
Marsden,M-0013,5,M-0013-p05,5,2024-07-23T09:07:00-05:00,2024-07-23,135.0,Plant height ground truth-cm,I17
Marsden,M-0013,5,M-0013-p05,6,2024-07-28T08:30:00-05:00,2024-07-28,155.0,Plant height ground truth-cm,J17
Marsden,M-0013,6,M-0013-p06,1,2024-07-05T09:30:00-05:00,2024-07-05,56.0,Plant height ground truth-cm,D18
Marsden,M-0013,6,M-0013-p06,2,2024-07-10T13:12:00-05:00,2024-07-10,78.0,Plant height ground truth-cm,F18
Marsden,M-0013,6,M-0013-p06,3,2024-07-15T08:05:00-05:00,2024-07-15,95.0,Plant height ground truth-cm,G18
Marsden,M-0013,6,M-0013-p06,4,2024-07-18T08:30:00-05:00,2024-07-18,110.0,Plant height ground truth-cm,H18
Marsden,M-0013,6,M-0013-p06,5,2024-07-23T09:07:00-05:00,2024-07-23,130.0,Plant height ground truth-cm,I18
Marsden,M-0013,6,M-0013-p06,6,2024-07-28T08:30:00-05:00,2024-07-28,154.0,Plant height ground truth-cm,J18
Marsden,M-0013,7,M-0013-p07,1,2024-07-05T09:30:00-05:00,2024-07-05,67.0,Plant height ground truth-cm,D19
Marsden,M-0013,7,M-0013-p07,2,2024-07-10T13:12:00-05:00,2024-07-10,78.0,Plant height ground truth-cm,F19
Marsden,M-0013,7,M-0013-p07,3,2024-07-15T08:05:00-05:00,2024-07-15,100.0,Plant height ground truth-cm,G19
Marsden,M-0013,7,M-0013-p07,4,2024-07-18T08:30:00-05:00,2024-07-18,109.0,Plant height ground truth-cm,H19
Marsden,M-0013,7,M-0013-p07,5,2024-07-23T09:07:00-05:00,2024-07-23,135.0,Plant height ground truth-cm,I19
Marsden,M-0013,7,M-0013-p07,6,2024-07-28T08:30:00-05:00,2024-07-28,169.0,Plant height ground truth-cm,J19
Marsden,M-0013,8,M-0013-p08,1,2024-07-05T09:30:00-05:00,2024-07-05,70.0,Plant height ground truth-cm,D20
Marsden,M-0013,8,M-0013-p08,2,2024-07-10T13:12:00-05:00,2024-07-10,83.0,Plant height ground truth-cm,F20
Marsden,M-0013,8,M-0013-p08,3,2024-07-15T08:05:00-05:00,2024-07-15,97.0,Plant height ground truth-cm,G20
Marsden,M-0013,8,M-0013-p08,4,2024-07-18T08:30:00-05:00,2024-07-18,113.0,Plant height ground truth-cm,H20
Marsden,M-0013,8,M-0013-p08,5,2024-07-23T09:07:00-05:00,2024-07-23,128.0,Plant height ground truth-cm,I20
Marsden,M-0013,8,M-0013-p08,6,2024-07-28T08:30:00-05:00,2024-07-28,151.0,Plant height ground truth-cm,J20
Marsden,M-0013,9,M-0013-p09,1,2024-07-05T09:30:00-05:00,2024-07-05,57.0,Plant height ground truth-cm,D21
Marsden,M-0013,9,M-0013-p09,2,2024-07-10T13:12:00-05:00,2024-07-10,77.0,Plant height ground truth-cm,F21
Marsden,M-0013,9,M-0013-p09,3,2024-07-15T08:05:00-05:00,2024-07-15,97.0,Plant height ground truth-cm,G21
Marsden,M-0013,9,M-0013-p09,4,2024-07-18T08:30:00-05:00,2024-07-18,103.0,Plant height ground truth-cm,H21
Marsden,M-0013,9,M-0013-p09,5,2024-07-23T09:07:00-05:00,2024-07-23,122.0,Plant height ground truth-cm,I21
Marsden,M-0013,9,M-0013-p09,6,2024-07-28T08:30:00-05:00,2024-07-28,140.0,Plant height ground truth-cm,J21
Marsden,M-0013,10,M-0013-p10,1,2024-07-05T09:30:00-05:00,2024-07-05,50.0,Plant height ground truth-cm,D22
Marsden,M-0013,10,M-0013-p10,2,2024-07-10T13:12:00-05:00,2024-07-10,67.0,Plant height ground truth-cm,F22
Marsden,M-0013,10,M-0013-p10,3,2024-07-15T08:05:00-05:00,2024-07-15,87.0,Plant height ground truth-cm,G22
Marsden,M-0013,10,M-0013-p10,4,2024-07-18T08:30:00-05:00,2024-07-18,103.0,Plant height ground truth-cm,H22
Marsden,M-0013,10,M-0013-p10,5,2024-07-23T09:07:00-05:00,2024-07-23,130.0,Plant height ground truth-cm,I22
Marsden,M-0013,10,M-0013-p10,6,2024-07-28T08:30:00-05:00,2024-07-28,143.0,Plant height ground truth-cm,J22
Marsden,M-0013,11,M-0013-p11,1,2024-07-05T09:30:00-05:00,2024-07-05,55.0,Plant height ground truth-cm,D23
Marsden,M-0013,11,M-0013-p11,2,2024-07-10T13:12:00-05:00,2024-07-10,80.0,Plant height ground truth-cm,F23
Marsden,M-0013,11,M-0013-p11,3,2024-07-15T08:05:00-05:00,2024-07-15,101.0,Plant height ground truth-cm,G23
Marsden,M-0013,11,M-0013-p11,4,2024-07-18T08:30:00-05:00,2024-07-18,105.0,Plant height ground truth-cm,H23
Marsden,M-0013,11,M-0013-p11,5,2024-07-23T09:07:00-05:00,2024-07-23,125.0,Plant height ground truth-cm,I23
Marsden,M-0013,11,M-0013-p11,6,2024-07-28T08:30:00-05:00,2024-07-28,155.0,Plant height ground truth-cm,J23
Marsden,M-0013,12,M-0013-p12,1,2024-07-05T09:30:00-05:00,2024-07-05,52.0,Plant height ground truth-cm,D24
Marsden,M-0013,12,M-0013-p12,2,2024-07-10T13:12:00-05:00,2024-07-10,80.0,Plant height ground truth-cm,F24
Marsden,M-0013,12,M-0013-p12,3,2024-07-15T08:05:00-05:00,2024-07-15,98.0,Plant height ground truth-cm,G24
Marsden,M-0013,12,M-0013-p12,4,2024-07-18T08:30:00-05:00,2024-07-18,107.0,Plant height ground truth-cm,H24
Marsden,M-0013,12,M-0013-p12,5,2024-07-23T09:07:00-05:00,2024-07-23,120.0,Plant height ground truth-cm,I24
Marsden,M-0013,12,M-0013-p12,6,2024-07-28T08:30:00-05:00,2024-07-28,149.0,Plant height ground truth-cm,J24
Woodruff,W-0010,1,W-0010-p01,1,2024-07-06T18:27:00-05:00,2024-07-06,60.0,Plant height ground truth-cm,E37
Woodruff,W-0010,1,W-0010-p01,2,2024-07-15T09:22:00-05:00,2024-07-15,98.0,Plant height ground truth-cm,G37
Woodruff,W-0010,1,W-0010-p01,3,2024-07-18T13:47:00-05:00,2024-07-18,120.0,Plant height ground truth-cm,H37
Woodruff,W-0010,1,W-0010-p01,4,2024-07-23T10:45:00-05:00,2024-07-23,137.0,Plant height ground truth-cm,I37
Woodruff,W-0010,1,W-0010-p01,5,2024-07-28T11:50:00-05:00,2024-07-28,160.0,Plant height ground truth-cm,J37
Woodruff,W-0010,2,W-0010-p02,1,2024-07-06T18:27:00-05:00,2024-07-06,70.0,Plant height ground truth-cm,E38
Woodruff,W-0010,2,W-0010-p02,2,2024-07-15T09:22:00-05:00,2024-07-15,100.0,Plant height ground truth-cm,G38
Woodruff,W-0010,2,W-0010-p02,3,2024-07-18T13:47:00-05:00,2024-07-18,113.0,Plant height ground truth-cm,H38
Woodruff,W-0010,2,W-0010-p02,4,2024-07-23T10:45:00-05:00,2024-07-23,130.0,Plant height ground truth-cm,I38
Woodruff,W-0010,2,W-0010-p02,5,2024-07-28T11:50:00-05:00,2024-07-28,147.0,Plant height ground truth-cm,J38
Woodruff,W-0010,3,W-0010-p03,1,2024-07-06T18:27:00-05:00,2024-07-06,64.0,Plant height ground truth-cm,E39
Woodruff,W-0010,3,W-0010-p03,2,2024-07-15T09:22:00-05:00,2024-07-15,107.0,Plant height ground truth-cm,G39
Woodruff,W-0010,3,W-0010-p03,3,2024-07-18T13:47:00-05:00,2024-07-18,120.0,Plant height ground truth-cm,H39
Woodruff,W-0010,3,W-0010-p03,4,2024-07-23T10:45:00-05:00,2024-07-23,130.0,Plant height ground truth-cm,I39
Woodruff,W-0010,4,W-0010-p04,1,2024-07-06T18:27:00-05:00,2024-07-06,60.0,Plant height ground truth-cm,E40
Woodruff,W-0010,4,W-0010-p04,2,2024-07-15T09:22:00-05:00,2024-07-15,98.0,Plant height ground truth-cm,G40
Woodruff,W-0010,4,W-0010-p04,3,2024-07-18T13:47:00-05:00,2024-07-18,116.0,Plant height ground truth-cm,H40
Woodruff,W-0010,4,W-0010-p04,4,2024-07-23T10:45:00-05:00,2024-07-23,137.0,Plant height ground truth-cm,I40
Woodruff,W-0010,4,W-0010-p04,5,2024-07-28T11:50:00-05:00,2024-07-28,155.0,Plant height ground truth-cm,J40
Woodruff,W-0010,5,W-0010-p05,1,2024-07-06T18:27:00-05:00,2024-07-06,60.0,Plant height ground truth-cm,E41
Woodruff,W-0010,5,W-0010-p05,2,2024-07-15T09:22:00-05:00,2024-07-15,95.0,Plant height ground truth-cm,G41
Woodruff,W-0010,5,W-0010-p05,3,2024-07-18T13:47:00-05:00,2024-07-18,97.0,Plant height ground truth-cm,H41
Woodruff,W-0010,5,W-0010-p05,4,2024-07-23T10:45:00-05:00,2024-07-23,110.0,Plant height ground truth-cm,I41
Woodruff,W-0010,5,W-0010-p05,5,2024-07-28T11:50:00-05:00,2024-07-28,136.0,Plant height ground truth-cm,J41
Woodruff,W-0010,6,W-0010-p06,1,2024-07-06T18:27:00-05:00,2024-07-06,75.0,Plant height ground truth-cm,E42
Woodruff,W-0010,6,W-0010-p06,2,2024-07-15T09:22:00-05:00,2024-07-15,112.0,Plant height ground truth-cm,G42
Woodruff,W-0010,6,W-0010-p06,3,2024-07-18T13:47:00-05:00,2024-07-18,123.0,Plant height ground truth-cm,H42
Woodruff,W-0010,6,W-0010-p06,4,2024-07-23T10:45:00-05:00,2024-07-23,138.0,Plant height ground truth-cm,I42
Woodruff,W-0010,6,W-0010-p06,5,2024-07-28T11:50:00-05:00,2024-07-28,164.0,Plant height ground truth-cm,J42
Woodruff,W-0010,7,W-0010-p07,1,2024-07-06T18:27:00-05:00,2024-07-06,68.0,Plant height ground truth-cm,E43
Woodruff,W-0010,7,W-0010-p07,2,2024-07-15T09:22:00-05:00,2024-07-15,105.0,Plant height ground truth-cm,G43
Woodruff,W-0010,7,W-0010-p07,3,2024-07-18T13:47:00-05:00,2024-07-18,114.0,Plant height ground truth-cm,H43
Woodruff,W-0010,7,W-0010-p07,4,2024-07-23T10:45:00-05:00,2024-07-23,134.0,Plant height ground truth-cm,I43
Woodruff,W-0010,7,W-0010-p07,5,2024-07-28T11:50:00-05:00,2024-07-28,155.0,Plant height ground truth-cm,J43
Woodruff,W-0010,8,W-0010-p08,1,2024-07-06T18:27:00-05:00,2024-07-06,70.0,Plant height ground truth-cm,E44
Woodruff,W-0010,8,W-0010-p08,2,2024-07-15T09:22:00-05:00,2024-07-15,110.0,Plant height ground truth-cm,G44
Woodruff,W-0010,8,W-0010-p08,3,2024-07-18T13:47:00-05:00,2024-07-18,125.0,Plant height ground truth-cm,H44
Woodruff,W-0010,8,W-0010-p08,4,2024-07-23T10:45:00-05:00,2024-07-23,145.0,Plant height ground truth-cm,I44
Woodruff,W-0010,8,W-0010-p08,5,2024-07-28T11:50:00-05:00,2024-07-28,154.0,Plant height ground truth-cm,J44
Woodruff,W-0010,9,W-0010-p09,1,2024-07-06T18:27:00-05:00,2024-07-06,68.0,Plant height ground truth-cm,E45
Woodruff,W-0010,9,W-0010-p09,2,2024-07-15T09:22:00-05:00,2024-07-15,108.0,Plant height ground truth-cm,G45
Woodruff,W-0010,9,W-0010-p09,3,2024-07-18T13:47:00-05:00,2024-07-18,108.0,Plant height ground truth-cm,H45
Woodruff,W-0010,9,W-0010-p09,4,2024-07-23T10:45:00-05:00,2024-07-23,135.0,Plant height ground truth-cm,I45
Woodruff,W-0010,9,W-0010-p09,5,2024-07-28T11:50:00-05:00,2024-07-28,148.0,Plant height ground truth-cm,J45
Woodruff,W-0010,10,W-0010-p10,1,2024-07-06T18:27:00-05:00,2024-07-06,65.0,Plant height ground truth-cm,E46
Woodruff,W-0010,10,W-0010-p10,2,2024-07-15T09:22:00-05:00,2024-07-15,100.0,Plant height ground truth-cm,G46
Woodruff,W-0010,10,W-0010-p10,3,2024-07-18T13:47:00-05:00,2024-07-18,120.0,Plant height ground truth-cm,H46
Woodruff,W-0010,10,W-0010-p10,4,2024-07-23T10:45:00-05:00,2024-07-23,133.0,Plant height ground truth-cm,I46
Woodruff,W-0010,10,W-0010-p10,5,2024-07-28T11:50:00-05:00,2024-07-28,160.0,Plant height ground truth-cm,J46
Woodruff,W-0010,11,W-0010-p11,1,2024-07-06T18:27:00-05:00,2024-07-06,65.0,Plant height ground truth-cm,E47
Woodruff,W-0010,11,W-0010-p11,2,2024-07-15T09:22:00-05:00,2024-07-15,97.0,Plant height ground truth-cm,G47
Woodruff,W-0010,11,W-0010-p11,3,2024-07-18T13:47:00-05:00,2024-07-18,115.0,Plant height ground truth-cm,H47
Woodruff,W-0010,11,W-0010-p11,4,2024-07-23T10:45:00-05:00,2024-07-23,125.0,Plant height ground truth-cm,I47
Woodruff,W-0010,11,W-0010-p11,5,2024-07-28T11:50:00-05:00,2024-07-28,140.0,Plant height ground truth-cm,J47
Woodruff,W-0015,1,W-0015-p01,1,2024-07-06T18:27:00-05:00,2024-07-06,68.0,Plant height ground truth-cm,E26
Woodruff,W-0015,1,W-0015-p01,2,2024-07-15T09:22:00-05:00,2024-07-15,106.0,Plant height ground truth-cm,G26
Woodruff,W-0015,1,W-0015-p01,3,2024-07-18T13:47:00-05:00,2024-07-18,113.0,Plant height ground truth-cm,H26
Woodruff,W-0015,1,W-0015-p01,4,2024-07-23T10:45:00-05:00,2024-07-23,135.0,Plant height ground truth-cm,I26
Woodruff,W-0015,1,W-0015-p01,5,2024-07-28T11:50:00-05:00,2024-07-28,160.0,Plant height ground truth-cm,J26
Woodruff,W-0015,2,W-0015-p02,1,2024-07-06T18:27:00-05:00,2024-07-06,32.0,Plant height ground truth-cm,E27
Woodruff,W-0015,2,W-0015-p02,2,2024-07-15T09:22:00-05:00,2024-07-15,56.0,Plant height ground truth-cm,G27
Woodruff,W-0015,2,W-0015-p02,3,2024-07-18T13:47:00-05:00,2024-07-18,70.0,Plant height ground truth-cm,H27
Woodruff,W-0015,2,W-0015-p02,4,2024-07-23T10:45:00-05:00,2024-07-23,87.0,Plant height ground truth-cm,I27
Woodruff,W-0015,2,W-0015-p02,5,2024-07-28T11:50:00-05:00,2024-07-28,114.0,Plant height ground truth-cm,J27
Woodruff,W-0015,3,W-0015-p03,1,2024-07-06T18:27:00-05:00,2024-07-06,70.0,Plant height ground truth-cm,E28
Woodruff,W-0015,3,W-0015-p03,2,2024-07-15T09:22:00-05:00,2024-07-15,111.0,Plant height ground truth-cm,G28
Woodruff,W-0015,3,W-0015-p03,3,2024-07-18T13:47:00-05:00,2024-07-18,123.0,Plant height ground truth-cm,H28
Woodruff,W-0015,3,W-0015-p03,4,2024-07-23T10:45:00-05:00,2024-07-23,150.0,Plant height ground truth-cm,I28
Woodruff,W-0015,3,W-0015-p03,5,2024-07-28T11:50:00-05:00,2024-07-28,168.0,Plant height ground truth-cm,J28
Woodruff,W-0015,4,W-0015-p04,1,2024-07-06T18:27:00-05:00,2024-07-06,82.0,Plant height ground truth-cm,E29
Woodruff,W-0015,4,W-0015-p04,2,2024-07-15T09:22:00-05:00,2024-07-15,111.0,Plant height ground truth-cm,G29
Woodruff,W-0015,4,W-0015-p04,3,2024-07-18T13:47:00-05:00,2024-07-18,130.0,Plant height ground truth-cm,H29
Woodruff,W-0015,4,W-0015-p04,4,2024-07-23T10:45:00-05:00,2024-07-23,155.0,Plant height ground truth-cm,I29
Woodruff,W-0015,4,W-0015-p04,5,2024-07-28T11:50:00-05:00,2024-07-28,181.0,Plant height ground truth-cm,J29
Woodruff,W-0015,5,W-0015-p05,1,2024-07-06T18:27:00-05:00,2024-07-06,63.0,Plant height ground truth-cm,E30
Woodruff,W-0015,5,W-0015-p05,2,2024-07-15T09:22:00-05:00,2024-07-15,103.0,Plant height ground truth-cm,G30
Woodruff,W-0015,5,W-0015-p05,3,2024-07-18T13:47:00-05:00,2024-07-18,120.0,Plant height ground truth-cm,H30
Woodruff,W-0015,5,W-0015-p05,4,2024-07-23T10:45:00-05:00,2024-07-23,138.0,Plant height ground truth-cm,I30
Woodruff,W-0015,5,W-0015-p05,5,2024-07-28T11:50:00-05:00,2024-07-28,158.0,Plant height ground truth-cm,J30
Woodruff,W-0015,6,W-0015-p06,1,2024-07-06T18:27:00-05:00,2024-07-06,66.0,Plant height ground truth-cm,E31
Woodruff,W-0015,6,W-0015-p06,2,2024-07-15T09:22:00-05:00,2024-07-15,107.0,Plant height ground truth-cm,G31
Woodruff,W-0015,6,W-0015-p06,3,2024-07-18T13:47:00-05:00,2024-07-18,125.0,Plant height ground truth-cm,H31
Woodruff,W-0015,6,W-0015-p06,4,2024-07-23T10:45:00-05:00,2024-07-23,145.0,Plant height ground truth-cm,I31
Woodruff,W-0015,6,W-0015-p06,5,2024-07-28T11:50:00-05:00,2024-07-28,170.0,Plant height ground truth-cm,J31
Woodruff,W-0015,7,W-0015-p07,1,2024-07-06T18:27:00-05:00,2024-07-06,15.0,Plant height ground truth-cm,E32
Woodruff,W-0015,7,W-0015-p07,2,2024-07-15T09:22:00-05:00,2024-07-15,26.0,Plant height ground truth-cm,G32
Woodruff,W-0015,7,W-0015-p07,3,2024-07-18T13:47:00-05:00,2024-07-18,30.0,Plant height ground truth-cm,H32
Woodruff,W-0015,7,W-0015-p07,4,2024-07-23T10:45:00-05:00,2024-07-23,45.0,Plant height ground truth-cm,I32
Woodruff,W-0015,7,W-0015-p07,5,2024-07-28T11:50:00-05:00,2024-07-28,60.0,Plant height ground truth-cm,J32
Woodruff,W-0015,8,W-0015-p08,1,2024-07-06T18:27:00-05:00,2024-07-06,67.0,Plant height ground truth-cm,E33
Woodruff,W-0015,8,W-0015-p08,2,2024-07-15T09:22:00-05:00,2024-07-15,107.0,Plant height ground truth-cm,G33
Woodruff,W-0015,8,W-0015-p08,3,2024-07-18T13:47:00-05:00,2024-07-18,120.0,Plant height ground truth-cm,H33
Woodruff,W-0015,8,W-0015-p08,4,2024-07-23T10:45:00-05:00,2024-07-23,135.0,Plant height ground truth-cm,I33
Woodruff,W-0015,8,W-0015-p08,5,2024-07-28T11:50:00-05:00,2024-07-28,155.0,Plant height ground truth-cm,J33
Woodruff,W-0015,9,W-0015-p09,1,2024-07-06T18:27:00-05:00,2024-07-06,68.0,Plant height ground truth-cm,E34
Woodruff,W-0015,9,W-0015-p09,2,2024-07-15T09:22:00-05:00,2024-07-15,115.0,Plant height ground truth-cm,G34
Woodruff,W-0015,9,W-0015-p09,3,2024-07-18T13:47:00-05:00,2024-07-18,125.0,Plant height ground truth-cm,H34
Woodruff,W-0015,9,W-0015-p09,4,2024-07-23T10:45:00-05:00,2024-07-23,150.0,Plant height ground truth-cm,I34
Woodruff,W-0015,9,W-0015-p09,5,2024-07-28T11:50:00-05:00,2024-07-28,175.0,Plant height ground truth-cm,J34
Woodruff,W-0015,10,W-0015-p10,1,2024-07-06T18:27:00-05:00,2024-07-06,75.0,Plant height ground truth-cm,E35
Woodruff,W-0015,10,W-0015-p10,2,2024-07-15T09:22:00-05:00,2024-07-15,105.0,Plant height ground truth-cm,G35
Woodruff,W-0015,10,W-0015-p10,3,2024-07-18T13:47:00-05:00,2024-07-18,125.0,Plant height ground truth-cm,H35
Woodruff,W-0015,10,W-0015-p10,4,2024-07-23T10:45:00-05:00,2024-07-23,146.0,Plant height ground truth-cm,I35
Woodruff,W-0015,10,W-0015-p10,5,2024-07-28T11:50:00-05:00,2024-07-28,167.0,Plant height ground truth-cm,J35
Woodruff,W-0015,11,W-0015-p11,1,2024-07-06T18:27:00-05:00,2024-07-06,73.0,Plant height ground truth-cm,E36
Woodruff,W-0015,11,W-0015-p11,2,2024-07-15T09:22:00-05:00,2024-07-15,98.0,Plant height ground truth-cm,G36
Woodruff,W-0015,11,W-0015-p11,3,2024-07-18T13:47:00-05:00,2024-07-18,111.0,Plant height ground truth-cm,H36
Woodruff,W-0015,11,W-0015-p11,4,2024-07-23T10:45:00-05:00,2024-07-23,130.0,Plant height ground truth-cm,I36
Woodruff,W-0015,11,W-0015-p11,5,2024-07-28T11:50:00-05:00,2024-07-28,150.0,Plant height ground truth-cm,J36
