dataset_key,camera_genotype,pole_start_date,observation_date,capture_datetime,target_time,query_window,available_images_in_window,daily_images_count,file_size_bytes,sha256
2025-IA_Woodruff_UFMu,25-W571.UFMu-03509,2025-06-10,2025-06-10,2025-06-10 13:37:00,11:45,all_fallback,42,42,603774,6355f091229efa2e52ec21036a669b9822a375d37927f1d361c1cb20f3f7e9ac
2025-IA_Woodruff_UFMu,25-W571.UFMu-03509,2025-06-10,2025-06-11,2025-06-11 11:41:00,11:45,11:00-12:00,4,96,498416,e956a5799dba8ca62d8cbff17303d7bacdc4c10166a349eaa4858d2bac2cf68f
2025-IA_Woodruff_UFMu,25-W571.UFMu-03509,2025-06-10,2025-06-12,2025-06-12 11:45:00,11:45,11:00-12:00,5,56,562084,4d62624191575d6988db428b25e14b7dc10b8edf2dafd87f46d12e50599f9b4b
2025-IA_Woodruff_UFMu,25-W571.UFMu-03509,2025-06-10,2025-06-17,2025-06-17 11:49:00,11:45,11:00-12:00,4,42,601158,7108532eae69550170378300c567a583fd7136c4a6557700f674c5a27e30e889
2025-IA_Woodruff_UFMu,25-W571.UFMu-03509,2025-06-10,2025-06-18,2025-06-18 11:52:00,11:45,11:00-12:00,4,77,579105,06930b56ddd8f6fbb0397fe674a13d194f28486af06057b4235810b7b8a81972
2025-IA_Woodruff_UFMu,25-W571.UFMu-03509,2025-06-10,2025-06-19,2025-06-19 11:41:00,11:45,11:00-12:00,4,84,549079,6352f3b7c5a27b336011954d02f568f15e4eabe95837013c9fcb336023ee93ac
2025-IA_Woodruff_UFMu,25-W571.UFMu-03509,2025-06-10,2025-06-20,2025-06-20 11:45:00,11:45,11:00-12:00,4,62,602887,436483c4dba00233c26861e4739b282938b57fbcc54efe769c641cc2410f4645
2025-IA_Woodruff_UFMu,25-W571.UFMu-03509,2025-06-10,2025-06-21,2025-06-21 11:50:00,11:45,11:00-12:00,4,57,540479,fecd2863b348f0f030d9ae84d181218b36ae632cda740175287c9e31eab509f8
2025-IA_Woodruff_UFMu,25-W571.UFMu-03509,2025-06-10,2025-06-22,2025-06-22 11:39:00,11:45,11:00-12:00,4,58,567464,d0c73575d73515f001f702c822285698f715236f12f5718e119beb5a1907ae97
2025-IA_Woodruff_UFMu,25-W571.UFMu-03509,2025-06-10,2025-06-23,2025-06-23 11:43:00,11:45,11:00-12:00,4,61,555661,53c7f5a671daa0b9f4d32fb7a90a03a3bfe5004efaeb9630f063deb363fbc301
2025-IA_Woodruff_UFMu,25-W571.UFMu-03509,2025-06-10,2025-06-24,2025-06-24 11:48:00,11:45,11:00-12:00,4,86,620413,b9ff105808e8c9ed6107bd51b24373c6b245440a5dc37c1bbce009ad8a5f4099
2025-IA_Woodruff_UFMu,25-W571.UFMu-03509,2025-06-10,2025-06-25,2025-06-25 11:52:00,11:45,11:00-12:00,4,89,658287,de829d7da329473708cef5882d1de431ff9f57d88f7a27dd0db95bb2a5c83d28
2025-IA_Woodruff_UFMu,25-W571.UFMu-03509,2025-06-10,2025-06-26,2025-06-26 11:43:00,11:45,11:00-12:00,4,68,628212,652a5ee49bb467be9b26f38bdaf7ac9690ea1edda0aea5c3dcf1c243a017eba8
2025-IA_Woodruff_UFMu,25-W571.UFMu-03509,2025-06-10,2025-06-27,2025-06-27 11:47:00,11:45,11:00-12:00,4,72,527446,7dab4b136f881d59fb85c92430ce4fedf14ebfc11a0b6c271d513aa961964217
2025-IA_Woodruff_UFMu,25-W571.UFMu-03509,2025-06-10,2025-06-28,2025-06-28 11:50:00,11:45,11:00-12:00,4,82,556072,74b30b4ae64d4cc1bfbef3178309490064d7da1cefb685c13ea2911a10e752da
2025-IA_Woodruff_UFMu,25-W571.UFMu-03509,2025-06-10,2025-06-29,2025-06-29 11:40:00,11:45,11:00-12:00,4,60,634887,011eece4b1b807a7ed994cd61cea130a6ea85ca43da7f111fa573136489b579d
2025-IA_Woodruff_UFMu,25-W571.UFMu-03509,2025-06-10,2025-06-30,2025-06-30 11:45:00,11:45,11:00-12:00,3,63,611692,e983d7c94396e188588dfef0526b4d7212a75ba68daaf87b3247c1b11af34908
2025-IA_Woodruff_UFMu,25-W571.UFMu-03509,2025-06-10,2025-07-01,2025-07-01 11:42:00,11:45,11:00-12:00,4,61,578004,6ecbb543c1616fd657ddfcfce6c69f422e2c94cfe092a6d2d71d68d506c7edd3
2025-IA_Woodruff_UFMu,25-W571.UFMu-03509,2025-06-10,2025-07-02,2025-07-02 11:47:00,11:45,11:00-12:00,4,64,554286,f439ab88febe75d0917369761f84c1306fc82e6c7a72ee54f5d30f67d07c1210
2025-IA_Woodruff_UFMu,25-W571.UFMu-03509,2025-06-10,2025-07-03,2025-07-03 11:52:00,11:45,11:00-12:00,4,66,568421,ac8d65c933dab7e561e967c28a30f612b1e45b77df20bffb2f781174d65a7f0f
2025-IA_Woodruff_UFMu,25-W571.UFMu-03509,2025-06-10,2025-07-04,2025-07-04 11:39:00,11:45,11:00-12:00,4,64,585893,39554fc053ff47fd0df157d6291f744fe5ff9ac03f523ccde4c6ba8e6ff9de65
2025-IA_Woodruff_UFMu,25-W571.UFMu-03509,2025-06-10,2025-07-05,2025-07-05 11:40:00,11:45,11:00-12:00,4,65,583497,36e0b806147c948e0fd999ed37d819944dd933c20a1ebb6a4a8caf305b191a50
2025-IA_Woodruff_UFMu,25-W571.UFMu-03509,2025-06-10,2025-07-06,2025-07-06 11:45:00,11:45,11:00-12:00,5,68,576766,f3a135254820069863fbdb0125f3c4658148e05dd4663deb52f712f702b9efc4
2025-IA_Woodruff_UFMu,25-W571.UFMu-03509,2025-06-10,2025-07-07,2025-07-07 11:44:00,11:45,11:00-12:00,4,85,551596,f1f63bf745290327f80a4f6eb0962dd6352ea41792e5d8242f38d6d05003391e
2025-IA_Woodruff_UFMu,25-W571.UFMu-03509,2025-06-10,2025-07-08,2025-07-08 11:43:00,11:45,11:00-12:00,4,85,541036,60514be83cfd12b9e3088f1a2b842ad1bc9561b62dbfb518bf5638a4eb5a61e2
2025-IA_Woodruff_UFMu,25-W571.UFMu-03509,2025-06-10,2025-07-09,2025-07-09 11:43:00,11:45,11:00-12:00,4,85,585473,61fca12e1a27d491f4ec48a7c72d091566395900d9d95702c83a6a730b88eb59
2025-IA_Woodruff_UFMu,25-W571.UFMu-03509,2025-06-10,2025-07-10,2025-07-10 11:42:00,11:45,11:00-12:00,4,85,568285,baeaf3da4a3662fa2c23b53b5cdbe6b81f4c2f05c1393b76117132a2ece75d18
2025-IA_Woodruff_UFMu,25-W571.UFMu-03509,2025-06-10,2025-07-11,2025-07-11 11:41:00,11:45,11:00-12:00,4,85,590626,e2caf9e18527911dc3dc958687a2d5e49eaa0c0f47b0addfdbe17b56a4a59b1c
2025-IA_Woodruff_UFMu,25-W571.UFMu-03509,2025-06-10,2025-07-12,2025-07-12 11:42:00,11:45,11:00-12:00,4,85,565394,a6cc0d8a86a818bd94567721353c799760b3e2c27bb84e4d79fbc9a579b156a8
2025-IA_Woodruff_UFMu,25-W571.UFMu-03509,2025-06-10,2025-07-13,2025-07-13 11:39:00,11:45,11:00-12:00,4,85,536506,4bce38b8fcab26b50458c698f4c597ab789095bc88dcce971d57f443e1a0dc8e
2025-IA_Woodruff_UFMu,25-W571.UFMu-03509,2025-06-10,2025-07-14,2025-07-14 11:40:00,11:45,11:00-12:00,4,85,575212,34be7f04ef30bf558cc658b3754fc32827bb7d6006382d0ae9d8093edc749272
2025-IA_Woodruff_UFMu,25-W571.UFMu-03509,2025-06-10,2025-07-15,2025-07-15 11:40:00,11:45,11:00-12:00,4,85,582521,025727060c70a32674ae31dc9342f62aaa83fdd6964aa1a57e875483c325ee69
2025-IA_Woodruff_UFMu,25-W571.UFMu-03509,2025-06-10,2025-07-16,2025-07-16 11:39:00,11:45,11:00-12:00,4,85,592506,1774c2cb28cf7fa4be1cfc2a1fadb50d0a778a4381bcd17f69ce59253316a964
2025-IA_Woodruff_UFMu,25-W571.UFMu-03509,2025-06-10,2025-07-17,2025-07-17 11:37:00,11:45,11:00-12:00,4,85,590572,2707c604c0ec0dadb853d32450680384a08844524a0de1bbc0c26c87d1b7182a
2025-IA_Woodruff_UFMu,25-W571.UFMu-03509,2025-06-10,2025-07-18,2025-07-18 11:38:00,11:45,11:00-12:00,4,86,630919,843c104753ef519a74faf49733665d59e39b3d4d7a01cd6755012c89b5547f48
2025-IA_Woodruff_UFMu,25-W571.UFMu-03509,2025-06-10,2025-07-19,2025-07-19 11:38:00,11:45,11:00-12:00,4,85,568982,b7dc53a53141a906934ae4647ed71f93557e9b3e42b05655e34a256c645728b4
2025-IA_Woodruff_UFMu,25-W571.UFMu-03509,2025-06-10,2025-07-20,2025-07-20 11:51:00,11:45,11:00-12:00,4,72,581339,adcd00f7426f829ddf0af14dce4e75841dc430016394c4377b7d71c8084ec3f0
2025-IA_Woodruff_UFMu,25-W571.UFMu-03509,2025-06-10,2025-07-21,2025-07-21 11:43:00,11:45,11:00-12:00,4,66,585339,ef0a68bd37e5aff0db86c0362fbba9673eff74334e0c670fd860c76098c86091
2025-IA_Woodruff_UFMu,25-W571.UFMu-03509,2025-06-10,2025-07-22,2025-07-22 11:46:00,11:45,11:00-12:00,4,65,577732,b00ef8298aecc2c8a44686439046e2e6280ca797f5859232d69a1ba16fd55ac3
2025-IA_Woodruff_UFMu,25-W571.UFMu-03509,2025-06-10,2025-07-23,2025-07-23 11:47:00,11:45,11:00-12:00,4,64,591397,095e5df8aad1662e65d92c6b3954c5df718cb73df3364471370ca1440923b6d6
2025-IA_Woodruff_UFMu,25-W571.UFMu-03509,2025-06-10,2025-07-24,2025-07-24 11:50:00,11:45,11:00-12:00,4,57,624216,f340f1bf380e76f3a4f1c7f4baf3b316af222a8dbe180dae10ee1f57e6a70f2b
2025-IA_Woodruff_UFMu,25-W571.UFMu-03509,2025-06-10,2025-07-25,2025-07-25 11:42:00,11:45,11:00-12:00,4,65,642641,99ed29fabebda71ea741a9605570ed0a237db0ddd384bf88e9a253761c8fdbbb
2025-IA_Woodruff_UFMu,25-W571.UFMu-03509,2025-06-10,2025-07-26,2025-07-26 11:42:00,11:45,11:00-12:00,4,59,656934,5e20551bb5ebc05725eafc381097ef160dfd530e79bc4c04ba359f1ec1f46da3
2025-IA_Woodruff_UFMu,25-W571.UFMu-03509,2025-06-10,2025-07-27,2025-07-27 11:38:00,11:45,11:00-12:00,4,61,615312,2a14f8073398981ee6ffd4f2097f5724a8b0376fdfa5b95de629c37debddbdd7
2025-IA_Woodruff_UFMu,25-W571.UFMu-03509,2025-06-10,2025-07-28,2025-07-28 11:43:00,11:45,11:00-12:00,4,68,578133,d81813b391609e5bb8c1b7a1e2a4bfcde3ae3347007d0097cbdcbfd321254f08
2025-IA_Woodruff_UFMu,25-W571.UFMu-03509,2025-06-10,2025-07-29,2025-07-29 11:50:00,11:45,11:00-12:00,4,72,609549,eeff7483fe0f3c13fd814c7955b09942be4465cd775491d625d3631fda698319
2025-IA_Woodruff_UFMu,25-W571.UFMu-03509,2025-06-10,2025-07-30,2025-07-30 11:40:00,11:45,11:00-12:00,4,90,557986,c3cff7665a50ba33510a73e2e1a3c0ead1a1d623c57463ec488eed369214c772
2025-IA_Woodruff_UFMu,25-W571.UFMu-03509,2025-06-10,2025-07-31,2025-07-31 11:44:00,11:45,11:00-12:00,5,68,556692,15a5238e2d5ca327860eb4d3f8c795d9d4737815104f030a8e2d86501893044d
2025-IA_Woodruff_UFMu,25-W571.UFMu-03509,2025-06-10,2025-08-01,2025-08-01 11:49:00,11:45,11:00-12:00,4,67,564041,7a58d6d483199d038d3de4100409f2f7ef2996f100d2346d9e90d144816654d7
2025-IA_Woodruff_UFMu,25-W571.UFMu-03509,2025-06-10,2025-08-02,2025-08-02 11:39:00,11:45,11:00-12:00,4,61,552284,470e1d3aa768cc303c5c62c65166570bed914a2ac1c5942ccb9ac549cfba2380
2025-IA_Woodruff_UFMu,25-W571.UFMu-03509,2025-06-10,2025-08-03,2025-08-03 11:44:00,11:45,11:00-12:00,4,64,601742,55d5d814c1cd8e31d2c4e3bfb2753fa5d11748342d4f4725ccca113499b70090
2025-IA_Woodruff_UFMu,25-W571.UFMu-03509,2025-06-10,2025-08-04,2025-08-04 11:47:00,11:45,11:00-12:00,4,63,585889,32d1c5cd237181611a35f287783ad0d5d5640ffb644f19421794ac337cecb37a
2025-IA_Woodruff_UFMu,25-W571.UFMu-03509,2025-06-10,2025-08-05,2025-08-05 11:38:00,11:45,11:00-12:00,4,65,621012,23cd89a39f99f844f8352b7e0575af5e2f9125489d0acf41248d2a5b40d057df
2025-IA_Woodruff_UFMu,25-W571.UFMu-03509,2025-06-10,2025-08-06,2025-08-06 11:43:00,11:45,11:00-12:00,4,68,581342,c8b253aa125d3cddbcbfeb14de37a4848a946037877797ebff00c5aa2ff30a5d
2025-IA_Woodruff_UFMu,25-W571.UFMu-03509,2025-06-10,2025-08-07,2025-08-07 11:48:00,11:45,11:00-12:00,4,61,672297,9de63888ca74fa36ce8d838560a811d6793b79a11e3276717bab71996a26bdd5
2025-IA_Woodruff_UFMu,25-W571.UFMu-03509,2025-06-10,2025-08-08,2025-08-08 11:38:00,11:45,11:00-12:00,4,58,573008,cc2de6f115f59387bfc6f476c62cf840870eb54d3d4744fda84618c412fcc035
2025-IA_Woodruff_UFMu,25-W571.UFMu-03509,2025-06-10,2025-08-09,2025-08-09 07:43:00,11:45,all_fallback,7,7,551139,7491f4a97a82fea370481a5f1d2b4b2adb98f3de35b4f01e2e8d41138068ccad
2025-IA_Bruner_UFMu,25-BR546.UFMu-00589,2025-06-16,2025-06-16,2025-06-16 11:47:00,11:45,11:00-12:00,4,58,593543,708c39ae64ef146300b6ac85cf5d45df5f18556c55182f6fe33ea82b1e7372f5
2025-IA_Bruner_UFMu,25-BR546.UFMu-00589,2025-06-16,2025-06-17,2025-06-17 11:51:00,11:45,11:00-12:00,4,96,596709,e5986f3d75e70237b3af1a96fbfc28b7f9a7d6aff57a307bd7df3a6787d88ce7
2025-IA_Bruner_UFMu,25-BR546.UFMu-00589,2025-06-16,2025-06-18,2025-06-18 11:41:00,11:45,11:00-12:00,4,96,587108,3299ede7b64b69fbb35a4459fc6d9a35534ede013033b69113de23a20b201f72
2025-IA_Bruner_UFMu,25-BR546.UFMu-00589,2025-06-16,2025-06-19,2025-06-19 11:46:00,11:45,11:00-12:00,4,95,562779,f753d19ccc6e35fc0efddb6b429454be9c3f75f9e47b048b93ea8111fe44af24
2025-IA_Bruner_UFMu,25-BR546.UFMu-00589,2025-06-16,2025-06-20,2025-06-20 11:49:00,11:45,11:00-12:00,4,93,615982,e7f377449b5f21594ab7b1386234a00d5d89404d12c13c77d37c12da2ba32447
2025-IA_Bruner_UFMu,25-BR546.UFMu-00589,2025-06-16,2025-06-21,2025-06-21 11:38:00,11:45,11:00-12:00,4,96,565116,d90466447b86c2c34cfa7a1156ed20fecb051fc22bfea27c67c40f513532560b
2025-IA_Bruner_UFMu,25-BR546.UFMu-00589,2025-06-16,2025-06-22,2025-06-22 11:42:00,11:45,11:00-12:00,4,79,578796,1d9197e14801dd71e2d893e83543e7e8e74e3a027f5de6aaff069c8f6734a0a4
2025-IA_Bruner_UFMu,25-BR546.UFMu-00589,2025-06-16,2025-06-27,2025-06-27 11:44:00,11:45,11:00-12:00,4,42,577128,e1c7b8e1522b7f84913dc95d1fb8fe0f3144035ffedb653b9a89b812dcf21675
2025-IA_Bruner_UFMu,25-BR546.UFMu-00589,2025-06-16,2025-07-02,2025-07-02 11:44:00,11:45,11:00-12:00,3,14,567053,3cbdff027f065197483e862be023de77144fa730de484b6a8711fe77af37038c
2025-IA_Bruner_UFMu,25-BR546.UFMu-00589,2025-06-16,2025-07-04,2025-07-04 11:38:00,11:45,11:00-12:00,3,51,557838,75f6b8787484e991137159574b468a593f19546057cac1969ebd54d9451a2470
2025-IA_Bruner_UFMu,25-BR546.UFMu-00589,2025-06-16,2025-07-05,2025-07-05 11:52:00,11:45,11:00-12:00,4,95,596616,a3a08c2bdd88721f5278381d29e031f31cecb386801cc4b5d54aab3fbe2e7623
2025-IA_Bruner_UFMu,25-BR546.UFMu-00589,2025-06-16,2025-07-06,2025-07-06 11:41:00,11:45,11:00-12:00,4,96,542152,3e95f40a42dda5cff11b5aa1315db71dda08459802aecf3550b9733eaa16bc0b
2025-IA_Bruner_UFMu,25-BR546.UFMu-00589,2025-06-16,2025-07-07,2025-07-07 11:42:00,11:45,11:00-12:00,4,95,541540,58af6029ceb3b6518605c0c82a776f96757c3fac571951d2566a1a868d6dfd1b
2025-IA_Bruner_UFMu,25-BR546.UFMu-00589,2025-06-16,2025-07-08,2025-07-08 11:45:00,11:45,11:00-12:00,4,96,617615,0c6c721d310b8c4cf01d7e01b3b9e27b26948b33a5e57f4180210e3f10dac896
2025-IA_Bruner_UFMu,25-BR546.UFMu-00589,2025-06-16,2025-07-09,2025-07-09 11:50:00,11:45,11:00-12:00,4,96,543891,4261ac0d0524013f7dde032310a139c24d2d583f43dfe598f752f0c9c3c47f01
2025-IA_Bruner_UFMu,25-BR546.UFMu-00589,2025-06-16,2025-07-10,2025-07-10 11:38:00,11:45,11:00-12:00,4,95,544985,e90ec1dcda1dd5b5c65eed6193fcb7a0e2a2dfa3e5e89585d1d2e618759319e8
2025-IA_Bruner_UFMu,25-BR546.UFMu-00589,2025-06-16,2025-07-11,2025-07-11 11:43:00,11:45,11:00-12:00,4,93,553581,4fb6ba9d90b7bf022baf56abfe1c809e496b1fe144766d914fb2e507f1ccec4a
2025-IA_Bruner_UFMu,25-BR546.UFMu-00589,2025-06-16,2025-07-12,2025-07-12 11:48:00,11:45,11:00-12:00,4,94,592010,9e8e4969c8dbed39f292a753b5740063a21fa959e6865dd86cf9d7f8cf6580d0
2025-IA_Bruner_UFMu,25-BR546.UFMu-00589,2025-06-16,2025-07-13,2025-07-13 11:43:00,11:45,11:00-12:00,4,94,638159,c0c0aa19713a8b3f74dacfdd2c539cde5cc843030f0796a87162805178d00757
2025-IA_Bruner_UFMu,25-BR546.UFMu-00589,2025-06-16,2025-07-14,2025-07-14 11:48:00,11:45,11:00-12:00,4,94,539283,c250ae2f5c598f874e5affa268a01827bab6a616f2b326069d708a94bc09fb7b
2025-IA_Bruner_UFMu,25-BR546.UFMu-00589,2025-06-16,2025-07-15,2025-07-15 12:06:00,11:45,all_fallback,77,77,559221,95bfb1ebfbdf4f5b2fb7b2e2c6b9213289f8cff2d9c3f29795ba189fb29c4ebf
2025-IA_Bruner_UFMu,25-BR546.UFMu-00589,2025-06-16,2025-07-16,2025-07-16 11:43:00,11:45,11:00-12:00,3,71,567547,51e8a9304bce532fff1eccb1bf1843f429cffe8fb3894d6d7e295b5292da2449
2025-IA_Bruner_UFMu,25-BR546.UFMu-00589,2025-06-16,2025-07-17,2025-07-17 11:46:00,11:45,11:00-12:00,4,87,682955,2713f71fc56c5a0708b021f8dd6a4a9f2bb116d296876f12a55120ebd3ec81cf
2025-IA_Bruner_UFMu,25-BR546.UFMu-00589,2025-06-16,2025-07-18,2025-07-18 11:50:00,11:45,11:00-12:00,4,95,551758,816eb11f7e58d4836f29a41511b4fa0502ca9319f638575bbecd9a196c9b88f8
2025-IA_Bruner_UFMu,25-BR546.UFMu-00589,2025-06-16,2025-07-19,2025-07-19 11:39:00,11:45,11:00-12:00,4,96,663244,6d89a6618fb632331f8f87feb874ea07c316bd8706a245f596aa2de01d713ba4
2025-IA_Bruner_UFMu,25-BR546.UFMu-00589,2025-06-16,2025-07-20,2025-07-20 11:43:00,11:45,11:00-12:00,4,96,550358,28525fa3620e1624ab7145f650bb41688d559941f54f5d5f1539bf0143e1c639
2025-IA_Bruner_UFMu,25-BR546.UFMu-00589,2025-06-16,2025-07-21,2025-07-21 11:46:00,11:45,11:00-12:00,4,93,531567,c8c65dd227c4b5a2a81fa84b4f23464eb6f2ce024530d368d4d1be6752e08ca1
2025-IA_Bruner_UFMu,25-BR546.UFMu-00589,2025-06-16,2025-07-22,2025-07-22 11:51:00,11:45,11:00-12:00,4,95,638877,0e4fb1125000bd57ba50877d92e5cacea7ad111a7310dd875ccc08bc8ed58b09
2025-IA_Bruner_UFMu,25-BR546.UFMu-00589,2025-06-16,2025-07-23,2025-07-23 11:50:00,11:45,11:00-12:00,4,95,570439,90c532056488182326558c53b24f98f0ea21b43fa14faed958b95c7cf048b200
2025-IA_Bruner_UFMu,25-BR546.UFMu-00589,2025-06-16,2025-07-24,2025-07-24 11:40:00,11:45,11:00-12:00,4,96,603276,7c7d9d4d88526e0d7782c6c1d6d59f179cc543132ad006a09b4218fb4a41496a
2025-IA_Bruner_UFMu,25-BR546.UFMu-00589,2025-06-16,2025-07-25,2025-07-25 11:50:00,11:45,11:00-12:00,4,96,609854,4e8e06854a17ac5537639695c629d40db986a10ccd527027865f8c4eaabf148b
2025-IA_Bruner_UFMu,25-BR546.UFMu-00589,2025-06-16,2025-07-26,2025-07-26 11:49:00,11:45,11:00-12:00,4,95,593736,6500f2393f41d370dac79e57a31b9a4f77e29d36e27d1a7c3dd7acc0aefe4a66
2025-IA_Bruner_UFMu,25-BR546.UFMu-00589,2025-06-16,2025-07-27,2025-07-27 11:39:00,11:45,11:00-12:00,3,93,610290,9fd13a08cf58d17afb7bf80cce7443edfeff72500ccea8b8301c2f7de3ac30ad
2025-IA_Bruner_UFMu,25-BR546.UFMu-00589,2025-06-16,2025-07-28,2025-07-28 11:50:00,11:45,11:00-12:00,4,94,573749,fec500294981aeedce261a7ef75e32e9e70505d217c66a73f33c87824a754361
2025-IA_Bruner_UFMu,25-BR546.UFMu-00589,2025-06-16,2025-07-29,2025-07-29 06:06:00,11:45,all_fallback,25,25,512004,962dd50c31ef057ac4d0a2b41a3d8dc10a047d63274214129fd43547395bd86b
2025-IA_Woodruff_UFMu,25-W577.W22_R1-r_x_UFMu-10960,2025-06-10,2025-06-10,2025-06-10 13:41:00,11:45,all_fallback,42,42,557995,f8019a5c8f5f9135691bac25573e15d3dea4448758546dfac7c51b765cbf6a8a
2025-IA_Woodruff_UFMu,25-W577.W22_R1-r_x_UFMu-10960,2025-06-10,2025-06-11,2025-06-11 11:43:00,11:45,11:00-12:00,4,95,572405,011f4af588beac5750b95161bfb0a03a0106ab497d6101ab516e08ff0dff528a
2025-IA_Woodruff_UFMu,25-W577.W22_R1-r_x_UFMu-10960,2025-06-10,2025-06-12,2025-06-12 11:48:00,11:45,11:00-12:00,4,57,666157,2414b32d8478c6eb345b21b10df7f8fa5b3f8be504b9643b3d9115345e7f15a2
2025-IA_Woodruff_UFMu,25-W577.W22_R1-r_x_UFMu-10960,2025-06-10,2025-06-17,2025-06-17 11:51:00,11:45,11:00-12:00,4,42,662427,2342bc6951565e793443fb728e65a68f065d25a4340aa88ebcca131d69ed4755
2025-IA_Woodruff_UFMu,25-W577.W22_R1-r_x_UFMu-10960,2025-06-10,2025-06-18,2025-06-18 11:41:00,11:45,11:00-12:00,4,77,635547,0f4cca40c80bfce8270ad62acc4527bb808d21fc6dc7f949f78a40f9b8853a9d
2025-IA_Woodruff_UFMu,25-W577.W22_R1-r_x_UFMu-10960,2025-06-10,2025-06-19,2025-06-19 11:45:00,11:45,11:00-12:00,4,85,588613,95096366914bde15ce9984619e358d5fa0773358275e2f4ce5bfe3ef4cfe37f1
2025-IA_Woodruff_UFMu,25-W577.W22_R1-r_x_UFMu-10960,2025-06-10,2025-06-20,2025-06-20 11:45:00,11:45,11:00-12:00,4,64,554241,014808f169f67b258e48cfc034a9b239ccb4f07597ac1d48c58b0dc2d67a4abd
2025-IA_Woodruff_UFMu,25-W577.W22_R1-r_x_UFMu-10960,2025-06-10,2025-06-21,2025-06-21 11:48:00,11:45,11:00-12:00,4,66,643058,f9f64946a6e0e8dfbdf98a8350c78bce74762590cee3ff62c80699f4ceb32472
2025-IA_Woodruff_UFMu,25-W577.W22_R1-r_x_UFMu-10960,2025-06-10,2025-06-22,2025-06-22 11:44:00,11:45,11:00-12:00,4,68,593052,b08948ce41e933c35aa0b5099d1ea92209a7d77b1b92b21db61509844efec6c2
2025-IA_Woodruff_UFMu,25-W577.W22_R1-r_x_UFMu-10960,2025-06-10,2025-06-23,2025-06-23 11:48:00,11:45,11:00-12:00,4,57,567063,528e2a5ce73d1559606834dfbbf47baaa8f0c2be47c7d44cc192eff763d7e7f1
2025-IA_Woodruff_UFMu,25-W577.W22_R1-r_x_UFMu-10960,2025-06-10,2025-06-24,2025-06-24 11:51:00,11:45,11:00-12:00,4,86,546987,1922c7f1cfe0c17fdf8d889cace02fc8b1ba09a9afeed794715875ea604b7d84
2025-IA_Woodruff_UFMu,25-W577.W22_R1-r_x_UFMu-10960,2025-06-10,2025-06-25,2025-06-25 11:40:00,11:45,11:00-12:00,4,85,559764,8f5fa8aca20fdd483f595fb53278b1c7e9a381b383527f9a212aa16d86492705
2025-IA_Woodruff_UFMu,25-W577.W22_R1-r_x_UFMu-10960,2025-06-10,2025-06-26,2025-06-26 11:45:00,11:45,11:00-12:00,4,64,584149,d9e699d42e2e3bf4d8e4f3024bc07b2ec2b328d98b4bfdee5ef850cb25e43ef0
2025-IA_Woodruff_UFMu,25-W577.W22_R1-r_x_UFMu-10960,2025-06-10,2025-06-27,2025-06-27 11:49:00,11:45,11:00-12:00,4,72,562165,0d50b5257cd3ed37556ce9975342e222628adcc1ec36f086f965f6437c5686b1
2025-IA_Woodruff_UFMu,25-W577.W22_R1-r_x_UFMu-10960,2025-06-10,2025-06-28,2025-06-28 11:38:00,11:45,11:00-12:00,4,92,582560,120cc4f3970f47fa84654cfd370f29caaace290f5eb5ac923ed49bf4a6728c60
2025-IA_Woodruff_UFMu,25-W577.W22_R1-r_x_UFMu-10960,2025-06-10,2025-06-29,2025-06-29 11:43:00,11:45,11:00-12:00,4,56,626177,6cc104803fe71d2d3e202ea5d67c901ba2d1b501c88ea46d537077f0c164b02a
2025-IA_Woodruff_UFMu,25-W577.W22_R1-r_x_UFMu-10960,2025-06-10,2025-06-30,2025-06-30 11:46:00,11:45,11:00-12:00,4,59,642650,4dcc08556caaf3f04688dc531e1274dc94deb486905b1c0849d41e83ac2b5e23
2025-IA_Woodruff_UFMu,25-W577.W22_R1-r_x_UFMu-10960,2025-06-10,2025-07-01,2025-07-01 11:46:00,11:45,11:00-12:00,2,61,597325,5461313d11a9fdb42924e727b67c3cef08df19a780f8fd37d904397d681368b7
2025-IA_Woodruff_UFMu,25-W577.W22_R1-r_x_UFMu-10960,2025-06-10,2025-07-02,2025-07-02 11:51:00,11:45,11:00-12:00,4,66,568723,25375d342f16b7efef13bf40ba7c001ab52f839a5b72b3a7095ed48b0a823560
2025-IA_Woodruff_UFMu,25-W577.W22_R1-r_x_UFMu-10960,2025-06-10,2025-07-03,2025-07-03 11:39:00,11:45,11:00-12:00,4,73,589283,a33f2e15ac34448c7aa6bceecdf05597e7e02dff3dc83685230d723ede5ff421
2025-IA_Woodruff_UFMu,25-W577.W22_R1-r_x_UFMu-10960,2025-06-10,2025-07-04,2025-07-04 11:40:00,11:45,11:00-12:00,4,65,597023,18e7b3ca5d43f1e79fe6d2d8aba798374172bb308f29dcb6dfdba2abffb93ec2
2025-IA_Woodruff_UFMu,25-W577.W22_R1-r_x_UFMu-10960,2025-06-10,2025-07-05,2025-07-05 11:42:00,11:45,11:00-12:00,4,66,605294,17957b23c22ffe6ecff86fe7f1586577971acff9be4114729eedec26e415b0df
2025-IA_Woodruff_UFMu,25-W577.W22_R1-r_x_UFMu-10960,2025-06-10,2025-07-06,2025-07-06 11:47:00,11:45,11:00-12:00,4,73,593765,df2c427a1a794325c74bd5671cb53bedad540dcab7531b49069d8c364e038ad6
2025-IA_Woodruff_UFMu,25-W577.W22_R1-r_x_UFMu-10960,2025-06-10,2025-07-07,2025-07-07 11:45:00,11:45,11:00-12:00,4,85,573503,111083b700f208a9b61273d2aa0e1bdd2f1353f33eb421c0d36893fb56dd0163
2025-IA_Woodruff_UFMu,25-W577.W22_R1-r_x_UFMu-10960,2025-06-10,2025-07-08,2025-07-08 11:43:00,11:45,11:00-12:00,4,85,664456,ec218cb29ad13942cf17470d186a3a34161894ca142e8d511321f6656f6172bd
2025-IA_Woodruff_UFMu,25-W577.W22_R1-r_x_UFMu-10960,2025-06-10,2025-07-09,2025-07-09 11:41:00,11:45,11:00-12:00,4,85,602965,31828d8263eec9f319c605970e0588b865405a3f199ab13314236ac94946ca9d
2025-IA_Woodruff_UFMu,25-W577.W22_R1-r_x_UFMu-10960,2025-06-10,2025-07-10,2025-07-10 11:39:00,11:45,11:00-12:00,4,85,612319,23cd1468304583e41200cea3142b8b35ce6f18db61a56bea99b5eca190bca105
2025-IA_Woodruff_UFMu,25-W577.W22_R1-r_x_UFMu-10960,2025-06-10,2025-07-11,2025-07-11 11:38:00,11:45,11:00-12:00,4,85,603433,22a4754d4b727b878c964f04b1d5dc85f8ce0d3f1e3db59fa94419ef71c87598
2025-IA_Woodruff_UFMu,25-W577.W22_R1-r_x_UFMu-10960,2025-06-10,2025-07-12,2025-07-12 11:50:00,11:45,11:00-12:00,4,86,583005,9a4f177a8f2f0d52c5c1081241832c7d373e2f11531aa2c1cd4a0e9564ee692f
2025-IA_Woodruff_UFMu,25-W577.W22_R1-r_x_UFMu-10960,2025-06-10,2025-07-13,2025-07-13 11:50:00,11:45,11:00-12:00,4,85,559980,f7b8524b7eca9bdeccc1e501a28ec55b2e3de35f5953f4c00aa7dd4e57d83b3e
2025-IA_Woodruff_UFMu,25-W577.W22_R1-r_x_UFMu-10960,2025-06-10,2025-07-14,2025-07-14 11:47:00,11:45,11:00-12:00,4,86,588628,84b23e15dc578d6d06dcb1e22963363aa0a208fe6de7960892ff246c7467a23a
2025-IA_Woodruff_UFMu,25-W577.W22_R1-r_x_UFMu-10960,2025-06-10,2025-07-15,2025-07-15 11:47:00,11:45,11:00-12:00,4,85,590872,916f2dd7ff7af54289c0b4b5960f1743642ddd2c431e67f1b19911d9f3298b91
2025-IA_Woodruff_UFMu,25-W577.W22_R1-r_x_UFMu-10960,2025-06-10,2025-07-16,2025-07-16 11:45:00,11:45,11:00-12:00,3,85,618122,3d89d6e9687d439d86993756b07ada4feb8fa56982d6773208955514d0ae507f
2025-IA_Woodruff_UFMu,25-W577.W22_R1-r_x_UFMu-10960,2025-06-10,2025-07-17,2025-07-17 11:44:00,11:45,11:00-12:00,4,85,574059,6071ecbd04bb2b2b0f267a6cd967faf4d8b91f0239a729ea58aa6cdac8ef2f94
2025-IA_Woodruff_UFMu,25-W577.W22_R1-r_x_UFMu-10960,2025-06-10,2025-07-18,2025-07-18 11:42:00,11:45,11:00-12:00,4,85,603471,c3fc17a69dd4f19f129df981fc4bf24d362a0123ce29886913df1bffc26a972e
2025-IA_Woodruff_UFMu,25-W577.W22_R1-r_x_UFMu-10960,2025-06-10,2025-07-19,2025-07-19 11:38:00,11:45,11:00-12:00,4,86,582210,0f120c648c8133b518d39c7d791350b1180d3f7ca5a048b47b222acbf7c6e7b5
2025-IA_Woodruff_UFMu,25-W577.W22_R1-r_x_UFMu-10960,2025-06-10,2025-07-20,2025-07-20 11:39:00,11:45,11:00-12:00,4,85,597429,6fb3e04daec9d45f1b7a3e65a46c394bb1bd772fcb228edb52a17462e94341ab
2025-IA_Woodruff_UFMu,25-W577.W22_R1-r_x_UFMu-10960,2025-06-10,2025-07-21,2025-07-21 11:39:00,11:45,11:00-12:00,4,85,597763,77fc8fb9cfe30e41ee54d592589a9aaa6550d3e430a48665b460fdab41fce79b
2025-IA_Woodruff_UFMu,25-W577.W22_R1-r_x_UFMu-10960,2025-06-10,2025-07-22,2025-07-22 11:52:00,11:45,11:00-12:00,4,86,669406,041c99229ed0963ad7f9cce1041483b600092b454b474b52dd9324425f3ebb92
2025-IA_Woodruff_UFMu,25-W577.W22_R1-r_x_UFMu-10960,2025-06-10,2025-07-23,2025-07-23 11:49:00,11:45,11:00-12:00,4,85,679890,811e55f82ea94ea43fb003fc96f162f8bb9ccfeafd7704df32cd37f2d2ac18b0
2025-IA_Woodruff_UFMu,25-W577.W22_R1-r_x_UFMu-10960,2025-06-10,2025-07-24,2025-07-24 11:49:00,11:45,11:00-12:00,4,85,625276,e1f608925594584b458b8b7cebba4641b5ee8b726b4cef4b3f2e88031301fa9a
2025-IA_Woodruff_UFMu,25-W577.W22_R1-r_x_UFMu-10960,2025-06-10,2025-07-25,2025-07-25 11:47:00,11:45,11:00-12:00,4,86,635342,7a3833a22f1aeb06fdee4661732a7ad1a282f5f0611c0c3f6178413c2f24c104
2025-IA_Woodruff_UFMu,25-W577.W22_R1-r_x_UFMu-10960,2025-06-10,2025-07-26,2025-07-26 11:45:00,11:45,11:00-12:00,3,85,700366,ef5065c0de946b00bace04e48e6b0317081f1aae179fd1b04d978e9b9730d8d6
2025-IA_Woodruff_UFMu,25-W577.W22_R1-r_x_UFMu-10960,2025-06-10,2025-07-27,2025-07-27 11:43:00,11:45,11:00-12:00,4,85,636986,1ba72e994bd13ca8ede64ac49ae0ebf1e75b291faa48d8758c7ea6cf2e7bf41d
2025-IA_Woodruff_UFMu,25-W577.W22_R1-r_x_UFMu-10960,2025-06-10,2025-07-28,2025-07-28 11:42:00,11:45,11:00-12:00,4,85,612206,f67f2402add34f5c3137d76f0f86528ea8b8026230e640c04c8a939582f409fa
2025-IA_Woodruff_UFMu,25-W577.W22_R1-r_x_UFMu-10960,2025-06-10,2025-07-29,2025-07-29 11:40:00,11:45,11:00-12:00,4,85,616138,8dec1f73b47f9ab7ad6d26f49af2cc6ddeb35ecef9bbc77efe6d67e0d11c1baf
2025-IA_Woodruff_UFMu,25-W577.W22_R1-r_x_UFMu-10960,2025-06-10,2025-07-30,2025-07-30 11:39:00,11:45,11:00-12:00,4,85,583476,d8c76626a959491cc480ef01bb9707296a5d41a43800063907ff167f663fbf24
2025-IA_Woodruff_UFMu,25-W577.W22_R1-r_x_UFMu-10960,2025-06-10,2025-07-31,2025-07-31 11:38:00,11:45,11:00-12:00,4,85,601612,2bf49848a9c2aec187116f875a955d67704905feb1f74df1b4319754b6d84a73
2025-IA_Woodruff_UFMu,25-W577.W22_R1-r_x_UFMu-10960,2025-06-10,2025-08-01,2025-08-01 11:51:00,11:45,11:00-12:00,4,88,604328,b558dccc2e0b74dd993e028978b4dcf6831575e44bd926e3724c32d3be3ceea4
2025-IA_Woodruff_UFMu,25-W577.W22_R1-r_x_UFMu-10960,2025-06-10,2025-08-02,2025-08-02 11:50:00,11:45,11:00-12:00,4,85,592627,98553b375ba520184b2a31fd3b59d099ec8a2cba531c5e820ec40d041de1cea2
2025-IA_Woodruff_UFMu,25-W577.W22_R1-r_x_UFMu-10960,2025-06-10,2025-08-03,2025-08-03 11:49:00,11:45,11:00-12:00,4,86,626001,0ef3e5e5a02d975c3082ea9d100051f937849c38801b3aadd33229f2d3ef70e1
2025-IA_Woodruff_UFMu,25-W577.W22_R1-r_x_UFMu-10960,2025-06-10,2025-08-04,2025-08-04 11:48:00,11:45,11:00-12:00,4,48,626520,48b4fb648f128616bbbcf28490c65d3e16092771f3b19064b071ebfb80e07d45
2024-IA_Woodruff_UFMu,C-W-0015-L.23-M1619-5_M1619-8,2024-07-01,2024-07-01,2024-07-01 11:30:00,11:45,11:00-12:00,2,47,417391,c998167006f07fc568f6da8b33c6089537bf05cab7046304af788dc6f457b956
2024-IA_Woodruff_UFMu,C-W-0015-L.23-M1619-5_M1619-8,2024-07-01,2024-07-02,2024-07-02 11:32:00,11:45,11:00-12:00,2,48,416569,1209f2c40ab66c141bb5d7ed4e4e17eb2a8700e0a05f68dbcb0d42a6bdf788f4
2024-IA_Woodruff_UFMu,C-W-0015-L.23-M1619-5_M1619-8,2024-07-01,2024-07-03,2024-07-03 11:31:00,11:45,11:00-12:00,2,48,405391,7e29f8c938c0a7a9b7b5e8dea1a2176664cf2bb9fc95e85180b0d46b71698726
2024-IA_Woodruff_UFMu,C-W-0015-L.23-M1619-5_M1619-8,2024-07-01,2024-07-04,2024-07-04 11:32:00,11:45,11:00-12:00,2,48,404462,3b20367c0301f3c6b7c17c242183d064a488c8fcf1c73e7f58c8a8cbd4b1a17a
2024-IA_Woodruff_UFMu,C-W-0015-L.23-M1619-5_M1619-8,2024-07-01,2024-07-05,2024-07-05 11:31:00,11:45,11:00-12:00,2,48,406775,9894b8bd9e0700879bac31fe929e4db0d5480d1712934cda02191208fe156a6e
2024-IA_Woodruff_UFMu,C-W-0015-L.23-M1619-5_M1619-8,2024-07-01,2024-07-06,2024-07-06 11:31:00,11:45,11:00-12:00,2,48,406502,6f66e44ef288902f77e7257585c85fd15bcc422edcc40cf327d6a065073816ac
2024-IA_Woodruff_UFMu,C-W-0015-L.23-M1619-5_M1619-8,2024-07-01,2024-07-07,2024-07-07 11:32:00,11:45,11:00-12:00,2,48,459361,0079020d9397e622ea597953d390e2ac7789c2a097343e146476cde7441bd958
2024-IA_Woodruff_UFMu,C-W-0015-L.23-M1619-5_M1619-8,2024-07-01,2024-07-08,2024-07-08 11:32:00,11:45,11:00-12:00,2,49,403379,e9a3f5f14bad27925f025458ebe473d05a87cf0c73d5a7c20663e6f7c74589d6
2024-IA_Woodruff_UFMu,C-W-0015-L.23-M1619-5_M1619-8,2024-07-01,2024-07-09,2024-07-09 11:37:00,11:45,11:00-12:00,2,48,407577,86e35cf03478f41ea5a529abeb43903205ddfbd0ed91416215aa6cb9c383d771
2024-IA_Woodruff_UFMu,C-W-0015-L.23-M1619-5_M1619-8,2024-07-01,2024-07-10,2024-07-10 11:38:00,11:45,11:00-12:00,2,48,402401,3cd7aabf5357ae4489c97179f266a17ed7102b6756fa50746887d2b74a27a59c
2024-IA_Woodruff_UFMu,C-W-0015-L.23-M1619-5_M1619-8,2024-07-01,2024-07-11,2024-07-11 11:38:00,11:45,11:00-12:00,2,48,397052,d2e427fe2ebd472b8af5cb7ef890064d71690ee2f44d26531cfd354838de3a79
2024-IA_Woodruff_UFMu,C-W-0015-L.23-M1619-5_M1619-8,2024-07-01,2024-07-12,2024-07-12 11:39:00,11:45,11:00-12:00,2,48,410921,329d96ee14c3032b455d765afd84d083796a2aee58fa7d9eeefec6015349fd80
2024-IA_Woodruff_UFMu,C-W-0015-L.23-M1619-5_M1619-8,2024-07-01,2024-07-13,2024-07-13 11:39:00,11:45,11:00-12:00,2,48,410234,9ba68ae02b6dc0326f4e0c927716a4618c5752fc41fdb41059888e9994318386
2024-IA_Woodruff_UFMu,C-W-0015-L.23-M1619-5_M1619-8,2024-07-01,2024-07-14,2024-07-14 11:38:00,11:45,11:00-12:00,2,48,411589,48faa7a71faea41adbc2856ec65795822206aea98f475fec80c8dc890f3649a1
2024-IA_Woodruff_UFMu,C-W-0015-L.23-M1619-5_M1619-8,2024-07-01,2024-07-15,2024-07-15 11:35:00,11:45,11:00-12:00,2,48,410580,d09c89cd0b30a0cdc68ac059a2330eb596f755ed92ced51a5cbed6e0492888e1
2024-IA_Woodruff_UFMu,C-W-0015-L.23-M1619-5_M1619-8,2024-07-01,2024-07-16,2024-07-16 11:35:00,11:45,11:00-12:00,2,48,404028,446ed466af8a2000ecc3d4496b98f6b441574625d2a9ace2e34d710a64fe7272
2024-IA_Woodruff_UFMu,C-W-0015-L.23-M1619-5_M1619-8,2024-07-01,2024-07-17,2024-07-17 11:35:00,11:45,11:00-12:00,2,48,399038,91645a4448cbb21af86db1129718d1ad414a7c493caceb89a3db113736cecf72
2024-IA_Woodruff_UFMu,C-W-0015-L.23-M1619-5_M1619-8,2024-07-01,2024-07-18,2024-07-18 11:34:00,11:45,11:00-12:00,2,48,412274,d99c351596837d3f6c368b5aa256b3cc4faba0c81810670486bcfd493f3dd2f1
2024-IA_Woodruff_UFMu,C-W-0015-L.23-M1619-5_M1619-8,2024-07-01,2024-07-19,2024-07-19 11:34:00,11:45,11:00-12:00,2,48,412788,b63effd1aa5d5000bb1c9c3920f8816e01e9c63cb63a4987f39ff00a2b7b641c
2024-IA_Woodruff_UFMu,C-W-0015-L.23-M1619-5_M1619-8,2024-07-01,2024-07-20,2024-07-20 11:34:00,11:45,11:00-12:00,2,48,412961,941c7d986c355ec1619fd3df3dd91f4e2bfdd873ff710cfde608413b8f431e14
2024-IA_Woodruff_UFMu,C-W-0015-L.23-M1619-5_M1619-8,2024-07-01,2024-07-21,2024-07-21 11:34:00,11:45,11:00-12:00,2,47,409192,dd0a808ee0b78b88444d5f4f749190920a98b4a8d650aef6a8d24884162ddc72
2024-IA_Woodruff_UFMu,C-W-0015-L.23-M1619-5_M1619-8,2024-07-01,2024-07-22,2024-07-22 11:34:00,11:45,11:00-12:00,2,47,413574,ff7a047b8b96a9ace34fc77c1c33c2d01976326c1262bae8af08c6c64a5eb5a7
2024-IA_Woodruff_UFMu,C-W-0015-L.23-M1619-5_M1619-8,2024-07-01,2024-07-23,2024-07-23 11:35:00,11:45,11:00-12:00,2,47,412234,1d94bbf1856c255fdff9285f5d317c3b5f34588e7a3c0335c4ff58f682a9a81b
2024-IA_Woodruff_UFMu,C-W-0015-L.23-M1619-5_M1619-8,2024-07-01,2024-07-24,2024-07-24 11:36:00,11:45,11:00-12:00,2,48,414213,0fcd07800c33481ad1e392f0462d024d5aa8d72bfb40d931e09b08c6a2508be1
2024-IA_Woodruff_UFMu,C-W-0015-L.23-M1619-5_M1619-8,2024-07-01,2024-07-25,2024-07-25 11:36:00,11:45,11:00-12:00,2,48,413129,e05c7980dd96ffcf6bf389ba69a59f65e8522223253f1fa15e50a6b5d9ef222a
2024-IA_Woodruff_UFMu,C-W-0015-L.23-M1619-5_M1619-8,2024-07-01,2024-07-26,2024-07-26 11:06:00,11:45,11:00-12:00,1,45,409823,81b35ecb0f576e72be6f5129afa09e2e80989027bab8cec170b60245829c64d5
2024-IA_Woodruff_UFMu,C-W-0015-L.23-M1619-5_M1619-8,2024-07-01,2024-07-27,2024-07-27 11:36:00,11:45,11:00-12:00,2,47,411209,580b3486afe9bab35fea43916007dc1ac4e3680b284f2ea710ee963a77fcabfd
2024-IA_Woodruff_UFMu,C-W-0015-L.23-M1619-5_M1619-8,2024-07-01,2024-07-28,2024-07-28 11:31:00,11:45,11:00-12:00,2,48,393434,b43c29df60feb3a4a1b62719a62aba9e9591ba36916204c5bfe34bef6f290b14
2024-IA_Woodruff_UFMu,C-W-0015-L.23-M1619-5_M1619-8,2024-07-01,2024-07-29,2024-07-29 11:31:00,11:45,11:00-12:00,2,47,404571,368703474bdd8dc4addc540bc4777a1b7d802a763cb76d4fa0bd3712c396e8b5
2024-IA_Woodruff_UFMu,C-W-0015-L.23-M1619-5_M1619-8,2024-07-01,2024-07-30,2024-07-30 11:31:00,11:45,11:00-12:00,2,48,404131,8f1c30c41965a87c85cf0a255f1fe5d133f79d091519d5687591bb0b931e61b3
2024-IA_Woodruff_UFMu,C-W-0015-L.23-M1619-5_M1619-8,2024-07-01,2024-07-31,2024-07-31 11:32:00,11:45,11:00-12:00,2,47,402682,e6d38d5c9c682f0930307980b1ccb5a668ddf2c3594fa70aaf0a8edbcdfcd590
2024-IA_Woodruff_UFMu,C-W-0015-L.23-M1619-5_M1619-8,2024-07-01,2024-08-01,2024-08-01 11:33:00,11:45,11:00-12:00,2,47,402670,09bf3a6cd205bb0a078d276d5b62d22c08fa740714c655c02326ebce632999d6
2024-IA_Woodruff_UFMu,C-W-0015-L.23-M1619-5_M1619-8,2024-07-01,2024-08-02,2024-08-02 11:33:00,11:45,11:00-12:00,2,48,408032,287a739317d225de02e2ab5943c2bb0c967784d58bdf513519fb34f4a57aa584
2024-IA_Woodruff_UFMu,C-W-0015-L.23-M1619-5_M1619-8,2024-07-01,2024-08-03,2024-08-03 11:32:00,11:45,11:00-12:00,2,46,408867,7d22aedd0917a32e2911a47cfb35f23b1171162cdeaa9aa52db1589df205c27e
2024-IA_Woodruff_UFMu,C-W-0015-L.23-M1619-5_M1619-8,2024-07-01,2024-08-04,2024-08-04 11:33:00,11:45,11:00-12:00,2,48,406945,3cda06117debff407ff7c0ffb7b0081bcd5a5d2735b2877eb95b3818d988584e
2024-IA_Woodruff_UFMu,C-W-0015-L.23-M1619-5_M1619-8,2024-07-01,2024-08-05,2024-08-05 11:33:00,11:45,11:00-12:00,2,48,408611,18b4624d47ccd52247f68c988d58b7d77c06292ee0a5b7e8c25fc6d7fcc17269
2024-IA_Woodruff_UFMu,C-W-0015-L.23-M1619-5_M1619-8,2024-07-01,2024-08-06,2024-08-06 11:34:00,11:45,11:00-12:00,2,47,407880,14f1a0f74377000c49bfc4215a41a9345f17448b2b3a144a456dcc7ecee47b3f
2024-IA_Woodruff_UFMu,C-W-0015-L.23-M1619-5_M1619-8,2024-07-01,2024-08-07,2024-08-07 11:34:00,11:45,11:00-12:00,2,48,407417,b77a15cca06ef9cd7df8489a0d90b84a954280b33ed69c5529155234e503c05f
2024-IA_Woodruff_UFMu,C-W-0015-L.23-M1619-5_M1619-8,2024-07-01,2024-08-08,2024-08-08 11:34:00,11:45,11:00-12:00,2,40,401964,7d53203a633f0a537c70bcafd99ee62a80f910d63801dc62232b1d31e6f052ef
2024-IA_Woodruff_UFMu,C-W-0015-R.23-M1619-5_M1619-8,2024-07-01,2024-07-01,2024-07-01 12:30:00,11:45,all_fallback,23,23,606513,cfbc15ff69771f575df5b733b7afcab2a434c64f042e3046222b8ea9f862f2c2
2024-IA_Woodruff_UFMu,C-W-0015-R.23-M1619-5_M1619-8,2024-07-01,2024-07-02,2024-07-02 11:31:00,11:45,11:00-12:00,2,48,540782,5f15e8592733cafd51cdc7f60143b06098881dd0b754e95ddedfe4e5ee5ba107
2024-IA_Woodruff_UFMu,C-W-0015-R.23-M1619-5_M1619-8,2024-07-01,2024-07-03,2024-07-03 11:32:00,11:45,11:00-12:00,2,48,610803,644e566dfd66d5e671fefeb56557ce702b7344b70717630b42530a7f3c132c7f
2024-IA_Woodruff_UFMu,C-W-0015-R.23-M1619-5_M1619-8,2024-07-01,2024-07-04,2024-07-04 11:31:00,11:45,11:00-12:00,2,48,588130,1050b392c96a6a7c6e74de88f54797995e68995ead80efef3f38efd3ab627767
2024-IA_Woodruff_UFMu,C-W-0015-R.23-M1619-5_M1619-8,2024-07-01,2024-07-05,2024-07-05 11:33:00,11:45,11:00-12:00,2,48,601926,bfb057af7d1ad0d07119e2d1ec752a615c9ebae1189d225ab8d8c59335ee6c78
2024-IA_Woodruff_UFMu,C-W-0015-R.23-M1619-5_M1619-8,2024-07-01,2024-07-06,2024-07-06 11:33:00,11:45,11:00-12:00,2,48,575442,d4f3ace676188e123117b89099bb8f1d2de82f602d94b63675767de8dced1d52
2024-IA_Woodruff_UFMu,C-W-0015-R.23-M1619-5_M1619-8,2024-07-01,2024-07-07,2024-07-07 11:33:00,11:45,11:00-12:00,2,48,557632,7f8f7bcab70f16d67cde5770aa704b6ea14103591f4293a480cfd8f9ff3280ea
2024-IA_Woodruff_UFMu,C-W-0015-R.23-M1619-5_M1619-8,2024-07-01,2024-07-08,2024-07-08 11:32:00,11:45,11:00-12:00,2,48,585429,a0009aea589224d8adfddfc66022ffd2001e706787816866a29e185c01cab385
2024-IA_Woodruff_UFMu,C-W-0015-R.23-M1619-5_M1619-8,2024-07-01,2024-07-09,2024-07-09 11:37:00,11:45,11:00-12:00,2,49,627623,5938e2592163289a37588779cd420b7e52281d8673c53c5f95b498f54cd41944
2024-IA_Woodruff_UFMu,C-W-0015-R.23-M1619-5_M1619-8,2024-07-01,2024-07-10,2024-07-10 11:39:00,11:45,11:00-12:00,2,48,547289,2caf482e0ffa0e3679ea002b9c05476572fb748dd527c86156857dda1c817328
2024-IA_Woodruff_UFMu,C-W-0015-R.23-M1619-5_M1619-8,2024-07-01,2024-07-11,2024-07-11 11:39:00,11:45,11:00-12:00,2,48,574352,6f599f7b2d06887f631ad0b02d38bcaf883dd30accb43decf56a81598b1c5195
2024-IA_Woodruff_UFMu,C-W-0015-R.23-M1619-5_M1619-8,2024-07-01,2024-07-12,2024-07-12 11:39:00,11:45,11:00-12:00,2,48,551511,902de6aa9bb1bc0956040edabee91604c15b136b815747a50a953262b98400c6
2024-IA_Woodruff_UFMu,C-W-0015-R.23-M1619-5_M1619-8,2024-07-01,2024-07-13,2024-07-13 11:39:00,11:45,11:00-12:00,2,48,552128,cc4711aecc604fdadf994785fb9ba515761dda2ce7fc9e7003ce7c0d27aeb249
2024-IA_Woodruff_UFMu,C-W-0015-R.23-M1619-5_M1619-8,2024-07-01,2024-07-14,2024-07-14 11:40:00,11:45,11:00-12:00,2,48,554521,3332c150e43e11a0c5809d45665434e56425f0e46e93b54afc8309c58b7da5c0
2024-IA_Woodruff_UFMu,C-W-0015-R.23-M1619-5_M1619-8,2024-07-01,2024-07-15,2024-07-15 11:34:00,11:45,11:00-12:00,2,48,551118,dbca79ad7732d4eb7f6b57478f289048e620c52018c33411674bd4878d3a7c59
2024-IA_Woodruff_UFMu,C-W-0015-R.23-M1619-5_M1619-8,2024-07-01,2024-07-16,2024-07-16 11:35:00,11:45,11:00-12:00,2,48,626877,242cec1c95792b8e2f7b8cd7bf4522d1aebe943375d4602d6113d21eaa3bb290
2024-IA_Woodruff_UFMu,C-W-0015-R.23-M1619-5_M1619-8,2024-07-01,2024-07-17,2024-07-17 11:36:00,11:45,11:00-12:00,2,48,559025,0ad9c3d2c1facc02b9686b96acb91afed5a18cc7867ce1983fd53f18694456e6
2024-IA_Woodruff_UFMu,C-W-0015-R.23-M1619-5_M1619-8,2024-07-01,2024-07-18,2024-07-18 11:35:00,11:45,11:00-12:00,2,48,650426,14bfa727e73dcdd311d1bb1b6b38fec875c05f63cbcf7916c6ada1bf661085e8
2024-IA_Woodruff_UFMu,C-W-0015-R.23-M1619-5_M1619-8,2024-07-01,2024-07-19,2024-07-19 11:35:00,11:45,11:00-12:00,2,48,577918,56ea28270836f6119e35fb820ef8f0f9b495faaa204ca94a39d1737bcb11fd3a
2024-IA_Woodruff_UFMu,C-W-0015-R.23-M1619-5_M1619-8,2024-07-01,2024-07-20,2024-07-20 11:35:00,11:45,11:00-12:00,2,48,585672,4413394643fe1722030a1a9fd900dd721b4ecaccb5446f67bb38137e32e08495
2024-IA_Woodruff_UFMu,C-W-0015-R.23-M1619-5_M1619-8,2024-07-01,2024-07-21,2024-07-21 11:35:00,11:45,11:00-12:00,2,48,621079,5e8de1d3d74fb3b72add6b3a7789bb16852b0edc3e49e5c4617ec20c9fe3e935
2024-IA_Woodruff_UFMu,C-W-0015-R.23-M1619-5_M1619-8,2024-07-01,2024-07-22,2024-07-22 11:36:00,11:45,11:00-12:00,2,47,681843,807610016f6bbfa1d8a54cfc740c178b5ec453e9aba659de8df35368a376bba8
2024-IA_Woodruff_UFMu,C-W-0015-R.23-M1619-5_M1619-8,2024-07-01,2024-07-23,2024-07-23 11:36:00,11:45,11:00-12:00,2,46,633349,c6797d736e02057a5a644c82b14a05643574919dec7fdc0859a09d1aad91ac9b
2024-IA_Woodruff_UFMu,C-W-0015-R.23-M1619-5_M1619-8,2024-07-01,2024-07-24,2024-07-24 11:36:00,11:45,11:00-12:00,2,47,631631,d3a2eab931504878463cb95f342e0c9d20b0016fa9c0e5b4e13c4d2f78294738
2024-IA_Woodruff_UFMu,C-W-0015-R.23-M1619-5_M1619-8,2024-07-01,2024-07-25,2024-07-25 11:36:00,11:45,11:00-12:00,2,48,579906,3d973946498fe661de88735dfd81cd474cb08d2e921e58f6d9665a0c067fcaf2
2024-IA_Woodruff_UFMu,C-W-0015-R.23-M1619-5_M1619-8,2024-07-01,2024-07-26,2024-07-26 11:37:00,11:45,11:00-12:00,2,47,610221,cdc44fd034d4644d844d034293abfee4a10b9e831238ed9bdaedb9472cbf6bda
2024-IA_Woodruff_UFMu,C-W-0015-R.23-M1619-5_M1619-8,2024-07-01,2024-07-27,2024-07-27 11:37:00,11:45,11:00-12:00,2,46,558786,7eff6ff8b853367d7b98222b1afc384cf6a28cc70abb5cf40319bd96e3995d10
2024-IA_Woodruff_UFMu,C-W-0015-R.23-M1619-5_M1619-8,2024-07-01,2024-07-28,2024-07-28 11:32:00,11:45,11:00-12:00,2,47,659995,62ef64bb23790d41bf3b6048397132269ff859bcdcd878fa9e3b97405b606607
2024-IA_Woodruff_UFMu,C-W-0015-R.23-M1619-5_M1619-8,2024-07-01,2024-07-29,2024-07-29 11:33:00,11:45,11:00-12:00,2,48,601555,943d8b0e67af723f1987208b5e860ef9bea87e830bbd04d28409410415cbf43a
2024-IA_Woodruff_UFMu,C-W-0015-R.23-M1619-5_M1619-8,2024-07-01,2024-07-30,2024-07-30 11:31:00,11:45,11:00-12:00,2,47,590710,4d818594f02f8687171aff021a81046413a7b4c47c28fae8ef9761d97fa07b55
2024-IA_Woodruff_UFMu,C-W-0015-R.23-M1619-5_M1619-8,2024-07-01,2024-07-31,2024-07-31 11:33:00,11:45,11:00-12:00,2,48,596273,8a39528f053db6978cac306f57319ecda90508c2b07923d266a580ae11dc727a
2024-IA_Woodruff_UFMu,C-W-0015-R.23-M1619-5_M1619-8,2024-07-01,2024-08-01,2024-08-01 11:32:00,11:45,11:00-12:00,2,46,600609,afae56a86a28cf6294b8450a4ad2c807e5fb600670bb82af033076e3e95eccb6
2024-IA_Woodruff_UFMu,C-W-0015-R.23-M1619-5_M1619-8,2024-07-01,2024-08-02,2024-08-02 11:32:00,11:45,11:00-12:00,2,48,587567,be762cb713a6c313f321d310e3b7d496c64be46f798dd4b4a0860f3333efb899
2024-IA_Woodruff_UFMu,C-W-0015-R.23-M1619-5_M1619-8,2024-07-01,2024-08-03,2024-08-03 11:32:00,11:45,11:00-12:00,2,48,644371,862bfc4e111314e21ca433a46568cbd5493eb6ee72b460f5be4bf469076ebb6d
2024-IA_Woodruff_UFMu,C-W-0015-R.23-M1619-5_M1619-8,2024-07-01,2024-08-04,2024-08-04 11:33:00,11:45,11:00-12:00,2,46,614214,849dd588bd04c2f1b990978f2e6834a44627ad161f98c34dc0c7d9fbf9fea2e6
2024-IA_Woodruff_UFMu,C-W-0015-R.23-M1619-5_M1619-8,2024-07-01,2024-08-05,2024-08-05 11:33:00,11:45,11:00-12:00,2,48,618232,1f8471c97fffc1f3dd4cf2c4e5af0752bb4fdfa3e8ad8f1c3cc0fe1895c30499
2024-IA_Woodruff_UFMu,C-W-0015-R.23-M1619-5_M1619-8,2024-07-01,2024-08-06,2024-08-06 11:34:00,11:45,11:00-12:00,2,48,637070,998a9a838c6653a0ff0fe39ef39483c1c5fbadff6ebe3233d4d1620881ceb438
2024-IA_Woodruff_UFMu,C-W-0015-R.23-M1619-5_M1619-8,2024-07-01,2024-08-07,2024-08-07 11:34:00,11:45,11:00-12:00,2,47,576835,caa7cb2254dac24d33e1c89489ed8d357490f7766bbf61d52918910458a19401
2024-IA_Woodruff_UFMu,C-W-0015-R.23-M1619-5_M1619-8,2024-07-01,2024-08-08,2024-08-08 11:33:00,11:45,11:00-12:00,2,48,683784,e7d1adc8faf8321ac5a3f76da2ea7701b4e9524b8eeae25de073292b0c051738
2024-IA_Woodruff_UFMu,C-W-0015-R.23-M1619-5_M1619-8,2024-07-01,2024-08-09,2024-08-09 08:04:00,11:45,all_fallback,16,16,583264,87133df648ca5c31688eb4a826bf71b78f28afb111924f29ef3251824a090d46
2024-IA_Woodruff_UFMu,C-W-0010-L.21-M1745-1,2024-06-28,2024-06-28,2024-06-28 11:53:00,11:45,11:00-12:00,2,48,622743,16ccc6311454bbb0cb3ce8743973f9e6d4b7596e867dccf4ed083e421cb83ef2
2024-IA_Woodruff_UFMu,C-W-0010-L.21-M1745-1,2024-06-28,2024-06-29,2024-06-29 11:54:00,11:45,11:00-12:00,2,48,663084,8dab40903bbf79210930c6b8f178b2b3eaa377d1d2d7fd7782a04f19c7234e32
2024-IA_Woodruff_UFMu,C-W-0010-L.21-M1745-1,2024-06-28,2024-06-30,2024-06-30 11:55:00,11:45,11:00-12:00,2,48,592238,b05e5b85d09a47119ac4df8afd2936076ab702b138f42b5a49e8c45d057bbb59
2024-IA_Woodruff_UFMu,C-W-0010-L.21-M1745-1,2024-06-28,2024-07-01,2024-07-01 11:37:00,11:45,11:00-12:00,2,48,597467,6defb8f558823f6d7e1a39b8970d1a83ea6e9551c960bfb9c13879967b9ed5cf
2024-IA_Woodruff_UFMu,C-W-0010-L.21-M1745-1,2024-06-28,2024-07-02,2024-07-02 11:37:00,11:45,11:00-12:00,2,48,566417,9c9b4824c8ccd9c99bd5b52b520eb4341372e6f8397ffc7935939c0f09990615
2024-IA_Woodruff_UFMu,C-W-0010-L.21-M1745-1,2024-06-28,2024-07-03,2024-07-03 11:38:00,11:45,11:00-12:00,2,48,613581,11ac90fb982ae6158757d52e12b4752e0313241df03404cb5c3b4ee971548e57
2024-IA_Woodruff_UFMu,C-W-0010-L.21-M1745-1,2024-06-28,2024-07-04,2024-07-04 11:39:00,11:45,11:00-12:00,2,48,574867,f6b85d16f467cd6c761b539f602f1f84c4a39429965ec28ec53f37d0e345d3fd
2024-IA_Woodruff_UFMu,C-W-0010-L.21-M1745-1,2024-06-28,2024-07-05,2024-07-05 11:39:00,11:45,11:00-12:00,2,48,603148,f83c37de113b02e4c128ab12039a94c530c39c7edb8f4224bd5412f8ba9dfa13
2024-IA_Woodruff_UFMu,C-W-0010-L.21-M1745-1,2024-06-28,2024-07-06,2024-07-06 11:38:00,11:45,11:00-12:00,2,49,577779,0d7da523b6c41ed2dc1af6ceb2087a3fee25f8da80b45efbd4c7d62971cfbb90
2024-IA_Woodruff_UFMu,C-W-0010-L.21-M1745-1,2024-06-28,2024-07-07,2024-07-07 11:58:00,11:45,11:00-12:00,2,47,544592,522c7c18e73bc79443f4bb9c3206e20e3610223a782bd298293be6ce009f7e99
2024-IA_Woodruff_UFMu,C-W-0010-L.21-M1745-1,2024-06-28,2024-07-08,2024-07-08 11:30:00,11:45,11:00-12:00,1,48,568185,f65e184a1a276faed58591c1806421505d3b3a4f18dd427efc36fcbe30072c32
2024-IA_Woodruff_UFMu,C-W-0010-L.21-M1745-1,2024-06-28,2024-07-09,2024-07-09 11:44:00,11:45,11:00-12:00,2,48,632375,665b2175a55dad97f7e25ee4fe90a9f21b3aa09a6a9a553e8a053ec06fe6b70b
2024-IA_Woodruff_UFMu,C-W-0010-L.21-M1745-1,2024-06-28,2024-07-10,2024-07-10 11:45:00,11:45,11:00-12:00,2,48,626313,354634090da5c8b673105da02b1f75ed6bacf3cf8017b1e7bddb2315832bec38
2024-IA_Woodruff_UFMu,C-W-0010-L.21-M1745-1,2024-06-28,2024-07-11,2024-07-11 11:45:00,11:45,11:00-12:00,2,48,555823,ecb0ed5cf9cdefdeb1acd0d6ddb1a8a1729485ee54a0f05c85b1a68c1eb0894a
2024-IA_Woodruff_UFMu,C-W-0010-L.21-M1745-1,2024-06-28,2024-07-12,2024-07-12 11:46:00,11:45,11:00-12:00,2,48,542476,cc63c44c39eb11eef77390092bddf921f5dad0c28b6e6bd12c8b1343ea1fe45a
2024-IA_Woodruff_UFMu,C-W-0010-L.21-M1745-1,2024-06-28,2024-07-13,2024-07-13 11:45:00,11:45,11:00-12:00,2,48,544286,629fa1a6af0167f26c159901b76cc477758700bfd399bed675a4fa9d3b23f1d5
2024-IA_Woodruff_UFMu,C-W-0010-L.21-M1745-1,2024-06-28,2024-07-14,2024-07-14 11:46:00,11:45,11:00-12:00,2,48,541671,9353065112ca3fdcefb46185e55603ef65cf5fe05edbe20dd5ac7e17b67e899c
2024-IA_Woodruff_UFMu,C-W-0010-L.21-M1745-1,2024-06-28,2024-07-15,2024-07-15 11:41:00,11:45,11:00-12:00,2,48,609317,026e68219a19649d082f62b8ecef96dfe784bdddc406c94013248232878b5eb2
2024-IA_Woodruff_UFMu,C-W-0010-L.21-M1745-1,2024-06-28,2024-07-16,2024-07-16 11:41:00,11:45,11:00-12:00,2,48,586104,8ecdbb40747ce5135fe565e1592df093a9c9ced55349f1756fb1af5143f0cd94
2024-IA_Woodruff_UFMu,C-W-0010-L.21-M1745-1,2024-06-28,2024-07-17,2024-07-17 11:41:00,11:45,11:00-12:00,2,48,544051,5030dd2c779e2fa7869d22bb323bba6d7fbbc034740438016f5b888bf4dd92c2
2024-IA_Woodruff_UFMu,C-W-0010-L.21-M1745-1,2024-06-28,2024-07-18,2024-07-18 11:41:00,11:45,11:00-12:00,2,49,609583,20b0ba0a53cbe81dd16a4a469f3ce00e16752d20deb5f9ec00ea7975986f2262
2024-IA_Woodruff_UFMu,C-W-0010-L.21-M1745-1,2024-06-28,2024-07-19,2024-07-19 11:59:00,11:45,11:00-12:00,2,47,570497,99d89923851ec381dba05565a9f7171cf2faf442650d159373380b9f72e0f446
2024-IA_Woodruff_UFMu,C-W-0010-L.21-M1745-1,2024-06-28,2024-07-20,2024-07-20 11:59:00,11:45,11:00-12:00,2,49,556130,60d6be2f6a2922199955dee08174a09d0eaa3cb4e6e11c6a510189c569426476
2024-IA_Woodruff_UFMu,C-W-0010-L.21-M1745-1,2024-06-28,2024-07-21,2024-07-21 11:29:00,11:45,11:00-12:00,1,47,585651,1618fdcd2471a34b0f06dfe409672e284165ef098bab6aeeb4ca92562cdbdc64
2024-IA_Woodruff_UFMu,C-W-0010-L.21-M1745-1,2024-06-28,2024-07-22,2024-07-22 11:30:00,11:45,11:00-12:00,1,48,672989,d5c12c7a06d43cf2b199d81bcb8540ec4ee811ce8887932aa7733988b4c3f11b
2024-IA_Woodruff_UFMu,C-W-0010-L.21-M1745-1,2024-06-28,2024-07-23,2024-07-23 11:59:00,11:45,11:00-12:00,2,48,508944,edef7c978c500d5056df6a91d7e45ec1ea0b09f353b64a2d561c1eba8467e132
2024-IA_Woodruff_UFMu,C-W-0010-L.21-M1745-1,2024-06-28,2024-07-24,2024-07-24 11:30:00,11:45,11:00-12:00,2,49,623623,4ebbbc524b04bea6b5e35dccd059c865c529f7e78976361f1c3b1078abcba97f
2024-IA_Woodruff_UFMu,C-W-0010-L.21-M1745-1,2024-06-28,2024-07-25,2024-07-25 11:30:00,11:45,11:00-12:00,2,47,559926,6ba6204b2779161b458df49d56dbb7538dcb1d3f77dad50bd07b92b62c47bc11
2024-IA_Woodruff_UFMu,C-W-0010-L.21-M1745-1,2024-06-28,2024-07-26,2024-07-26 11:31:00,11:45,11:00-12:00,2,48,579597,17a1c5a8076205e9a996fe557d992beb3f42bc6d889deeb2a775ca4556f2ae78
2024-IA_Woodruff_UFMu,C-W-0010-L.21-M1745-1,2024-06-28,2024-07-27,2024-07-27 11:31:00,11:45,11:00-12:00,2,48,669133,768259fb1fa826971c7db57d7141c2be1fa506e901991398a04d9ba442f2bb80
2024-IA_Woodruff_UFMu,C-W-0010-L.21-M1745-1,2024-06-28,2024-07-28,2024-07-28 11:55:00,11:45,11:00-12:00,3,49,546821,5e2188a1b3ad6809c62827753f5426d4abee0e66a54f01769a3a6c435d2a1317
2024-IA_Woodruff_UFMu,C-W-0010-L.21-M1745-1,2024-06-28,2024-07-29,2024-07-29 11:57:00,11:45,11:00-12:00,2,48,581390,b9b2cfc360a99701d6f29de51f8330632a324bf717392c9f045ae184510f0c24
2024-IA_Woodruff_UFMu,C-W-0010-L.21-M1745-1,2024-06-28,2024-07-30,2024-07-30 11:56:00,11:45,11:00-12:00,2,48,567505,9d9b1481e11d49b7ad391b4880be16b878ab6c567b9b8bccdef865443c50cf00
2024-IA_Woodruff_UFMu,C-W-0010-L.21-M1745-1,2024-06-28,2024-07-31,2024-07-31 11:57:00,11:45,11:00-12:00,2,48,556010,f502f305f68a5e3604c9c1870d9b26b6e4300de5f1e6d206f2231863a532f352
2024-IA_Woodruff_UFMu,C-W-0010-L.21-M1745-1,2024-06-28,2024-08-01,2024-08-01 11:58:00,11:45,11:00-12:00,2,48,582589,792f0120b3990a1806857bfc4f2e0dae9776b64485ca9b62d5fcf7fe33a9f2a2
2024-IA_Woodruff_UFMu,C-W-0010-L.21-M1745-1,2024-06-28,2024-08-02,2024-08-02 11:57:00,11:45,11:00-12:00,2,48,602488,9c589a1bda418c9e51e96db7bc357da40c0b0c72738d44d1b968cff9424dd8d7
2024-IA_Woodruff_UFMu,C-W-0010-L.21-M1745-1,2024-06-28,2024-08-03,2024-08-03 11:58:00,11:45,11:00-12:00,2,48,602033,7f6e836b3779028796b0c1a639112ed0ad62aca63a6b93e1909259fe8993c686
2024-IA_Woodruff_UFMu,C-W-0010-L.21-M1745-1,2024-06-28,2024-08-04,2024-08-04 11:57:00,11:45,11:00-12:00,2,48,671327,15c4f880275d8b153a0d499d6d6d5e1730a27bb0ef17bda5429ab72fc758b974
2024-IA_Woodruff_UFMu,C-W-0010-L.21-M1745-1,2024-06-28,2024-08-05,2024-08-05 11:57:00,11:45,11:00-12:00,2,48,563049,ca4e6fc7ae17ae06c1dc73991234b24e0ec4f1cd5fbc1e1e2a3ba0b5c3d78187
2024-IA_Woodruff_UFMu,C-W-0010-L.21-M1745-1,2024-06-28,2024-08-06,2024-08-06 11:59:00,11:45,11:00-12:00,2,48,607947,86e13643c66678b84f0715e9530f5a4c859c7f09c8b5bb619964d4dfb12e96a0
2024-IA_Woodruff_UFMu,C-W-0010-L.21-M1745-1,2024-06-28,2024-08-07,2024-08-07 11:58:00,11:45,11:00-12:00,2,48,588028,50bafd2f958f41988d54c10a92de8372f88f7c5d827872fec3baf5352621224b
2024-IA_Woodruff_UFMu,C-W-0010-L.21-M1745-1,2024-06-28,2024-08-08,2024-08-08 11:59:00,11:45,11:00-12:00,2,48,530682,d3d3c53055104b0b629e7262885d41351640658f14b4f5a4ea81e7662b069a54
2024-IA_Woodruff_UFMu,C-W-0010-L.21-M1745-1,2024-06-28,2024-08-09,2024-08-09 08:28:00,11:45,all_fallback,17,17,607882,8947aead6d56d606f24d8202a9bd1b40a1a506144a415a799e6db73120a2f997
2024-IA_Marsden_UFMu,C-M-0013-L.23-M1619-4_M1619-8,2024-06-28,2024-06-28,2024-06-28 11:32:00,11:45,11:00-12:00,2,48,543316,f46f535f38b23f3323b032f8d94fd728a626428cc8933191192426b2c114996c
2024-IA_Marsden_UFMu,C-M-0013-L.23-M1619-4_M1619-8,2024-06-28,2024-06-29,2024-06-29 11:33:00,11:45,11:00-12:00,2,48,633631,c28d438f3e9eaabfc86b419a0b6d6ae9db9c624a93c627e1e83f9d02a9a27d45
2024-IA_Marsden_UFMu,C-M-0013-L.23-M1619-4_M1619-8,2024-06-28,2024-06-30,2024-06-30 11:33:00,11:45,11:00-12:00,2,48,568057,9be8ae7e4cd11250ce7d59b9a9edbb9b96fa597a29348708cf9dc51e6cf2a98f
2024-IA_Marsden_UFMu,C-M-0013-L.23-M1619-4_M1619-8,2024-06-28,2024-07-01,2024-07-01 11:47:00,11:45,11:00-12:00,2,49,572411,747d17bf38d89bcf363c8dd29d5857a7f2fe53062dc5b70edd52d7175c120bb8
2024-IA_Marsden_UFMu,C-M-0013-L.23-M1619-4_M1619-8,2024-06-28,2024-07-02,2024-07-02 11:47:00,11:45,11:00-12:00,2,48,524710,a614197faf4d391fbee628e36f070db44040c66b78e8658813f60d85546fbaf2
2024-IA_Marsden_UFMu,C-M-0013-L.23-M1619-4_M1619-8,2024-06-28,2024-07-03,2024-07-03 11:48:00,11:45,11:00-12:00,2,48,571818,79e7054336dec3d71f854cb637d7db14a250464d11b7cf60081827b074bf0592
2024-IA_Marsden_UFMu,C-M-0013-L.23-M1619-4_M1619-8,2024-06-28,2024-07-04,2024-07-04 11:45:00,11:45,11:00-12:00,2,48,549424,ac5c2c8ed0b5c3c0a97b1ad2f805c84ee760703d6b9bfabc4bc566dc9057c049
2024-IA_Marsden_UFMu,C-M-0013-L.23-M1619-4_M1619-8,2024-06-28,2024-07-05,2024-07-05 11:46:00,11:45,11:00-12:00,2,48,571568,3d741ecb36d4aa3f2faeef95acc380b941ea88923b070470ce413d0168aea656
2024-IA_Marsden_UFMu,C-M-0013-L.23-M1619-4_M1619-8,2024-06-28,2024-07-06,2024-07-06 11:46:00,11:45,11:00-12:00,2,48,578319,2cd9be54b4f43403f5eba2d9fadc9fc4524067ba36b0bc169b6a88a7582e09b1
2024-IA_Marsden_UFMu,C-M-0013-L.23-M1619-4_M1619-8,2024-06-28,2024-07-07,2024-07-07 11:46:00,11:45,11:00-12:00,2,48,563988,79d32ac371dc746677ab44151244c3d667801aed2135e30cb3825b74571b1b60
2024-IA_Marsden_UFMu,C-M-0013-L.23-M1619-4_M1619-8,2024-06-28,2024-07-08,2024-07-08 11:46:00,11:45,11:00-12:00,2,48,573750,3d4b5391e4e67636aceb7170864439cfaeeb6c517cac14ac769400a913c1ee2c
2024-IA_Marsden_UFMu,C-M-0013-L.23-M1619-4_M1619-8,2024-06-28,2024-07-09,2024-07-09 11:47:00,11:45,11:00-12:00,2,48,649343,89a331e61ae782524088c0b68cc197c47d04bc75c4d2784bb022d2699ca58658
2024-IA_Marsden_UFMu,C-M-0013-L.23-M1619-4_M1619-8,2024-06-28,2024-07-10,2024-07-10 11:47:00,11:45,11:00-12:00,2,49,668537,11da80a0520b115392e6d00c575f87108974dd89c36d471f382474fb6ea8312f
2024-IA_Marsden_UFMu,C-M-0013-L.23-M1619-4_M1619-8,2024-06-28,2024-07-11,2024-07-11 11:52:00,11:45,11:00-12:00,2,48,602130,7314e0ca6415cbb7b8c7bb6002b975e45c7bb2c3c4ffe6ff474f37d237330187
2024-IA_Marsden_UFMu,C-M-0013-L.23-M1619-4_M1619-8,2024-06-28,2024-07-12,2024-07-12 11:53:00,11:45,11:00-12:00,2,48,553628,488c405030a122bcc31730b41322bf703ffd07a2c87ab2fc608f7c2de836b078
2024-IA_Marsden_UFMu,C-M-0013-L.23-M1619-4_M1619-8,2024-06-28,2024-07-13,2024-07-13 11:53:00,11:45,11:00-12:00,2,48,594096,af98b0b1262b5531ba71383b2159c5a19b20f22eeaace2ee7d577df99f0ce090
2024-IA_Marsden_UFMu,C-M-0013-L.23-M1619-4_M1619-8,2024-06-28,2024-07-14,2024-07-14 11:52:00,11:45,11:00-12:00,2,48,554740,4a74c1dbd40ae39bd8ffa8cb09ff2bbbfc75083269e90a6abd21fabb7adff990
2024-IA_Marsden_UFMu,C-M-0013-L.23-M1619-4_M1619-8,2024-06-28,2024-07-15,2024-07-15 11:31:00,11:45,11:00-12:00,2,48,552063,179797793b5637b8ce6cceb17d6efbcfcb3a69e92d98579967234d12c6645355
2024-IA_Marsden_UFMu,C-M-0013-L.23-M1619-4_M1619-8,2024-06-28,2024-07-16,2024-07-16 11:32:00,11:45,11:00-12:00,2,48,639806,fb098a15de580fcf4ce8148777132751bc0fba597b3959ef55bd5e0043542ba8
2024-IA_Marsden_UFMu,C-M-0013-L.23-M1619-4_M1619-8,2024-06-28,2024-07-17,2024-07-17 11:32:00,11:45,11:00-12:00,2,48,564278,0c0f3d9e4a05539b3553b7ab7dcafd6d23c0703e05c0841f2c92329a35a6962d
2024-IA_Marsden_UFMu,C-M-0013-L.23-M1619-4_M1619-8,2024-06-28,2024-07-18,2024-07-18 11:32:00,11:45,11:00-12:00,2,48,616368,60eb1c12c7d60e59718340f648e50bd0a901882039a41b538126f84213e90995
2024-IA_Marsden_UFMu,C-M-0013-L.23-M1619-4_M1619-8,2024-06-28,2024-07-19,2024-07-19 11:32:00,11:45,11:00-12:00,2,48,589045,b3c0738626126376d34d7cd8a21b86fe9a71afbbe089a2268b1c7dfe4fc23064
2024-IA_Marsden_UFMu,C-M-0013-L.23-M1619-4_M1619-8,2024-06-28,2024-07-20,2024-07-20 11:32:00,11:45,11:00-12:00,2,48,585792,fba5d291b7940a3113214a2e435d17c68c32a13b1ab2bb24cc1aac04295a5269
2024-IA_Marsden_UFMu,C-M-0013-L.23-M1619-4_M1619-8,2024-06-28,2024-07-21,2024-07-21 11:33:00,11:45,11:00-12:00,2,48,586435,99b82b72871f4ca7ae7098444ea3aa49df1fc6e8c8362f1bb3206074bf3ca8f0
2024-IA_Marsden_UFMu,C-M-0013-L.23-M1619-4_M1619-8,2024-06-28,2024-07-22,2024-07-22 11:32:00,11:45,11:00-12:00,2,48,630024,865abc9f3ab2068454a0675ba1793ad5bb8dc243482eb996ec024f5cbe024456
2024-IA_Marsden_UFMu,C-M-0013-L.23-M1619-4_M1619-8,2024-06-28,2024-07-23,2024-07-23 11:55:00,11:45,11:00-12:00,2,49,663866,9408d829d9975df9f8f62c4287810107f37b2cd3637bd7fcd21aa95a923d797e
2024-IA_Marsden_UFMu,C-M-0013-L.23-M1619-4_M1619-8,2024-06-28,2024-07-24,2024-07-24 11:55:00,11:45,11:00-12:00,2,48,667245,666f0ebcfd6fb2c89c3859bf7d74ee58c319815746d72a9d88b0e9838df4f918
2024-IA_Marsden_UFMu,C-M-0013-L.23-M1619-4_M1619-8,2024-06-28,2024-07-25,2024-07-25 11:55:00,11:45,11:00-12:00,2,48,621381,a56a26c44d4ad29e351822733cc01ae2bc7351db87aa65cc69dd6725a82ce1fe
2024-IA_Marsden_UFMu,C-M-0013-L.23-M1619-4_M1619-8,2024-06-28,2024-07-26,2024-07-26 11:54:00,11:45,11:00-12:00,2,48,654900,7cf1dcd668302319ac7441d1e2baf568458447ee04c13df750c3d00bfbf61847
2024-IA_Marsden_UFMu,C-M-0013-L.23-M1619-4_M1619-8,2024-06-28,2024-07-27,2024-07-27 11:55:00,11:45,11:00-12:00,2,48,573941,cdd525e437847313b76035f5c94c4fb47a2a4cd3ed74e7bf9206cec1ee9984f3
2024-IA_Marsden_UFMu,C-M-0013-L.23-M1619-4_M1619-8,2024-06-28,2024-07-28,2024-07-28 11:55:00,11:45,11:00-12:00,2,48,570747,f26e5b099b376c236f4d4648d3378936d03b39151891e0113fa083cd5e664148
2024-IA_Marsden_UFMu,C-M-0013-L.23-M1619-4_M1619-8,2024-06-28,2024-07-29,2024-07-29 11:55:00,11:45,11:00-12:00,2,48,612907,57d214b19b7dfdf34d441f937edd25ec2509689dad3f106bc043e2c17350946d
2024-IA_Marsden_UFMu,C-M-0013-L.23-M1619-4_M1619-8,2024-06-28,2024-07-30,2024-07-30 11:55:00,11:45,11:00-12:00,2,48,586569,03f4cdbcb962144315024969db4f5758014c65d37000c02e170c2c3b7ad97044
2024-IA_Marsden_UFMu,C-M-0013-L.23-M1619-4_M1619-8,2024-06-28,2024-07-31,2024-07-31 11:56:00,11:45,11:00-12:00,2,47,594901,18b282404a89fd4f8acc54a0a402d8695eac2db298816c81868c468d11def45b
2024-IA_Marsden_UFMu,C-M-0013-L.23-M1619-4_M1619-8,2024-06-28,2024-08-01,2024-08-01 11:55:00,11:45,11:00-12:00,2,48,623077,cf965c8868b4f27de976d8b974b75cc30b06891a8c8ddde99394be67db5597fc
2024-IA_Marsden_UFMu,C-M-0013-L.23-M1619-4_M1619-8,2024-06-28,2024-08-02,2024-08-02 11:55:00,11:45,11:00-12:00,2,48,638867,839100dc9528e6583f4f82954dc0d7b804e54cb2ccab904438a6f9d44485289b
2024-IA_Marsden_UFMu,C-M-0013-L.23-M1619-4_M1619-8,2024-06-28,2024-08-03,2024-08-03 11:56:00,11:45,11:00-12:00,2,48,640706,0cf699a5b2fa7b83f8917edb03fab7bc153af92622a1d42793da2fad942c4568
2024-IA_Marsden_UFMu,C-M-0013-L.23-M1619-4_M1619-8,2024-06-28,2024-08-04,2024-08-04 11:56:00,11:45,11:00-12:00,2,48,611778,ab789700018d1b7fea723b4d1b61f0153f6e3620bd10b86f5b552f5774ff5b5e
2024-IA_Marsden_UFMu,C-M-0013-L.23-M1619-4_M1619-8,2024-06-28,2024-08-05,2024-08-05 11:57:00,11:45,11:00-12:00,2,48,610926,4a010142fd6f148725c8984deafb1a0ba43431edc6d5fc84e8fdc5f2f3a6a0c3
2024-IA_Marsden_UFMu,C-M-0013-L.23-M1619-4_M1619-8,2024-06-28,2024-08-06,2024-08-06 11:56:00,11:45,11:00-12:00,2,48,630073,9b163c357f100fe61a14f1b64a7ac9332cda1ad6be92dcb3517d4a4b1105d1b2
2024-IA_Marsden_UFMu,C-M-0013-L.23-M1619-4_M1619-8,2024-06-28,2024-08-07,2024-08-07 11:57:00,11:45,11:00-12:00,2,47,648051,f70380e6cb88acf09760d1d83fd08c50a5d057642b3f73316be0df692e159cb5
2024-IA_Marsden_UFMu,C-M-0013-L.23-M1619-4_M1619-8,2024-06-28,2024-08-08,2024-08-08 11:32:00,11:45,11:00-12:00,2,27,652378,8b5f4e0482ba44da39f6eed2f18c2667d19d9d2615bed64e2af0f78183971819
2024-IA_Marsden_UFMu,C-M-0013-L.23-M1619-4_M1619-8,2024-06-28,2024-08-09,2024-08-09 11:03:00,11:45,11:00-12:00,1,23,585801,d2ba8a00a789de02864f77c2c4e04282a04b2f611a86bf6617b9510a27c9edfe
2024-IA_Marsden_UFMu,C-M-0013-R.23-M1619-4_M1619-8,2024-06-28,2024-06-28,2024-06-28 11:33:00,11:45,11:00-12:00,2,48,470882,f6084dc1c2d22b6a10921a05a6d16451c901f24ab402cac55c9c19c0cc5652ab
2024-IA_Marsden_UFMu,C-M-0013-R.23-M1619-4_M1619-8,2024-06-28,2024-06-29,2024-06-29 11:33:00,11:45,11:00-12:00,2,48,567025,ff78797b2d8189c2b4bb1c0788995867459312886e26c943bd7f7a003ce60868
2024-IA_Marsden_UFMu,C-M-0013-R.23-M1619-4_M1619-8,2024-06-28,2024-06-30,2024-06-30 11:33:00,11:45,11:00-12:00,2,48,527177,60c837c4de1ce6551b44259a5d80fe66398bebda68f6615705e01795526cc496
2024-IA_Marsden_UFMu,C-M-0013-R.23-M1619-4_M1619-8,2024-06-28,2024-07-01,2024-07-01 11:48:00,11:45,11:00-12:00,2,49,488598,28043a4c6ef0221297fff67e00efcd94a483b70bf0da0c10f1c38479218632cc
2024-IA_Marsden_UFMu,C-M-0013-R.23-M1619-4_M1619-8,2024-06-28,2024-07-02,2024-07-02 11:47:00,11:45,11:00-12:00,2,48,478739,b353a9489fabac7c2793e9ff1a7f786fad8476e466cf4aae91f631a9656a663b
2024-IA_Marsden_UFMu,C-M-0013-R.23-M1619-4_M1619-8,2024-06-28,2024-07-03,2024-07-03 11:47:00,11:45,11:00-12:00,2,48,489748,8906ee07fc4b44fbff8a556042b36d757d300ec42465af87249d5cd7f26d522a
2024-IA_Marsden_UFMu,C-M-0013-R.23-M1619-4_M1619-8,2024-06-28,2024-07-04,2024-07-04 11:46:00,11:45,11:00-12:00,2,48,622200,262e814241929ce4bdfd26973e9eaa158e072f199a1e0fc721dfc067ef75170a
2024-IA_Marsden_UFMu,C-M-0013-R.23-M1619-4_M1619-8,2024-06-28,2024-07-05,2024-07-05 11:45:00,11:45,11:00-12:00,2,48,610393,8613c184bc00d459dc9f95aa67943f6f42ad7332337694a22624abd290dc15a2
2024-IA_Marsden_UFMu,C-M-0013-R.23-M1619-4_M1619-8,2024-06-28,2024-07-06,2024-07-06 11:46:00,11:45,11:00-12:00,2,48,646225,3ba404cad6ca054d1c08e34618b9a5258e381fd50f3d7b1dd5d09bcd36efc056
2024-IA_Marsden_UFMu,C-M-0013-R.23-M1619-4_M1619-8,2024-06-28,2024-07-07,2024-07-07 11:45:00,11:45,11:00-12:00,2,48,634985,59b857f298780aa3ed9e5de2e0f32e2a8415fbe6b957daba6a9d2e3c3903c3c9
2024-IA_Marsden_UFMu,C-M-0013-R.23-M1619-4_M1619-8,2024-06-28,2024-07-08,2024-07-08 11:46:00,11:45,11:00-12:00,2,48,652111,382ad2c20cffcf974a9860a0a58b02eb90b99edbc82dcd326088c6d79a8cddae
2024-IA_Marsden_UFMu,C-M-0013-R.23-M1619-4_M1619-8,2024-06-28,2024-07-09,2024-07-09 11:46:00,11:45,11:00-12:00,2,48,574440,5c0de754cfb3ce000a8cdabae1a862f5038b59b2fea9f96dc17794eb6984bae9
2024-IA_Marsden_UFMu,C-M-0013-R.23-M1619-4_M1619-8,2024-06-28,2024-07-10,2024-07-10 11:47:00,11:45,11:00-12:00,2,49,587213,8c6198258957a9188f433166216870cf6ee94f4e2a35c4edfab57171013489a7
2024-IA_Marsden_UFMu,C-M-0013-R.23-M1619-4_M1619-8,2024-06-28,2024-07-11,2024-07-11 11:53:00,11:45,11:00-12:00,2,48,624975,891530284234732338cd6fe2f01cf9e074216141107d76f2959c4c5c51e2145b
2024-IA_Marsden_UFMu,C-M-0013-R.23-M1619-4_M1619-8,2024-06-28,2024-07-12,2024-07-12 11:52:00,11:45,11:00-12:00,2,48,620069,b862b2e2498d76cf85347f9451659918c86707115ce702584f15ecf64d2a934a
2024-IA_Marsden_UFMu,C-M-0013-R.23-M1619-4_M1619-8,2024-06-28,2024-07-13,2024-07-13 11:53:00,11:45,11:00-12:00,2,48,548967,8358cea8798ac2a4359fd18822841bf98663909b969bbc13d1c066999e456360
2024-IA_Marsden_UFMu,C-M-0013-R.23-M1619-4_M1619-8,2024-06-28,2024-07-14,2024-07-14 11:53:00,11:45,11:00-12:00,2,48,620412,aee8d4ee63666d85149035d0780c712965cc42ca2e85d209e3d9c6f72589bb91
2024-IA_Marsden_UFMu,C-M-0013-R.23-M1619-4_M1619-8,2024-06-28,2024-07-15,2024-07-15 11:31:00,11:45,11:00-12:00,2,48,609492,59c186f4a4b0236ff6a33f3480a5a3c1eab9ce8bf2cffa1760ef596d25f10678
2024-IA_Marsden_UFMu,C-M-0013-R.23-M1619-4_M1619-8,2024-06-28,2024-07-16,2024-07-16 11:31:00,11:45,11:00-12:00,2,48,544666,640e1be1e7fd0f8f53bcad82ba0a7e68ad9a59da3574a445d0a731097cb915a9
2024-IA_Marsden_UFMu,C-M-0013-R.23-M1619-4_M1619-8,2024-06-28,2024-07-17,2024-07-17 11:31:00,11:45,11:00-12:00,2,48,628660,0851576dbed6336171ac0bbebef448943e9433e3b8a568b2ea8afc23759afc3c
2024-IA_Marsden_UFMu,C-M-0013-R.23-M1619-4_M1619-8,2024-06-28,2024-07-18,2024-07-18 11:32:00,11:45,11:00-12:00,2,48,670362,b66319ba69b20bb290d7df145392a9077047d38d727ed97bd3fe88d5819e7d89
2024-IA_Marsden_UFMu,C-M-0013-R.23-M1619-4_M1619-8,2024-06-28,2024-07-19,2024-07-19 11:32:00,11:45,11:00-12:00,2,48,639027,8bf78d19b48c1fa5169fa60b327331cec19110807584512e89d21ec2265c0ec8
2024-IA_Marsden_UFMu,C-M-0013-R.23-M1619-4_M1619-8,2024-06-28,2024-07-20,2024-07-20 11:32:00,11:45,11:00-12:00,2,48,502787,b706aae2fd17aaf05e625f667d44a294270b8c71da1e08cae499977de911eaa3
2024-IA_Marsden_UFMu,C-M-0013-R.23-M1619-4_M1619-8,2024-06-28,2024-07-21,2024-07-21 11:33:00,11:45,11:00-12:00,2,48,643438,cd3c3e606023137a491e91eb4b0eb75a14bc0bdb17f9688228da9739ad06d0e4
2024-IA_Marsden_UFMu,C-M-0013-R.23-M1619-4_M1619-8,2024-06-28,2024-07-22,2024-07-22 11:34:00,11:45,11:00-12:00,2,48,536265,753535605aa014d524f4fb75bff03849197ca4cdc640a809ca7caa25080a3e23
2024-IA_Marsden_UFMu,C-M-0013-R.23-M1619-4_M1619-8,2024-06-28,2024-07-23,2024-07-23 11:54:00,11:45,11:00-12:00,2,49,564934,6dc2a1f0f4f9d36f22d9e7123fd04b8c7aaf061949a903e088c09029db7fe4b4
2024-IA_Marsden_UFMu,C-M-0013-R.23-M1619-4_M1619-8,2024-06-28,2024-07-24,2024-07-24 11:54:00,11:45,11:00-12:00,2,48,565266,a463ed3df01491604e3264736cf2b69ffd70106e8b4e411697832d32ec0d0800
2024-IA_Marsden_UFMu,C-M-0013-R.23-M1619-4_M1619-8,2024-06-28,2024-07-25,2024-07-25 11:54:00,11:45,11:00-12:00,2,48,546150,1383ae6f76fdd2c10b66162f4ef5b4104cdc5562b1ad8edc6b7d1fda96056bb8
2024-IA_Marsden_UFMu,C-M-0013-R.23-M1619-4_M1619-8,2024-06-28,2024-07-26,2024-07-26 11:55:00,11:45,11:00-12:00,2,48,603369,47494bac5559d12c9c98f46921240c76400dc202f45288cbba0366e67c0caa9c
2024-IA_Marsden_UFMu,C-M-0013-R.23-M1619-4_M1619-8,2024-06-28,2024-07-27,2024-07-27 11:55:00,11:45,11:00-12:00,2,48,626065,2b1f9dc987a80dd9f45ca80edc123e9b6820bab153d56ddb58c1f946a523d46d
2024-IA_Marsden_UFMu,C-M-0013-R.23-M1619-4_M1619-8,2024-06-28,2024-07-28,2024-07-28 11:55:00,11:45,11:00-12:00,2,48,647254,e1b23072f52cb8cb455de3ede672effcada6e0089b69ed3d17f8f49915e5149b
2024-IA_Marsden_UFMu,C-M-0013-R.23-M1619-4_M1619-8,2024-06-28,2024-07-29,2024-07-29 11:55:00,11:45,11:00-12:00,2,48,670696,f3eeeb00db0b344cad7ebadd0dad1f8e2c5ccb5e2a78911c3d459edaa2fb76cb
2024-IA_Marsden_UFMu,C-M-0013-R.23-M1619-4_M1619-8,2024-06-28,2024-07-30,2024-07-30 11:56:00,11:45,11:00-12:00,2,48,493564,d2129c40be74e4891c67084d308ca86e82f13c848e807f306097a8c4f64f3f2b
2024-IA_Marsden_UFMu,C-M-0013-R.23-M1619-4_M1619-8,2024-06-28,2024-07-31,2024-07-31 11:55:00,11:45,11:00-12:00,2,47,647535,553268a7d5a741c120d7d0c3f154ab3c8fcc13743bae16f6f36ff2fd9e470113
2024-IA_Marsden_UFMu,C-M-0013-R.23-M1619-4_M1619-8,2024-06-28,2024-08-01,2024-08-01 11:56:00,11:45,11:00-12:00,2,48,554854,e9d28cd71cca1fb2616c3888068f19a9538965d66c5a435250f1a34e7ac72331
2024-IA_Marsden_UFMu,C-M-0013-R.23-M1619-4_M1619-8,2024-06-28,2024-08-02,2024-08-02 11:55:00,11:45,11:00-12:00,2,48,582835,1436be2e718f6e22e120a7765b9ec15e5077f8ab9212bcda6ae6425e4e5ceb87
2024-IA_Marsden_UFMu,C-M-0013-R.23-M1619-4_M1619-8,2024-06-28,2024-08-03,2024-08-03 11:57:00,11:45,11:00-12:00,2,48,571751,40543cb4dcee06da48d57b925f46930817f3ccc7dbf865d74e68f4d5f7e9cb6d
2024-IA_Marsden_UFMu,C-M-0013-R.23-M1619-4_M1619-8,2024-06-28,2024-08-04,2024-08-04 11:56:00,11:45,11:00-12:00,2,48,667755,2cef57ecaa24d15eba4796dc9d15cb86d8197a844d7374b318fe16b8fca9bcd4
2024-IA_Marsden_UFMu,C-M-0013-R.23-M1619-4_M1619-8,2024-06-28,2024-08-05,2024-08-05 11:57:00,11:45,11:00-12:00,2,48,661189,e3fabc1483fd68e6c9f0836916c8503439e5be865cced24e704e6edea966b1bc
2024-IA_Marsden_UFMu,C-M-0013-R.23-M1619-4_M1619-8,2024-06-28,2024-08-06,2024-08-06 11:56:00,11:45,11:00-12:00,2,48,559285,f1b93d254d5ac8638b62aab9aab2d6743106bfe183b86bab28c2eb471de7b01c
2024-IA_Marsden_UFMu,C-M-0013-R.23-M1619-4_M1619-8,2024-06-28,2024-08-07,2024-08-07 11:58:00,11:45,11:00-12:00,2,47,566185,dc42fdf653aa814511304cb538559e412877544632447cac839edf6f2e236a98
2024-IA_Marsden_UFMu,C-M-0013-R.23-M1619-4_M1619-8,2024-06-28,2024-08-08,2024-08-08 11:32:00,11:45,11:00-12:00,2,27,599781,e2c9bf443531b3d124689c89e5072e95856a675a71cf5b87a27c232ea7860984
2024-IA_Marsden_UFMu,C-M-0013-R.23-M1619-4_M1619-8,2024-06-28,2024-08-09,2024-08-09 11:03:00,11:45,11:00-12:00,1,23,583872,51161d2a330280b3d1989983f3ead4502b72c1080398a6e343c5b742c7c60b08
2024-IA_Marsden_UFMu,C-M-0006-L.21-M1744-4,2024-06-28,2024-06-28,2024-06-28 11:35:00,11:45,11:00-12:00,2,48,600111,f9f5f5ed8d966139c102bb1d520e208ca59f5983b59a61098f1b6b5ddf6cdf4c
2024-IA_Marsden_UFMu,C-M-0006-L.21-M1744-4,2024-06-28,2024-06-29,2024-06-29 11:34:00,11:45,11:00-12:00,2,48,652153,bc377116aaaa864c9359702f737a7255f76882d824c2f923e1eaf8223b6bfcef
2024-IA_Marsden_UFMu,C-M-0006-L.21-M1744-4,2024-06-28,2024-06-30,2024-06-30 11:36:00,11:45,11:00-12:00,2,48,604456,4e50f0533c3a1bf8b9b55791ac1514655b4cffeb81f0e5b4094b200c8f4d0475
2024-IA_Marsden_UFMu,C-M-0006-L.21-M1744-4,2024-06-28,2024-07-01,2024-07-01 11:49:00,11:45,11:00-12:00,2,49,606290,c58c76fa79f4b83d9e8d043d71c86d1d56677bdd7ec70e95ac46084d0a9bcec4
2024-IA_Marsden_UFMu,C-M-0006-L.21-M1744-4,2024-06-28,2024-07-02,2024-07-02 11:50:00,11:45,11:00-12:00,2,48,557040,eac32eeaabf2783990e8b30b0f70766dfb474ad801cdcacd0d8b18fadb013440
2024-IA_Marsden_UFMu,C-M-0006-L.21-M1744-4,2024-06-28,2024-07-03,2024-07-03 11:50:00,11:45,11:00-12:00,2,48,611311,809d36f85d382624ddfd09a93fd4fe540d374374fd0331045fe911fabbc4ceca
2024-IA_Marsden_UFMu,C-M-0006-L.21-M1744-4,2024-06-28,2024-07-04,2024-07-04 11:48:00,11:45,11:00-12:00,2,48,583268,abf7753eda95d5f9bbe5bdba36c2368f715052b786c3bd8dcd3912d49c2b2714
2024-IA_Marsden_UFMu,C-M-0006-L.21-M1744-4,2024-06-28,2024-07-05,2024-07-05 11:47:00,11:45,11:00-12:00,2,48,595482,f3db3afa51904c024330183a028fb3b81d4e783ad4a55383a37b04c3dd33d990
2024-IA_Marsden_UFMu,C-M-0006-L.21-M1744-4,2024-06-28,2024-07-06,2024-07-06 11:48:00,11:45,11:00-12:00,2,48,604036,d83a9f25834debbbb23b9bfd4bb5ec7d73d5a9104390250e880972f66db6857a
2024-IA_Marsden_UFMu,C-M-0006-L.21-M1744-4,2024-06-28,2024-07-07,2024-07-07 11:48:00,11:45,11:00-12:00,2,48,572176,e630bb23200585a4c8c8741792ab649ea2c914293adabafdb5cc890d54f894a0
2024-IA_Marsden_UFMu,C-M-0006-L.21-M1744-4,2024-06-28,2024-07-08,2024-07-08 11:48:00,11:45,11:00-12:00,2,48,585510,f7589f638fea15ddfd3358572fc24c1cffa4d4a660290049c7fa24a326b8cb3c
2024-IA_Marsden_UFMu,C-M-0006-L.21-M1744-4,2024-06-28,2024-07-09,2024-07-09 11:49:00,11:45,11:00-12:00,2,48,660125,4746cd4419de2330d8a4bdaaf179159147a12c44d811dc6e56e554435609703c
2024-IA_Marsden_UFMu,C-M-0006-L.21-M1744-4,2024-06-28,2024-07-10,2024-07-10 11:49:00,11:45,11:00-12:00,2,49,660497,d92e244b12f7f8251ee508ec4b0befde128befcfc816624523bc62dbd1880339
2024-IA_Marsden_UFMu,C-M-0006-L.21-M1744-4,2024-06-28,2024-07-11,2024-07-11 11:54:00,11:45,11:00-12:00,2,48,580043,3b66acbfcd8d7d64d69695546f856d5253dc0133092dd8a743c39f8cd18b961a
2024-IA_Marsden_UFMu,C-M-0006-L.21-M1744-4,2024-06-28,2024-07-12,2024-07-12 11:54:00,11:45,11:00-12:00,2,48,558768,d4b8c33241de1640540bdcbfff5e1f89033865cae4e108b99fe7151132bafa2a
2024-IA_Marsden_UFMu,C-M-0006-L.21-M1744-4,2024-06-28,2024-07-13,2024-07-13 11:55:00,11:45,11:00-12:00,2,48,563033,d1523c88020362ebea74e1d1c1b95ef5a3cd9075e064b99c33a59b9fbfd281ac
2024-IA_Marsden_UFMu,C-M-0006-L.21-M1744-4,2024-06-28,2024-07-14,2024-07-14 11:55:00,11:45,11:00-12:00,2,48,556790,3ee882f3fce18854ea5673cb24396ee70401eec74c2894c4865dc3c6fa02b726
2024-IA_Marsden_UFMu,C-M-0006-L.21-M1744-4,2024-06-28,2024-07-15,2024-07-15 11:34:00,11:45,11:00-12:00,2,48,680651,dd1b00c2c9ecc2fb34450d387e386db82eb161ebc4c6ce3ec051c82542caca41
2024-IA_Marsden_UFMu,C-M-0006-L.21-M1744-4,2024-06-28,2024-07-16,2024-07-16 11:33:00,11:45,11:00-12:00,2,48,651740,024a55bae75fd41ade179ad80fe83ef375570a8bcd6583f831bcc47ca8ba2772
2024-IA_Marsden_UFMu,C-M-0006-L.21-M1744-4,2024-06-28,2024-07-17,2024-07-17 11:33:00,11:45,11:00-12:00,2,48,583025,cf0c80cbc016c0f4cea1262259e7715719b5e294f5cda8dc17ce458b0e525ed8
2024-IA_Marsden_UFMu,C-M-0006-L.21-M1744-4,2024-06-28,2024-07-18,2024-07-18 11:33:00,11:45,11:00-12:00,2,48,636394,342e656ccf172cda3f2fdd143b15f654f3d2a043635c7ee02ffa5f56d25e081c
2024-IA_Marsden_UFMu,C-M-0006-L.21-M1744-4,2024-06-28,2024-07-19,2024-07-19 11:35:00,11:45,11:00-12:00,2,48,592820,9193d52b047f39fe6f2db54d57b65854f4bb29b5fc939d77737ce22531ff547e
2024-IA_Marsden_UFMu,C-M-0006-L.21-M1744-4,2024-06-28,2024-07-20,2024-07-20 11:34:00,11:45,11:00-12:00,2,48,585118,9e9e7ecd25303db8ba4d8b620439df62385706fcf6176d0c5df8a93937d87238
2024-IA_Marsden_UFMu,C-M-0006-L.21-M1744-4,2024-06-28,2024-07-21,2024-07-21 11:34:00,11:45,11:00-12:00,2,48,586118,478f35af01c1bc80b86be98974f2f09142ff83152fcf77b616575439857a795b
2024-IA_Marsden_UFMu,C-M-0006-L.21-M1744-4,2024-06-28,2024-07-22,2024-07-22 11:35:00,11:45,11:00-12:00,2,48,595604,7134c17923a07389ab7b919b7db05c1a50fd3c0b8c5e01d3dbeb55656844bd15
2024-IA_Marsden_UFMu,C-M-0006-L.21-M1744-4,2024-06-28,2024-07-23,2024-07-23 11:56:00,11:45,11:00-12:00,2,49,672354,2fbe7fea9823cc25ec4448d94c66d8ee961bd721dfa96eddbddd86d6582cff69
2024-IA_Marsden_UFMu,C-M-0006-L.21-M1744-4,2024-06-28,2024-07-24,2024-07-24 11:56:00,11:45,11:00-12:00,2,48,692700,b11b4ce7229dbe0bdeb26829747db34c6fa6ea95c205b5559a28c0f57d77be28
2024-IA_Marsden_UFMu,C-M-0006-L.21-M1744-4,2024-06-28,2024-07-25,2024-07-25 11:57:00,11:45,11:00-12:00,2,48,660240,1ee4b78b64cdc3e96e90acca2bfa7648ba48d72bbc13b654f545425d038d53c2
2024-IA_Marsden_UFMu,C-M-0006-L.21-M1744-4,2024-06-28,2024-07-26,2024-07-26 11:56:00,11:45,11:00-12:00,2,48,563961,249f1e9d53897b0c0aeebaf5b8d6b5dd8269a6cc3f34b75831660dd7088e6cb9
2024-IA_Marsden_UFMu,C-M-0006-L.21-M1744-4,2024-06-28,2024-07-27,2024-07-27 11:58:00,11:45,11:00-12:00,2,48,599826,5d57ba461db2ddbf7f849b382fad75840b6f3ff0fd63fe4f08b7bdcaa6abef80
2024-IA_Marsden_UFMu,C-M-0006-L.21-M1744-4,2024-06-28,2024-07-28,2024-07-28 11:56:00,11:45,11:00-12:00,2,48,599930,605668e7182adc481f7adc4ff94901d32dc8be0c11d0b0db46a5fb9454f30aa0
2024-IA_Marsden_UFMu,C-M-0006-L.21-M1744-4,2024-06-28,2024-07-29,2024-07-29 11:56:00,11:45,11:00-12:00,2,48,652433,3b5b81e663117eac181ea5da940447c0c8cbda049afca998d62d11d2480711a6
2024-IA_Marsden_UFMu,C-M-0006-L.21-M1744-4,2024-06-28,2024-07-30,2024-07-30 11:56:00,11:45,11:00-12:00,2,48,629741,5d2c15c2fc1d1178dbd044a56cc49dfe29ecb5b3f3936d3872208a952c909491
2024-IA_Marsden_UFMu,C-M-0006-L.21-M1744-4,2024-06-28,2024-07-31,2024-07-31 11:57:00,11:45,11:00-12:00,2,47,622074,0c5dff03801780345e85c5c6165c4c36d1f4134790398fcb524166be6dae6c12
2024-IA_Marsden_UFMu,C-M-0006-L.21-M1744-4,2024-06-28,2024-08-01,2024-08-01 11:57:00,11:45,11:00-12:00,2,48,574471,84153b8f3bf2adb2f4a88315a280c88f81bbea8fef331d4e77f68257503367c8
2024-IA_Marsden_UFMu,C-M-0006-L.21-M1744-4,2024-06-28,2024-08-02,2024-08-02 11:58:00,11:45,11:00-12:00,2,48,586630,cf54e3cf77afcae222330be75a0cacdd74009d91086d51749045b4748dc47dd2
2024-IA_Marsden_UFMu,C-M-0006-L.21-M1744-4,2024-06-28,2024-08-03,2024-08-03 11:57:00,11:45,11:00-12:00,2,48,579991,032c6de3827fb7319eeaf5148343c1490688ba0550381b41519f7c5015d2245b
2024-IA_Marsden_UFMu,C-M-0006-L.21-M1744-4,2024-06-28,2024-08-04,2024-08-04 11:58:00,11:45,11:00-12:00,2,48,647091,97e4b477440532bc23b285b37b56dd3ad09ba9ae793547d9dab6885bf9bcd7e8
2024-IA_Marsden_UFMu,C-M-0006-L.21-M1744-4,2024-06-28,2024-08-05,2024-08-05 11:58:00,11:45,11:00-12:00,2,48,623688,f75f50d076ec822bcaa6de24feda4d995b280f4c455a706c1c3d4171fff965b8
2024-IA_Marsden_UFMu,C-M-0006-L.21-M1744-4,2024-06-28,2024-08-06,2024-08-06 11:59:00,11:45,11:00-12:00,2,48,680541,ffb09b56808fde7752d3b41200f4bf858b86aadace51854b8417359ad4e641d3
2024-IA_Marsden_UFMu,C-M-0006-L.21-M1744-4,2024-06-28,2024-08-07,2024-08-07 11:58:00,11:45,11:00-12:00,2,47,594067,b761bec9ad8a6cc78309a955216999b50d64a23584f8c5737c3a5cd413cd96e0
2024-IA_Marsden_UFMu,C-M-0006-L.21-M1744-4,2024-06-28,2024-08-08,2024-08-08 11:34:00,11:45,11:00-12:00,2,27,693281,71a7c99db66877040ee1cf058bcd0bce77cad6a0320683612420ba24e8ea76a7
2024-IA_Marsden_UFMu,C-M-0006-L.21-M1744-4,2024-06-28,2024-08-09,2024-08-09 11:04:00,11:45,11:00-12:00,1,23,600204,333f582f50dd16f103d4d27cbd731e429b5ca7d09cd7aef0abad9b4d973de469
2024-IA_Marsden_UFMu,C-M-0006-R.21-M1744-4,2024-06-28,2024-06-28,2024-06-28 11:33:00,11:45,11:00-12:00,2,48,575790,3a64d5212219ecc3b67d0b1b715acb081ecaff1f47634287a803e0a76e6fd9d7
2024-IA_Marsden_UFMu,C-M-0006-R.21-M1744-4,2024-06-28,2024-06-29,2024-06-29 11:33:00,11:45,11:00-12:00,2,47,601377,35c0ac077344ecf9e462fd9456bb84f3a9faaf2a006c07f790502b9b47a5a23c
2024-IA_Marsden_UFMu,C-M-0006-R.21-M1744-4,2024-06-28,2024-06-30,2024-06-30 11:33:00,11:45,11:00-12:00,2,47,581577,c5916e584d490e344e752f9771ffab0f9bc8c4ae48e59e96db4d49f787f47262
2024-IA_Marsden_UFMu,C-M-0006-R.21-M1744-4,2024-06-28,2024-07-01,2024-07-01 11:47:00,11:45,11:00-12:00,2,49,568232,4bd240bd9af818e01b881e196160a69c794c89f6049b2fd8b73b09bc3aa66f9f
2024-IA_Marsden_UFMu,C-M-0006-R.21-M1744-4,2024-06-28,2024-07-02,2024-07-02 11:48:00,11:45,11:00-12:00,2,47,526912,1fb0c5917986317890cd68ebb14d860672a4457f1827a003b770454bb6380a89
2024-IA_Marsden_UFMu,C-M-0006-R.21-M1744-4,2024-06-28,2024-07-03,2024-07-03 11:47:00,11:45,11:00-12:00,2,47,565911,d8709f3e685d740b30b83203da87244f5a3572bff0504c768de21460b07ff60c
2024-IA_Marsden_UFMu,C-M-0006-R.21-M1744-4,2024-06-28,2024-07-04,2024-07-04 11:44:00,11:45,11:00-12:00,2,47,656550,8665922fe0eb26022a16bc303a66fbfa855885ea0bf52363c81e0ec60f75d0e0
2024-IA_Marsden_UFMu,C-M-0006-R.21-M1744-4,2024-06-28,2024-07-05,2024-07-05 11:46:00,11:45,11:00-12:00,2,48,688777,1e17b9a7b2b3cd52c8996c7f8118cdc67241a8bb24f05fa6c36d55a717045171
2024-IA_Marsden_UFMu,C-M-0006-R.21-M1744-4,2024-06-28,2024-07-06,2024-07-06 11:45:00,11:45,11:00-12:00,2,47,560737,a5a731c5f6f177690de327f93df64aa487ab02bcce21f024e7d29d778f5abeba
2024-IA_Marsden_UFMu,C-M-0006-R.21-M1744-4,2024-06-28,2024-07-07,2024-07-07 11:46:00,11:45,11:00-12:00,2,47,558417,b1b5cf954986eed553e6667737cfc08f20af5cae9a4fd0e1606c717cdf0a6de7
2024-IA_Marsden_UFMu,C-M-0006-R.21-M1744-4,2024-06-28,2024-07-08,2024-07-08 11:46:00,11:45,11:00-12:00,2,47,551427,7329605f8a0d26aa287c89224963091d31e7781d241be8aac70ffa50b27ce9fb
2024-IA_Marsden_UFMu,C-M-0006-R.21-M1744-4,2024-06-28,2024-07-09,2024-07-09 11:45:00,11:45,11:00-12:00,2,47,644312,e2f662824885659f8655a86657bd19dc167188fcb396b37112c53f19990f00e6
2024-IA_Marsden_UFMu,C-M-0006-R.21-M1744-4,2024-06-28,2024-07-10,2024-07-10 11:46:00,11:45,11:00-12:00,2,48,648706,5ce723ae891d9d5464da2496654ad9409e459ed43f66f7874e531ad00bc8fefa
2024-IA_Marsden_UFMu,C-M-0006-R.21-M1744-4,2024-06-28,2024-07-11,2024-07-11 11:52:00,11:45,11:00-12:00,2,47,549752,9035920c3365866e072a37290964e9bef95422505b4d698807ba0aec3a8c3c82
2024-IA_Marsden_UFMu,C-M-0006-R.21-M1744-4,2024-06-28,2024-07-12,2024-07-12 11:22:00,11:45,11:00-12:00,1,47,660812,8b3d28396d03e0fd042bd44f33382ab71f816ad582cda172f113fddd262a24fe
2024-IA_Marsden_UFMu,C-M-0006-R.21-M1744-4,2024-06-28,2024-07-13,2024-07-13 11:52:00,11:45,11:00-12:00,2,48,667308,9d6575160e74f9456d93758d0da3e3e48ea90279f2922a311e6b7479ccd3f2c6
2024-IA_Marsden_UFMu,C-M-0006-R.21-M1744-4,2024-06-28,2024-07-14,2024-07-14 11:53:00,11:45,11:00-12:00,2,48,603492,d2cc28c5d284b3aa382fbd5abdd5d8edd898191568cb0405014da40e59c22442
2024-IA_Marsden_UFMu,C-M-0006-R.21-M1744-4,2024-06-28,2024-07-15,2024-07-15 11:30:00,11:45,11:00-12:00,2,47,664517,3596b712a855f3ebbbf1782c5ce7d87960b7ff51b83e61c992e3e8d57f554e45
2024-IA_Marsden_UFMu,C-M-0006-R.21-M1744-4,2024-06-28,2024-07-16,2024-07-16 11:31:00,11:45,11:00-12:00,2,48,623131,0bf2b9ef0fa0a3887d11619167456564c24c02c99adb008d8406ff000d9dbec1
2024-IA_Marsden_UFMu,C-M-0006-R.21-M1744-4,2024-06-28,2024-07-17,2024-07-17 11:32:00,11:45,11:00-12:00,2,47,559051,8b85746a847021d4ca85ddb4476fa0c95e24312f2bd5d3451cd6280639207dd6
2024-IA_Marsden_UFMu,C-M-0006-R.21-M1744-4,2024-06-28,2024-07-18,2024-07-18 11:32:00,11:45,11:00-12:00,2,47,602033,fd8af98a91a625e114d4799a4e9d929403caf0f7dc4a1f69cab326c229dfbfdf
2024-IA_Marsden_UFMu,C-M-0006-R.21-M1744-4,2024-06-28,2024-07-19,2024-07-19 11:31:00,11:45,11:00-12:00,2,47,578297,645fd89c3330f29274776ef15d63e35c149691a0bed4ba9ecd820bc194239ad5
2024-IA_Marsden_UFMu,C-M-0006-R.21-M1744-4,2024-06-28,2024-07-20,2024-07-20 11:33:00,11:45,11:00-12:00,2,47,566649,dd336748eeb0edca6b323dec9e620d7a89622c1499193719d5318c2badea0789
2024-IA_Marsden_UFMu,C-M-0006-R.21-M1744-4,2024-06-28,2024-07-21,2024-07-21 11:32:00,11:45,11:00-12:00,2,47,574693,fc2f40ca3b49fe269ff9218bc44f4b032586773088f7d57ff4b976bd869c464b
2024-IA_Marsden_UFMu,C-M-0006-R.21-M1744-4,2024-06-28,2024-07-22,2024-07-22 11:32:00,11:45,11:00-12:00,2,47,581789,79d363087a91551b94a24d0dc6f724eab490e30f1783611b3260d10d069ec45f
2024-IA_Marsden_UFMu,C-M-0006-R.21-M1744-4,2024-06-28,2024-07-23,2024-07-23 11:53:00,11:45,11:00-12:00,2,49,671952,705a786f800e34aaa268ccc77106662a6a20e7a4698cb2b9aa6c487edb54038c
2024-IA_Marsden_UFMu,C-M-0006-R.21-M1744-4,2024-06-28,2024-07-24,2024-07-24 11:53:00,11:45,11:00-12:00,2,47,669974,e66c35f2e3b1e1ec1c9067674ae0e2a72fbd75d939b85bbf2331a2713737992d
2024-IA_Marsden_UFMu,C-M-0006-R.21-M1744-4,2024-06-28,2024-07-25,2024-07-25 11:54:00,11:45,11:00-12:00,2,46,630577,9347d7550f20c2bf9b62f0f31e7c351b596706ed532ace4128ac850958cc1357
2024-IA_Marsden_UFMu,C-M-0006-R.21-M1744-4,2024-06-28,2024-07-26,2024-07-26 11:55:00,11:45,11:00-12:00,2,48,676574,956279d4bb108148fedeb235197e2931e2509a115e738e016ae77aac5779c5d6
2024-IA_Marsden_UFMu,C-M-0006-R.21-M1744-4,2024-06-28,2024-07-27,2024-07-27 11:54:00,11:45,11:00-12:00,2,46,592069,42a7d7e13827c7918d9dd79b98de366092394d5cb8803de3b3302c4528503a94
2024-IA_Marsden_UFMu,C-M-0006-R.21-M1744-4,2024-06-28,2024-07-28,2024-07-28 11:54:00,11:45,11:00-12:00,2,47,593210,f544aea6c0df9a1f7585aa8b79574ac1e210ec5ca6d89023562eb5dfd880192f
2024-IA_Marsden_UFMu,C-M-0006-R.21-M1744-4,2024-06-28,2024-07-29,2024-07-29 11:54:00,11:45,11:00-12:00,2,46,646268,a08c6ecbb62395f953ae50cef0219d04fc5b0d7657a0a9252759915040040724
2024-IA_Marsden_UFMu,C-M-0006-R.21-M1744-4,2024-06-28,2024-07-30,2024-07-30 11:55:00,11:45,11:00-12:00,2,47,563725,8b21ec3aba33678d8ce36dd3a716b26aa6fa21e5dfa72c1bfcaae8c65d826fc9
2024-IA_Marsden_UFMu,C-M-0006-R.21-M1744-4,2024-06-28,2024-07-31,2024-07-31 11:55:00,11:45,11:00-12:00,2,45,609265,2b2171b5092c2edf4ac132aef82d57c197372f18d44bab2b017d67d4f9421ead
2024-IA_Marsden_UFMu,C-M-0006-R.21-M1744-4,2024-06-28,2024-08-01,2024-08-01 11:55:00,11:45,11:00-12:00,2,47,631213,1389a3fe4df560d0edb7aabbeeb9bc705c63eac07aa2a9be15625264197c2e3f
2024-IA_Marsden_UFMu,C-M-0006-R.21-M1744-4,2024-06-28,2024-08-02,2024-08-02 11:26:00,11:45,11:00-12:00,1,47,571517,2a479ffede6d1ad4cacd6312dc54dbf546664b88e8e7fdb0480e1d393544dd87
2024-IA_Marsden_UFMu,C-M-0006-R.21-M1744-4,2024-06-28,2024-08-03,2024-08-03 11:56:00,11:45,11:00-12:00,2,45,646005,dbce934738f1011f2753392b5dfdb2261186c2e41978e2d065adad5b7041ad18
2024-IA_Marsden_UFMu,C-M-0006-R.21-M1744-4,2024-06-28,2024-08-04,2024-08-04 11:56:00,11:45,11:00-12:00,2,46,625461,d987fa7122cc5cdcf6e11e5025738d3fca133d1a36993d9f1a83e66568787cc8
2024-IA_Marsden_UFMu,C-M-0006-R.21-M1744-4,2024-06-28,2024-08-05,2024-08-05 11:55:00,11:45,11:00-12:00,2,45,574972,823e09d419d15c976cd3cd7eabcd3a5bb0ca3666c7d930fa438d54874d793cd5
2024-IA_Marsden_UFMu,C-M-0006-R.21-M1744-4,2024-06-28,2024-08-06,2024-08-06 11:26:00,11:45,11:00-12:00,1,46,647618,c9623e6c9f01e0b50fe04c49b3a5bda994aef929edbc893b779948d315bde504
2024-IA_Marsden_UFMu,C-M-0006-R.21-M1744-4,2024-06-28,2024-08-07,2024-08-07 11:56:00,11:45,11:00-12:00,2,46,640176,57936d6936241e717df9609c25c086b8ed61ac4a7f9ed31a0290b5e6cb7efdcd
2024-IA_Marsden_UFMu,C-M-0006-R.21-M1744-4,2024-06-28,2024-08-08,2024-08-08 11:32:00,11:45,11:00-12:00,2,27,673412,578e53d1ff23bd0d32863c17fc8e16482168a0f1c86d1e5aac2fbea2ff516ba0
2024-IA_Marsden_UFMu,C-M-0006-R.21-M1744-4,2024-06-28,2024-08-09,2024-08-09 11:01:00,11:45,11:00-12:00,1,22,649304,7056f46a4b667fda52fd4e3b7c0a46e0c6da88488e2c5523fb2173442390cfe5
