camera,day,image,x_top,y_top,x_root,y_root,x_root_frac,height_px,conf,image_width
C_004,07_02,LH85.21-C-004_2021-07-02-12-07_CAM789.JPG,419.33966064453125,678.7891235351562,426.7571716308594,811.7315673828125,0.5520791353568685,132.94244384765625,0.8618869781494141,773
C_004,07_02,LH85.21-C-004_2021-07-02-12-07_CAM789.JPG,199.96954345703125,668.24267578125,189.6597137451172,805.437255859375,0.24535538647492522,137.194580078125,0.8065073490142822,773
C_004,07_02,LH85.21-C-004_2021-07-02-12-07_CAM789.JPG,254.09982299804688,691.7490844726562,266.0109558105469,804.8275146484375,0.3441280152788446,113.07843017578125,0.7803528904914856,773
C_004,07_02,LH85.21-C-004_2021-07-02-12-07_CAM789.JPG,570.8361206054688,712.042724609375,577.0945434570312,816.0514526367188,0.7465647392717093,104.00872802734375,0.7361633777618408,773
C_004,07_02,LH85.21-C-004_2021-07-02-12-07_CAM789.JPG,329.38238525390625,702.8062133789062,339.8980407714844,803.988037109375,0.4397128599889837,101.18182373046875,0.7310386300086975,773
C_004,07_11,LH85.21-C-004_2021-07-11-17-24_CAM789.JPG,568.6498413085938,634.4945678710938,584.2646484375,798.4343872070312,0.7558404248868047,163.9398193359375,0.8589630126953125,773
C_004,07_11,LH85.21-C-004_2021-07-11-17-24_CAM789.JPG,330.2164611816406,588.572021484375,348.3446350097656,776.7858276367188,0.4506398900514432,188.21380615234375,0.8459146022796631,773
C_004,07_11,LH85.21-C-004_2021-07-11-17-24_CAM789.JPG,421.6600036621094,602.1210327148438,437.1815185546875,780.998779296875,0.5655647070565168,178.87774658203125,0.7749114036560059,773
C_004,07_11,LH85.21-C-004_2021-07-11-17-24_CAM789.JPG,188.4176483154297,590.3848266601562,206.4505157470703,781.202392578125,0.2670769932044894,190.81756591796875,0.7201303243637085,773
C_004,07_11,LH85.21-C-004_2021-07-11-17-24_CAM789.JPG,262.9327697753906,572.5540771484375,278.73443603515625,775.1087646484375,0.3605878862033069,202.5546875,0.6737624406814575,773
C_004,07_18,LH85.21-C-004_2021-07-18-17-52_CAM789.JPG,185.52142333984375,493.58685302734375,198.34864807128906,779.2662353515625,0.25659592247256024,285.67938232421875,0.86045241355896,773
C_004,07_18,LH85.21-C-004_2021-07-18-17-52_CAM789.JPG,341.05059814453125,495.46319580078125,350.0556945800781,780.4854125976562,0.4528534211902692,285.022216796875,0.8579308986663818,773
C_004,07_18,LH85.21-C-004_2021-07-18-17-52_CAM789.JPG,573.1430053710938,554.3916015625,580.2521362304688,789.8256225585938,0.7506495940885753,235.43402099609375,0.8339308500289917,773
C_004,07_18,LH85.21-C-004_2021-07-18-17-52_CAM789.JPG,263.51983642578125,498.9234619140625,275.02838134765625,779.7516479492188,0.3557935075648852,280.82818603515625,0.8069770336151123,773
C_004,07_18,LH85.21-C-004_2021-07-18-17-52_CAM789.JPG,419.1417541503906,497.5635070800781,432.5703125,784.2847900390625,0.5595993693402329,286.7212829589844,0.7951222658157349,773
C_004,07_18,LH85.21-C-004_2021-07-18-17-52_CAM789.JPG,488.40533447265625,729.2322998046875,492.0101623535156,796.4251098632812,0.6364943885556477,67.19281005859375,0.6599645018577576,773
C_004,07_30,LH85.21-C-004_2021-07-30-17-26_CAM789.JPG,339.8614196777344,467.64251708984375,350.23138427734375,759.0123901367188,0.4530807041104059,291.369873046875,0.8853482007980347,773
C_004,07_30,LH85.21-C-004_2021-07-30-17-26_CAM789.JPG,478.2784118652344,695.1182250976562,498.6429138183594,793.4595336914062,0.6450749208516939,98.34130859375,0.864798903465271,773
C_004,07_30,LH85.21-C-004_2021-07-30-17-26_CAM789.JPG,177.35031127929688,446.1670837402344,190.05250549316406,754.8106689453125,0.24586352586437782,308.6435852050781,0.8541057109832764,773
C_004,07_30,LH85.21-C-004_2021-07-30-17-26_CAM789.JPG,261.6812438964844,426.0119323730469,272.2950134277344,762.2166748046875,0.3522574559220367,336.2047424316406,0.7914941310882568,773
C_004,07_30,LH85.21-C-004_2021-07-30-17-26_CAM789.JPG,415.7245788574219,448.2611999511719,420.63824462890625,760.2027587890625,0.5441633177605514,311.9415588378906,0.7638685703277588,773
C_004,07_30,LH85.21-C-004_2021-07-30-17-26_CAM789.JPG,571.47607421875,577.1561889648438,580.0094604492188,787.6773681640625,0.7503356538799725,210.52117919921875,0.7580951452255249,773
C_004,08_06,LH85.21-C-004_2021-08-06-18-49_CAM789.JPG,332.4291687011719,468.0965881347656,346.50115966796875,753.0640869140625,0.44825505778521185,284.9674987792969,0.8564231395721436,773
C_004,08_06,LH85.21-C-004_2021-08-06-18-49_CAM789.JPG,182.3047332763672,434.1607360839844,189.08445739746094,747.6673583984375,0.2446111997379831,313.5066223144531,0.847030758857727,773
C_004,08_06,LH85.21-C-004_2021-08-06-18-49_CAM789.JPG,259.3961181640625,440.9793395996094,270.02789306640625,757.0995483398438,0.349324570590435,316.1202087402344,0.8087264895439148,773
C_004,08_06,LH85.21-C-004_2021-08-06-18-49_CAM789.JPG,480.3752136230469,685.3240966796875,490.7319641113281,781.9224243164062,0.634840833261744,96.59832763671875,0.7370232343673706,773
C_004,08_06,LH85.21-C-004_2021-08-06-18-49_CAM789.JPG,415.2449645996094,450.8857116699219,420.2469787597656,763.3724975585938,0.5436571523412234,312.4867858886719,0.6984538435935974,773
C_004,08_06,LH85.21-C-004_2021-08-06-18-49_CAM789.JPG,569.7967529296875,572.474853515625,583.9612426757812,779.7673950195312,0.7554479206672461,207.29254150390625,0.660837709903717,773
C_005,07_11,CO255.21-C-005_2021-07-11-14-43_CAM811.JPG,208.52821350097656,492.35443115234375,224.1581268310547,767.6185913085938,0.28998464014366715,275.26416015625,0.9095376133918762,773
C_005,07_11,CO255.21-C-005_2021-07-11-14-43_CAM811.JPG,288.38067626953125,527.7542724609375,307.4971008300781,764.2503662109375,0.3977970256533999,236.49609375,0.8298294544219971,773
C_005,07_11,CO255.21-C-005_2021-07-11-14-43_CAM811.JPG,519.37060546875,619.1057739257812,537.8489990234375,782.4505615234375,0.6957943066279916,163.34478759765625,0.7016868591308594,773
C_005,07_11,CO255.21-C-005_2021-07-11-14-43_CAM811.JPG,618.822021484375,510.9757995605469,629.5001220703125,780.4393310546875,0.8143597956925129,269.4635314941406,0.6645587682723999,773
C_005,07_11,CO255.21-C-005_2021-07-11-14-43_CAM811.JPG,347.79248046875,539.7852172851562,366.7646179199219,757.4878540039062,0.47446910468295195,217.70263671875,0.39576590061187744,773
C_005,07_18,CO255.21-C-005_2021-07-18-11-39_CAM811.JPG,613.9183959960938,500.4273376464844,621.9713134765625,774.2797241210938,0.8046200691805466,273.8523864746094,0.8986108899116516,773
C_005,07_18,CO255.21-C-005_2021-07-18-11-39_CAM811.JPG,467.8591003417969,600.0716552734375,484.77874755859375,771.7628173828125,0.6271393888209492,171.691162109375,0.8794400095939636,773
C_005,07_18,CO255.21-C-005_2021-07-18-11-39_CAM811.JPG,208.5860595703125,456.6486511230469,221.9078826904297,766.0260009765625,0.28707358692164253,309.3773498535156,0.8687819838523865,773
C_005,07_18,CO255.21-C-005_2021-07-18-11-39_CAM811.JPG,304.67535400390625,476.99334716796875,306.2271728515625,768.988037109375,0.39615416927757113,291.99468994140625,0.7817203402519226,773
C_005,07_18,CO255.21-C-005_2021-07-18-11-39_CAM811.JPG,370.3521728515625,499.3462829589844,367.48907470703125,762.2265014648438,0.47540630621866914,262.8802185058594,0.7081078886985779,773
C_005,07_30,CO255.21-C-005_2021-07-30-11-45_CAM811.JPG,609.541748046875,547.2041015625,616.0921020507812,785.7293090820312,0.7970143622907907,238.52520751953125,0.931279718875885,773
C_005,07_30,CO255.21-C-005_2021-07-30-11-45_CAM811.JPG,205.37509155273438,435.2095031738281,217.0905303955078,758.521728515625,0.28084156584153663,323.3122253417969,0.8286747336387634,773
C_005,07_30,CO255.21-C-005_2021-07-30-11-45_CAM811.JPG,299.52569580078125,468.2478942871094,303.0818786621094,760.9583129882812,0.39208522465990864,292.7104187011719,0.8099932074546814,773
C_005,07_30,CO255.21-C-005_2021-07-30-11-45_CAM811.JPG,373.4097595214844,490.22802734375,379.6411437988281,750.580078125,0.4911269648109031,260.35205078125,0.787129819393158,773
C_005,08_06,CO255.21-C-005_2021-08-06-13-23_CAM811.JPG,615.0942993164062,503.27117919921875,627.09228515625,765.5230712890625,0.8112448708360285,262.25189208984375,0.9303054809570312,773
C_005,08_06,CO255.21-C-005_2021-08-06-13-23_CAM811.JPG,206.80323791503906,468.2005310058594,220.12423706054688,748.8342895507812,0.28476615402399336,280.6337585449219,0.8581790924072266,773
C_005,08_06,CO255.21-C-005_2021-08-06-13-23_CAM811.JPG,303.2912902832031,462.75872802734375,313.0048828125,758.1166381835938,0.4049222287354463,295.35791015625,0.7602335214614868,773
C_005,08_06,CO255.21-C-005_2021-08-06-13-23_CAM811.JPG,376.1179504394531,477.6763610839844,372.96246337890625,750.3069458007812,0.482487016014109,272.6305847167969,0.7461159229278564,773
C_009,07_11,11430.21-C-009_2021-07-11-13-26_CAM374.JPG,286.74029541015625,743.0791625976562,305.67730712890625,901.2427978515625,0.39544282940350095,158.16363525390625,0.8883169293403625,773
C_009,07_11,11430.21-C-009_2021-07-11-13-26_CAM374.JPG,371.21295166015625,715.81396484375,378.6270446777344,903.8562622070312,0.48981506426615057,188.04229736328125,0.8579742312431335,773
C_009,07_11,11430.21-C-009_2021-07-11-13-26_CAM374.JPG,96.52420043945312,732.7594604492188,122.6803970336914,891.7586059570312,0.15870685256622433,158.9991455078125,0.8222577571868896,773
C_009,07_11,11430.21-C-009_2021-07-11-13-26_CAM374.JPG,201.01979064941406,731.0260620117188,217.6787872314453,895.47802734375,0.2816025708039396,164.45196533203125,0.814886748790741,773
C_009,07_11,11430.21-C-009_2021-07-11-13-26_CAM374.JPG,431.12261962890625,700.400146484375,442.1200256347656,867.7977294921875,0.5719534613645092,167.3975830078125,0.7930460572242737,773
C_009,07_18,11430.21-C-009_2021-07-18-16-20_CAM374.JPG,197.3719482421875,650.34228515625,209.34207153320312,886.1259765625,0.27081768633014636,235.78369140625,0.8966853618621826,773
C_009,07_18,11430.21-C-009_2021-07-18-16-20_CAM374.JPG,107.01078033447266,601.09912109375,115.22002410888672,875.0314331054688,0.14905565861434245,273.93231201171875,0.8873305916786194,773
C_009,07_18,11430.21-C-009_2021-07-18-16-20_CAM374.JPG,432.12628173828125,602.2193603515625,436.16912841796875,849.1216430664062,0.5642550173583036,246.90228271484375,0.8773624300956726,773
C_009,07_18,11430.21-C-009_2021-07-18-16-20_CAM374.JPG,289.3270568847656,658.7841796875,301.77557373046875,858.6517944335938,0.39039530883631146,199.86761474609375,0.7930676341056824,773
C_009,07_18,11430.21-C-009_2021-07-18-16-20_CAM374.JPG,359.7612609863281,643.1663208007812,369.5025329589844,856.8596801757812,0.47801103875677153,213.693359375,0.7064923644065857,773
C_009,07_30,11430.21-C-009_2021-07-30-13-22_CAM374.JPG,282.0781555175781,491.2173767089844,283.71240234375,825.0858154296875,0.36702768737871927,333.8684387207031,0.9171598553657532,773
C_009,07_30,11430.21-C-009_2021-07-30-13-22_CAM374.JPG,86.72228240966797,478.7632751464844,105.81653594970703,828.145751953125,0.13689073214709835,349.3824768066406,0.8656350374221802,773
C_009,07_30,11430.21-C-009_2021-07-30-13-22_CAM374.JPG,434.4369201660156,468.81103515625,431.0203552246094,790.4328002929688,0.5575942499671531,321.62176513671875,0.8577938675880432,773
C_009,07_30,11430.21-C-009_2021-07-30-13-22_CAM374.JPG,191.68470764160156,490.0694274902344,198.1787109375,830.7796630859375,0.256376081419793,340.7102355957031,0.8190237283706665,773
C_009,07_30,11430.21-C-009_2021-07-30-13-22_CAM374.JPG,351.3318786621094,495.968017578125,356.9424133300781,819.1177978515625,0.46176250107383976,323.1497802734375,0.8029788732528687,773
C_009,07_30,11430.21-C-009_2021-07-30-13-22_CAM374.JPG,12.498490333557129,472.2208251953125,19.55890655517578,691.3564453125,0.02530259580229726,219.1356201171875,0.09401018172502518,773
C_009,08_06,11430.21-C-009_2021-08-06-14-14_CAM374.JPG,282.0703125,504.5365905761719,285.87677001953125,820.7693481445312,0.36982764556213615,316.2327575683594,0.8813384771347046,773
C_009,08_06,11430.21-C-009_2021-08-06-14-14_CAM374.JPG,92.95735168457031,463.8337097167969,104.66976165771484,815.8649291992188,0.1354071949000192,352.0312194824219,0.8222352266311646,773
C_009,08_06,11430.21-C-009_2021-08-06-14-14_CAM374.JPG,190.60499572753906,500.42919921875,197.55526733398438,828.3692626953125,0.2555695567063187,327.9400634765625,0.8140420317649841,773
C_009,08_06,11430.21-C-009_2021-08-06-14-14_CAM374.JPG,357.85504150390625,505.7265625,366.3148498535156,805.8844604492188,0.47388725724904995,300.15789794921875,0.7861316204071045,773
C_009,08_06,11430.21-C-009_2021-08-06-14-14_CAM374.JPG,430.27972412109375,487.32257080078125,427.4194641113281,796.362548828125,0.5529359173497129,309.03997802734375,0.7187427878379822,773
C_010,07_02,CO106.21-C-010_2021-07-02-18-19_CAM405.JPG,188.3828125,670.1353149414062,207.68577575683594,831.5217895507812,0.2686750009790892,161.386474609375,0.8718667030334473,773
C_010,07_02,CO106.21-C-010_2021-07-02-18-19_CAM405.JPG,349.2980041503906,653.7173461914062,362.272216796875,820.0521240234375,0.46865746028056277,166.33477783203125,0.8244192600250244,773
C_010,07_02,CO106.21-C-010_2021-07-02-18-19_CAM405.JPG,275.7436828613281,644.437744140625,285.21759033203125,824.2861328125,0.36897489046834575,179.848388671875,0.8173490166664124,773
C_010,07_02,CO106.21-C-010_2021-07-02-18-19_CAM405.JPG,521.510986328125,680.4827880859375,532.724853515625,834.4254150390625,0.6891653991146507,153.942626953125,0.8142048716545105,773
C_010,07_02,CO106.21-C-010_2021-07-02-18-19_CAM405.JPG,603.3956909179688,681.987548828125,612.5511474609375,831.7235107421875,0.7924335672198415,149.7359619140625,0.8020983934402466,773
C_010,07_02,CO106.21-C-010_2021-07-02-18-19_CAM405.JPG,428.1193542480469,647.4298706054688,437.3563537597656,824.4548950195312,0.5657908845533838,177.0250244140625,0.8004530072212219,773
C_010,07_11,CO106.21-C-010_2021-07-11-15-03_CAM405.JPG,499.7297058105469,626.5730590820312,506.07623291015625,798.14208984375,0.6546911163132682,171.56903076171875,0.8691949248313904,773
C_010,07_11,CO106.21-C-010_2021-07-11-15-03_CAM405.JPG,391.2940368652344,731.5940551757812,417.5608825683594,895.978271484375,0.5401822542928323,164.38421630859375,0.8060118556022644,773
C_010,07_11,CO106.21-C-010_2021-07-11-15-03_CAM405.JPG,260.2517395019531,635.867431640625,279.15155029296875,857.2626953125,0.3611274906765443,221.395263671875,0.7490440011024475,773
C_010,07_11,CO106.21-C-010_2021-07-11-15-03_CAM405.JPG,157.1217041015625,663.006103515625,173.14344787597656,861.042724609375,0.22398893645016374,198.03662109375,0.6793180108070374,773
C_010,07_11,CO106.21-C-010_2021-07-11-15-03_CAM405.JPG,599.86376953125,635.9059448242188,614.295654296875,827.2821655273438,0.7946903677837969,191.376220703125,0.6560189127922058,773
C_010,07_11,CO106.21-C-010_2021-07-11-15-03_CAM405.JPG,187.8580780029297,663.9241333007812,192.36184692382812,866.942626953125,0.24885103094932487,203.01849365234375,0.30271080136299133,773
C_010,07_18,CO106.21-C-010_2021-07-18-14-58_CAM405.JPG,473.0148620605469,541.6097412109375,482.08245849609375,810.5388793945312,0.6236513046521265,268.92913818359375,0.8656031489372253,773
C_010,07_18,CO106.21-C-010_2021-07-18-14-58_CAM405.JPG,259.82861328125,586.4832153320312,271.4770202636719,840.4346923828125,0.35119925001768676,253.95147705078125,0.8040148615837097,773
C_010,07_18,CO106.21-C-010_2021-07-18-14-58_CAM405.JPG,177.458251953125,582.9736938476562,185.3765869140625,834.4163208007812,0.2398144720751132,251.442626953125,0.7853206396102905,773
C_010,07_18,CO106.21-C-010_2021-07-18-14-58_CAM405.JPG,556.3421630859375,575.55029296875,562.4564819335938,818.5945434570312,0.7276280490732131,243.04425048828125,0.7597560882568359,773
C_010,07_18,CO106.21-C-010_2021-07-18-14-58_CAM405.JPG,357.405029296875,554.8504638671875,358.5992431640625,863.1835327148438,0.4639058773144405,308.33306884765625,0.7456991076469421,773
C_010,07_18,CO106.21-C-010_2021-07-18-14-58_CAM405.JPG,613.939697265625,550.3858032226562,622.7879638671875,807.05615234375,0.8056765379911869,256.67034912109375,0.6376226544380188,773
C_010,07_30,CO106.21-C-010_2021-07-30-14-12_CAM405.JPG,260.57080078125,564.2906494140625,262.3910217285156,860.637451171875,0.3394450475142505,296.3468017578125,0.8983119130134583,773
C_010,07_30,CO106.21-C-010_2021-07-30-14-12_CAM405.JPG,163.7129364013672,554.94873046875,178.40101623535156,849.4916381835938,0.2307904479111922,294.54290771484375,0.8420430421829224,773
C_010,07_30,CO106.21-C-010_2021-07-30-14-12_CAM405.JPG,359.2788391113281,505.468017578125,364.40924072265625,855.32666015625,0.4714220449193483,349.858642578125,0.8224378824234009,773
C_010,07_30,CO106.21-C-010_2021-07-30-14-12_CAM405.JPG,475.8807678222656,535.313720703125,482.4004821777344,807.65283203125,0.6240627195054779,272.339111328125,0.8199526071548462,773
C_010,07_30,CO106.21-C-010_2021-07-30-14-12_CAM405.JPG,564.3184204101562,553.880859375,572.2316284179688,808.5226440429688,0.7402737754436853,254.64178466796875,0.7793982625007629,773
C_010,07_30,CO106.21-C-010_2021-07-30-14-12_CAM405.JPG,615.7879638671875,548.8841552734375,621.8248291015625,795.9821166992188,0.8044305680485931,247.09796142578125,0.6719791293144226,773
C_011,07_11,B73.21-C-011_2021-07-11-17-41_CAM397.JPG,533.89599609375,586.9042358398438,548.60498046875,768.757568359375,0.7097089009945019,181.85333251953125,0.9060370326042175,773
C_011,07_11,B73.21-C-011_2021-07-11-17-41_CAM397.JPG,621.0261840820312,559.2847290039062,642.3717651367188,764.2966918945312,0.8310113391160656,205.011962890625,0.845331072807312,773
C_011,07_11,B73.21-C-011_2021-07-11-17-41_CAM397.JPG,291.0781555175781,561.7691650390625,308.80242919921875,758.0943603515625,0.3994856781361174,196.3251953125,0.8112246990203857,773
C_011,07_11,B73.21-C-011_2021-07-11-17-41_CAM397.JPG,365.26947021484375,555.2510986328125,382.0290222167969,761.9479370117188,0.49421607013815894,206.69683837890625,0.8025662899017334,773
C_011,07_11,B73.21-C-011_2021-07-11-17-41_CAM397.JPG,222.91989135742188,564.259033203125,242.40525817871094,759.7965698242188,0.31359024343947084,195.53753662109375,0.7900806665420532,773
C_011,07_11,B73.21-C-011_2021-07-11-17-41_CAM397.JPG,452.66229248046875,587.0681762695312,466.210693359375,759.5216674804688,0.6031186201285575,172.4534912109375,0.7737938761711121,773
C_011,07_18,B73.21-C-011_2021-07-18-14-58_CAM397.JPG,445.7371520996094,478.1954650878906,461.8052978515625,729.470703125,0.5974195315026681,251.27523803710938,0.8382212519645691,773
C_011,07_18,B73.21-C-011_2021-07-18-14-58_CAM397.JPG,543.28759765625,480.04541015625,551.295654296875,737.2174682617188,0.7131897209532665,257.17205810546875,0.8362274169921875,773
C_011,07_18,B73.21-C-011_2021-07-18-14-58_CAM397.JPG,366.94879150390625,462.804931640625,380.1167297363281,727.9819946289062,0.49174221181931194,265.17706298828125,0.8180663585662842,773
C_011,07_18,B73.21-C-011_2021-07-18-14-58_CAM397.JPG,295.5557556152344,467.20458984375,313.20953369140625,728.7822265625,0.4051869776085463,261.57763671875,0.7975907325744629,773
C_011,07_18,B73.21-C-011_2021-07-18-14-58_CAM397.JPG,618.031982421875,438.4093933105469,630.5433349609375,736.0776977539062,0.8157093595872412,297.6683044433594,0.7874451279640198,773
C_011,07_18,B73.21-C-011_2021-07-18-14-58_CAM397.JPG,215.94403076171875,455.9442138671875,230.2770233154297,721.4393920898438,0.2979004182605817,265.49517822265625,0.6494336128234863,773
C_011,07_30,B73.21-C-011_2021-07-30-13-41_CAM397.JPG,462.8973388671875,313.9574890136719,465.6492614746094,694.2344360351562,0.6023923175609436,380.2769470214844,0.8918263912200928,773
C_011,07_30,B73.21-C-011_2021-07-30-13-41_CAM397.JPG,377.143798828125,332.7059326171875,382.8995056152344,688.781494140625,0.4953421806147922,356.0755615234375,0.8359858393669128,773
C_011,07_30,B73.21-C-011_2021-07-30-13-41_CAM397.JPG,291.96368408203125,322.6855773925781,302.2033386230469,681.4258422851562,0.390948691621018,358.7402648925781,0.8315272331237793,773
C_011,07_30,B73.21-C-011_2021-07-30-13-41_CAM397.JPG,537.9453125,306.828125,543.431396484375,698.64404296875,0.7030160368491267,391.81591796875,0.8300938606262207,773
C_011,07_30,B73.21-C-011_2021-07-30-13-41_CAM397.JPG,631.1439819335938,304.3588562011719,633.8655395507812,699.0625,0.82000716630114,394.7036437988281,0.8113863468170166,773
C_011,07_30,B73.21-C-011_2021-07-30-13-41_CAM397.JPG,226.0674285888672,322.6628723144531,235.4065704345703,669.2660522460938,0.3045363136281634,346.6031799316406,0.8033631443977356,773
C_016,07_02,C49A.21-C-016_2021-07-02-08-26_CAM825.JPG,280.6678771972656,700.55078125,284.1257629394531,826.0656127929688,0.36756243588545034,125.51483154296875,0.8930468559265137,773
C_016,07_02,C49A.21-C-016_2021-07-02-08-26_CAM825.JPG,345.7078552246094,700.1101684570312,359.4339904785156,829.84375,0.4649857574107576,129.73358154296875,0.8437824249267578,773
C_016,07_02,C49A.21-C-016_2021-07-02-08-26_CAM825.JPG,425.44110107421875,685.5396728515625,436.39422607421875,829.615234375,0.5645462174310721,144.0755615234375,0.7602056860923767,773
C_016,07_11,C49A.21-C-016_2021-07-11-10-28_CAM825.JPG,420.7677307128906,633.5875854492188,437.5397033691406,817.8756713867188,0.5660280768035454,184.2880859375,0.8718023896217346,773
C_016,07_11,C49A.21-C-016_2021-07-11-10-28_CAM825.JPG,272.7015380859375,640.0641479492188,293.213623046875,801.8136596679688,0.37931904663243854,161.74951171875,0.8043039441108704,773
C_016,07_11,C49A.21-C-016_2021-07-11-10-28_CAM825.JPG,335.9322204589844,601.6224365234375,358.3629455566406,806.8228149414062,0.4636001883009581,205.20037841796875,0.7800517082214355,773
C_016,07_18,C49A.21-C-016_2021-07-18-15-17_CAM825.JPG,414.4792785644531,591.5949096679688,432.9854431152344,805.541015625,0.5601364076523083,213.94610595703125,0.8380028605461121,773
C_016,07_18,C49A.21-C-016_2021-07-18-15-17_CAM825.JPG,341.7538146972656,580.406005859375,356.7450866699219,794.4877319335938,0.4615072272573375,214.08172607421875,0.8210973739624023,773
C_016,07_18,C49A.21-C-016_2021-07-18-15-17_CAM825.JPG,271.0634460449219,575.3803100585938,286.0465087890625,797.6846313476562,0.3700472299987872,222.3043212890625,0.7001046538352966,773
C_016,07_30,C49A.21-C-016_2021-07-30-11-45_CAM825.JPG,423.64447021484375,604.30078125,435.3728942871094,799.4437866210938,0.5632249602679293,195.14300537109375,0.8236324787139893,773
C_016,07_30,C49A.21-C-016_2021-07-30-11-45_CAM825.JPG,343.31719970703125,583.0736694335938,356.92034912109375,793.0830688476562,0.4617339574658393,210.0093994140625,0.8157033920288086,773
C_016,07_30,C49A.21-C-016_2021-07-30-11-45_CAM825.JPG,275.37139892578125,557.8936157226562,284.4048767089844,789.0897827148438,0.3679235145006266,231.1961669921875,0.7488639950752258,773
C_016,08_06,C49A.21-C-016_2021-08-06-09-10_CAM825.JPG,280.3562927246094,542.3978271484375,290.7461242675781,792.4434204101562,0.37612693954408555,250.04559326171875,0.8116369247436523,773
C_016,08_06,C49A.21-C-016_2021-08-06-09-10_CAM825.JPG,419.3569641113281,581.9686889648438,432.64239501953125,796.4494018554688,0.5596926196889149,214.480712890625,0.796339750289917,773
C_016,08_06,C49A.21-C-016_2021-08-06-09-10_CAM825.JPG,344.02899169921875,580.6109619140625,355.3685607910156,793.336181640625,0.4597264693286101,212.7252197265625,0.7785220742225647,773
C_021,07_02,EP1.21-C-021_2021-07-02-15-31_CAM219.JPG,86.71490478515625,609.4877319335938,96.9129867553711,793.2091064453125,0.12537255725145033,183.72137451171875,0.9149250388145447,773
C_021,07_02,EP1.21-C-021_2021-07-02-15-31_CAM219.JPG,181.51608276367188,629.4749755859375,195.96351623535156,792.2400512695312,0.25351037029152856,162.76507568359375,0.858048141002655,773
C_021,07_02,EP1.21-C-021_2021-07-02-15-31_CAM219.JPG,342.6710510253906,677.43017578125,334.000244140625,797.8828735351562,0.43208311014311124,120.45269775390625,0.8484508395195007,773
C_021,07_02,EP1.21-C-021_2021-07-02-15-31_CAM219.JPG,257.71026611328125,708.2236938476562,264.66180419921875,803.7523193359375,0.34238267037415104,95.52862548828125,0.7994968295097351,773
C_021,07_11,EP1.21-C-021_2021-07-11-11-56_CAM219.JPG,378.3876647949219,626.5286254882812,388.2699279785156,773.9992065429688,0.5022896869062298,147.4705810546875,0.8484010100364685,773
C_021,07_11,EP1.21-C-021_2021-07-11-11-56_CAM219.JPG,40.6136360168457,633.5327758789062,54.19328689575195,780.8917846679688,0.07010774501390939,147.3590087890625,0.7708228826522827,773
C_021,07_11,EP1.21-C-021_2021-07-11-11-56_CAM219.JPG,255.82821655273438,598.8413696289062,271.98846435546875,767.7368774414062,0.35186088532402165,168.8955078125,0.7347785830497742,773
C_021,07_11,EP1.21-C-021_2021-07-11-11-56_CAM219.JPG,20.407184600830078,634.2139892578125,34.814178466796875,782.328125,0.04503774704630902,148.1141357421875,0.09600390493869781,773
C_021,07_18,EP1.21-C-021_2021-07-18-14-27_CAM219.JPG,46.6527214050293,523.3750610351562,62.26787185668945,766.2210083007812,0.08055352116001223,242.845947265625,0.8837239146232605,773
C_021,07_18,EP1.21-C-021_2021-07-18-14-27_CAM219.JPG,271.57659912109375,653.197021484375,268.76104736328125,775.8456420898438,0.34768570163425777,122.64862060546875,0.8011168837547302,773
C_021,07_18,EP1.21-C-021_2021-07-18-14-27_CAM219.JPG,206.71624755859375,493.7779235839844,214.31393432617188,768.6504516601562,0.27724959162506063,274.8725280761719,0.7942128777503967,773
C_021,07_18,EP1.21-C-021_2021-07-18-14-27_CAM219.JPG,366.69805908203125,543.349609375,363.96759033203125,766.38525390625,0.4708506990065087,223.03564453125,0.7535802125930786,773
C_021,07_30,EP1.21-C-021_2021-07-30-10-01_CAM219.JPG,64.69990539550781,485.3771667480469,73.86982727050781,751.8491821289062,0.0955625191080308,266.4720153808594,0.8361376523971558,773
C_021,07_30,EP1.21-C-021_2021-07-30-10-01_CAM219.JPG,363.0573425292969,526.1681518554688,370.71527099609375,762.3123779296875,0.4795799107323334,236.14422607421875,0.7531542778015137,773
C_021,07_30,EP1.21-C-021_2021-07-30-10-01_CAM219.JPG,277.40460205078125,568.7511596679688,278.50927734375,773.95556640625,0.3602966071717335,205.20440673828125,0.7187873125076294,773
C_021,07_30,EP1.21-C-021_2021-07-30-10-01_CAM219.JPG,207.50698852539062,510.5219421386719,217.08763122558594,766.9891967773438,0.28083781529830004,256.4672546386719,0.5914623737335205,773
C_021,07_30,EP1.21-C-021_2021-07-30-10-01_CAM219.JPG,0.0,484.9986267089844,10.260580062866211,717.1950073242188,0.013273712888572072,232.19638061523438,0.08872746676206589,773
