row_id,source_xml,image_name,pole_label,annotation_status,top_x_px,top_y_px,ground_x_px,ground_y_px,polyline_length_px,physical_length_ft,physical_length_cm,physical_definition,label_definition
C-004,C-004.xml,C-004_2021-07-02.JPG,pole1,usable,413.5,448.6,413.2,773.6,325.000138461509,5.0,152.4,nominal vertical extent from pole ground contact to camera mounting/optical-center height,distinct visible 2021 camera-support pole; numeric label does not by itself encode depth
C-004,C-004.xml,C-004_2021-07-02.JPG,pole2,usable,47.7,448.54,47.7,608.8,160.25999999999993,5.0,152.4,nominal vertical extent from pole ground contact to camera mounting/optical-center height,distinct visible 2021 camera-support pole; numeric label does not by itself encode depth
C-004,C-004.xml,C-004_2021-07-02.JPG,pole3,usable,164.9,456.3,164.9,564.0,107.69999999999999,5.0,152.4,nominal vertical extent from pole ground contact to camera mounting/optical-center height,distinct visible 2021 camera-support pole; numeric label does not by itself encode depth
C-004,C-004.xml,C-004_2021-07-11.JPG,pole1,usable,408.7,438.1,408.1,770.3,332.20054184182175,5.0,152.4,nominal vertical extent from pole ground contact to camera mounting/optical-center height,distinct visible 2021 camera-support pole; numeric label does not by itself encode depth
C-004,C-004.xml,C-004_2021-07-11.JPG,pole2,usable,41.41,436.71,43.4,595.0,158.3025085082356,5.0,152.4,nominal vertical extent from pole ground contact to camera mounting/optical-center height,distinct visible 2021 camera-support pole; numeric label does not by itself encode depth
C-004,C-004.xml,C-004_2021-07-11.JPG,pole3,unusable,159.8,444.5,159.6,546.7,102.20019569452893,5.0,152.4,nominal vertical extent from pole ground contact to camera mounting/optical-center height,distinct visible 2021 camera-support pole; numeric label does not by itself encode depth
C-004,C-004.xml,C-004_2021-07-18.JPG,pole1,usable,413.8,434.5,411.7,755.5,321.0068690853827,5.0,152.4,nominal vertical extent from pole ground contact to camera mounting/optical-center height,distinct visible 2021 camera-support pole; numeric label does not by itself encode depth
C-004,C-004.xml,C-004_2021-07-18.JPG,pole2,usable,46.2,434.5,48.5,586.9,152.41735465490797,5.0,152.4,nominal vertical extent from pole ground contact to camera mounting/optical-center height,distinct visible 2021 camera-support pole; numeric label does not by itself encode depth
C-004,C-004.xml,C-004_2021-07-18.JPG,pole3,unusable,163.5,442.4,164.8,539.6,97.20869302690994,5.0,152.4,nominal vertical extent from pole ground contact to camera mounting/optical-center height,distinct visible 2021 camera-support pole; numeric label does not by itself encode depth
C-004,C-004.xml,C-004_2021-07-30.JPG,pole1,usable,414.3,427.6,412.9,749.7,322.1030425190051,5.0,152.4,nominal vertical extent from pole ground contact to camera mounting/optical-center height,distinct visible 2021 camera-support pole; numeric label does not by itself encode depth
C-004,C-004.xml,C-004_2021-07-30.JPG,pole2,usable,47.6,425.3,50.2,584.7,159.42120310673863,5.0,152.4,nominal vertical extent from pole ground contact to camera mounting/optical-center height,distinct visible 2021 camera-support pole; numeric label does not by itself encode depth
C-004,C-004.xml,C-004_2021-07-30.JPG,pole3,unusable,164.63,433.76,166.0,540.1,106.34882462914203,5.0,152.4,nominal vertical extent from pole ground contact to camera mounting/optical-center height,distinct visible 2021 camera-support pole; numeric label does not by itself encode depth
C-004,C-004.xml,C-004_2021-08-06.JPG,pole1,usable,412.5,425.1,409.0,749.1,324.01890376951775,5.0,152.4,nominal vertical extent from pole ground contact to camera mounting/optical-center height,distinct visible 2021 camera-support pole; numeric label does not by itself encode depth
C-004,C-004.xml,C-004_2021-08-06.JPG,pole2,usable,44.7,423.5,46.7,583.0,159.51253869210407,5.0,152.4,nominal vertical extent from pole ground contact to camera mounting/optical-center height,distinct visible 2021 camera-support pole; numeric label does not by itself encode depth
C-004,C-004.xml,C-004_2021-08-06.JPG,pole3,unusable,161.66,431.2,162.6,527.8,96.6045733907044,5.0,152.4,nominal vertical extent from pole ground contact to camera mounting/optical-center height,distinct visible 2021 camera-support pole; numeric label does not by itself encode depth
C-004,C-004.xml,LH85.21-C-004_2021-07-12-10-21_CAM789.JPG,pole1,usable,414.4,440.7,412.8,759.3,318.6040175515682,5.0,152.4,nominal vertical extent from pole ground contact to camera mounting/optical-center height,distinct visible 2021 camera-support pole; numeric label does not by itself encode depth
C-004,C-004.xml,LH85.21-C-004_2021-07-12-10-21_CAM789.JPG,pole2,usable,48.7,438.6,49.6,598.1,159.50253916474182,5.0,152.4,nominal vertical extent from pole ground contact to camera mounting/optical-center height,distinct visible 2021 camera-support pole; numeric label does not by itself encode depth
C-004,C-004.xml,LH85.21-C-004_2021-07-12-10-21_CAM789.JPG,pole3,usable,165.3,446.1,166.2,552.9,106.80379206751037,5.0,152.4,nominal vertical extent from pole ground contact to camera mounting/optical-center height,distinct visible 2021 camera-support pole; numeric label does not by itself encode depth
C-005,C-005.xml,C-005_2021-07-11.JPG,pole1,usable,438.1,440.1,429.5,747.1,307.1204324039675,5.0,152.4,nominal vertical extent from pole ground contact to camera mounting/optical-center height,distinct visible 2021 camera-support pole; numeric label does not by itself encode depth
C-005,C-005.xml,C-005_2021-07-11.JPG,pole2,usable,107.2,429.0,108.0,583.4,154.40207252495023,5.0,152.4,nominal vertical extent from pole ground contact to camera mounting/optical-center height,distinct visible 2021 camera-support pole; numeric label does not by itself encode depth
C-005,C-005.xml,C-005_2021-07-11.JPG,pole3,usable,218.8,438.6,217.0,533.7,95.11703317492616,5.0,152.4,nominal vertical extent from pole ground contact to camera mounting/optical-center height,distinct visible 2021 camera-support pole; numeric label does not by itself encode depth
C-005,C-005.xml,C-005_2021-07-18.JPG,pole1,usable,425.6,433.8,416.5,738.5,304.83585747086903,5.0,152.4,nominal vertical extent from pole ground contact to camera mounting/optical-center height,distinct visible 2021 camera-support pole; numeric label does not by itself encode depth
C-005,C-005.xml,C-005_2021-07-18.JPG,pole2,usable,92.5,423.9,94.0,579.4,155.50723455839602,5.0,152.4,nominal vertical extent from pole ground contact to camera mounting/optical-center height,distinct visible 2021 camera-support pole; numeric label does not by itself encode depth
C-005,C-005.xml,C-005_2021-07-18.JPG,pole3,usable,205.1,432.9,203.5,535.8,102.91243850963787,5.0,152.4,nominal vertical extent from pole ground contact to camera mounting/optical-center height,distinct visible 2021 camera-support pole; numeric label does not by itself encode depth
C-005,C-005.xml,C-005_2021-07-30.JPG,pole1,usable,423.6,432.1,414.7,732.0,300.0320316232918,5.0,152.4,nominal vertical extent from pole ground contact to camera mounting/optical-center height,distinct visible 2021 camera-support pole; numeric label does not by itself encode depth
C-005,C-005.xml,C-005_2021-07-30.JPG,pole2,usable,90.8,421.9,92.5,578.0,156.10925661215612,5.0,152.4,nominal vertical extent from pole ground contact to camera mounting/optical-center height,distinct visible 2021 camera-support pole; numeric label does not by itself encode depth
C-005,C-005.xml,C-005_2021-07-30.JPG,pole3,usable,203.71,431.58,201.75,537.38,105.81815345204245,5.0,152.4,nominal vertical extent from pole ground contact to camera mounting/optical-center height,distinct visible 2021 camera-support pole; numeric label does not by itself encode depth
C-005,C-005.xml,C-005_2021-08-06.JPG,pole1,usable,424.8,429.0,415.8,727.2,298.33578397503715,5.0,152.4,nominal vertical extent from pole ground contact to camera mounting/optical-center height,distinct visible 2021 camera-support pole; numeric label does not by itself encode depth
C-005,C-005.xml,C-005_2021-08-06.JPG,pole2,unusable,90.12,418.31,92.4,574.8,156.50660848667056,5.0,152.4,nominal vertical extent from pole ground contact to camera mounting/optical-center height,distinct visible 2021 camera-support pole; numeric label does not by itself encode depth
C-005,C-005.xml,C-005_2021-08-06.JPG,pole3,usable,203.8,426.7,201.5,533.1,106.42485611923564,5.0,152.4,nominal vertical extent from pole ground contact to camera mounting/optical-center height,distinct visible 2021 camera-support pole; numeric label does not by itself encode depth
C-005,C-005.xml,CO255.21-C-005_2021-07-12-10-21_CAM811.JPG,pole1,usable,433.8,440.3,425.3,745.5,305.31834206283776,5.0,152.4,nominal vertical extent from pole ground contact to camera mounting/optical-center height,distinct visible 2021 camera-support pole; numeric label does not by itself encode depth
C-005,C-005.xml,CO255.21-C-005_2021-07-12-10-21_CAM811.JPG,pole2,usable,103.2,429.3,103.0,586.8,157.50012698407573,5.0,152.4,nominal vertical extent from pole ground contact to camera mounting/optical-center height,distinct visible 2021 camera-support pole; numeric label does not by itself encode depth
C-005,C-005.xml,CO255.21-C-005_2021-07-12-10-21_CAM811.JPG,pole3,usable,214.1,439.0,212.9,542.3,103.3069697551912,5.0,152.4,nominal vertical extent from pole ground contact to camera mounting/optical-center height,distinct visible 2021 camera-support pole; numeric label does not by itself encode depth
C-009,C-009.xml,11430.21-C-009_2021-07-12-10-32_CAM374.JPG,pole1,usable,262.1,507.9,252.2,845.6,337.84508284123365,5.0,152.4,nominal vertical extent from pole ground contact to camera mounting/optical-center height,distinct visible 2021 camera-support pole; numeric label does not by itself encode depth
C-009,C-009.xml,11430.21-C-009_2021-07-12-10-32_CAM374.JPG,pole2,usable,19.9,505.5,23.4,626.6,121.15056747700362,5.0,152.4,nominal vertical extent from pole ground contact to camera mounting/optical-center height,distinct visible 2021 camera-support pole; numeric label does not by itself encode depth
C-009,C-009.xml,C-009_2021-07-11.JPG,pole1,usable,262.5,510.5,254.9,845.0,334.5863266781833,5.0,152.4,nominal vertical extent from pole ground contact to camera mounting/optical-center height,distinct visible 2021 camera-support pole; numeric label does not by itself encode depth
C-009,C-009.xml,C-009_2021-07-11.JPG,pole2,usable,22.5,512.3,26.0,624.3,112.05467415507485,5.0,152.4,nominal vertical extent from pole ground contact to camera mounting/optical-center height,distinct visible 2021 camera-support pole; numeric label does not by itself encode depth
C-009,C-009.xml,C-009_2021-07-18.JPG,pole1,usable,256.4,495.4,246.7,831.7,336.43986089641646,5.0,152.4,nominal vertical extent from pole ground contact to camera mounting/optical-center height,distinct visible 2021 camera-support pole; numeric label does not by itself encode depth
C-009,C-009.xml,C-009_2021-07-18.JPG,pole2,usable,12.8,492.7,17.3,613.9,121.28351083308893,5.0,152.4,nominal vertical extent from pole ground contact to camera mounting/optical-center height,distinct visible 2021 camera-support pole; numeric label does not by itself encode depth
C-009,C-009.xml,C-009_2021-07-30.JPG,pole1,usable,255.0,473.6,245.7,802.1,328.631617468557,5.0,152.4,nominal vertical extent from pole ground contact to camera mounting/optical-center height,distinct visible 2021 camera-support pole; numeric label does not by itself encode depth
C-009,C-009.xml,C-009_2021-07-30.JPG,pole2,usable,11.6,465.9,17.5,587.5,121.74304908289427,5.0,152.4,nominal vertical extent from pole ground contact to camera mounting/optical-center height,distinct visible 2021 camera-support pole; numeric label does not by itself encode depth
C-009,C-009.xml,C-009_2021-08-06.JPG,pole1,usable,253.9,468.1,244.5,801.3,333.33256666578495,5.0,152.4,nominal vertical extent from pole ground contact to camera mounting/optical-center height,distinct visible 2021 camera-support pole; numeric label does not by itself encode depth
C-009,C-009.xml,C-009_2021-08-06.JPG,pole2,usable,9.5,462.4,15.2,583.1,120.83451493675146,5.0,152.4,nominal vertical extent from pole ground contact to camera mounting/optical-center height,distinct visible 2021 camera-support pole; numeric label does not by itself encode depth
C-010,C-010.xml,C-010_2021-07-02.JPG,pole1,usable,426.9,447.2,430.7,789.1,341.921116633647,5.0,152.4,nominal vertical extent from pole ground contact to camera mounting/optical-center height,distinct visible 2021 camera-support pole; numeric label does not by itself encode depth
C-010,C-010.xml,C-010_2021-07-02.JPG,pole2,usable,60.6,457.2,63.9,620.9,163.7332586861936,5.0,152.4,nominal vertical extent from pole ground contact to camera mounting/optical-center height,distinct visible 2021 camera-support pole; numeric label does not by itself encode depth
C-010,C-010.xml,C-010_2021-07-02.JPG,pole3,usable,183.7,460.3,187.8,567.8,107.57815763434503,5.0,152.4,nominal vertical extent from pole ground contact to camera mounting/optical-center height,distinct visible 2021 camera-support pole; numeric label does not by itself encode depth
C-010,C-010.xml,C-010_2021-07-11.JPG,pole1,usable,428.1,443.3,432.5,786.0,342.7282451155726,5.0,152.4,nominal vertical extent from pole ground contact to camera mounting/optical-center height,distinct visible 2021 camera-support pole; numeric label does not by itself encode depth
C-010,C-010.xml,C-010_2021-07-11.JPG,pole2,usable,62.7,451.2,66.0,618.4,167.2325626186479,5.0,152.4,nominal vertical extent from pole ground contact to camera mounting/optical-center height,distinct visible 2021 camera-support pole; numeric label does not by itself encode depth
C-010,C-010.xml,C-010_2021-07-11.JPG,pole3,usable,186.4,455.8,189.4,563.3,107.54185231806261,5.0,152.4,nominal vertical extent from pole ground contact to camera mounting/optical-center height,distinct visible 2021 camera-support pole; numeric label does not by itself encode depth
C-010,C-010.xml,C-010_2021-07-18.JPG,pole1,usable,423.9,440.4,427.5,782.8,342.4189247106532,5.0,152.4,nominal vertical extent from pole ground contact to camera mounting/optical-center height,distinct visible 2021 camera-support pole; numeric label does not by itself encode depth
C-010,C-010.xml,C-010_2021-07-18.JPG,pole2,usable,57.2,449.1,60.2,614.1,165.0272704737008,5.0,152.4,nominal vertical extent from pole ground contact to camera mounting/optical-center height,distinct visible 2021 camera-support pole; numeric label does not by itself encode depth
C-010,C-010.xml,C-010_2021-07-18.JPG,pole3,unusable,180.5,454.0,184.9,559.8,105.89145385724001,5.0,152.4,nominal vertical extent from pole ground contact to camera mounting/optical-center height,distinct visible 2021 camera-support pole; numeric label does not by itself encode depth
C-010,C-010.xml,C-010_2021-07-30.JPG,pole1,usable,420.6,437.5,424.4,777.5,340.0212346310154,5.0,152.4,nominal vertical extent from pole ground contact to camera mounting/optical-center height,distinct visible 2021 camera-support pole; numeric label does not by itself encode depth
C-010,C-010.xml,C-010_2021-07-30.JPG,pole2,usable,53.8,446.1,58.9,609.9,163.8793763717692,5.0,152.4,nominal vertical extent from pole ground contact to camera mounting/optical-center height,distinct visible 2021 camera-support pole; numeric label does not by itself encode depth
C-010,C-010.xml,C-010_2021-07-30.JPG,pole3,unusable,178.4,450.7,181.4,555.1,104.44309455392447,5.0,152.4,nominal vertical extent from pole ground contact to camera mounting/optical-center height,distinct visible 2021 camera-support pole; numeric label does not by itself encode depth
C-010,C-010.xml,CO106.21-C-010_2021-07-12-12-11_CAM405.JPG,pole1,usable,424.2,443.6,428.4,785.1,341.5258262562291,5.0,152.4,nominal vertical extent from pole ground contact to camera mounting/optical-center height,distinct visible 2021 camera-support pole; numeric label does not by itself encode depth
C-010,C-010.xml,CO106.21-C-010_2021-07-12-12-11_CAM405.JPG,pole2,usable,58.1,450.9,60.6,615.7,164.81896128783248,5.0,152.4,nominal vertical extent from pole ground contact to camera mounting/optical-center height,distinct visible 2021 camera-support pole; numeric label does not by itself encode depth
C-010,C-010.xml,CO106.21-C-010_2021-07-12-12-11_CAM405.JPG,pole3,usable,181.0,455.8,185.4,562.2,106.4909385816465,5.0,152.4,nominal vertical extent from pole ground contact to camera mounting/optical-center height,distinct visible 2021 camera-support pole; numeric label does not by itself encode depth
C-011,C-011.xml,B73.21-C-011_2021-07-12-11-09_CAM397.JPG,pole1,usable,421.5,406.4,428.8,724.2,317.88383098232606,5.0,152.4,nominal vertical extent from pole ground contact to camera mounting/optical-center height,distinct visible 2021 camera-support pole; numeric label does not by itself encode depth
C-011,C-011.xml,B73.21-C-011_2021-07-12-11-09_CAM397.JPG,pole2,usable,103.8,415.8,110.8,575.7,160.05314742297327,5.0,152.4,nominal vertical extent from pole ground contact to camera mounting/optical-center height,distinct visible 2021 camera-support pole; numeric label does not by itself encode depth
C-011,C-011.xml,B73.21-C-011_2021-07-12-11-09_CAM397.JPG,pole3,usable,443.3,408.2,447.2,579.6,171.44436415350611,5.0,152.4,nominal vertical extent from pole ground contact to camera mounting/optical-center height,distinct visible 2021 camera-support pole; numeric label does not by itself encode depth
C-011,C-011.xml,C-011_2021-07-11.JPG,pole1,usable,421.0,408.7,428.0,727.0,318.37696210624284,5.0,152.4,nominal vertical extent from pole ground contact to camera mounting/optical-center height,distinct visible 2021 camera-support pole; numeric label does not by itself encode depth
C-011,C-011.xml,C-011_2021-07-11.JPG,pole2,usable,102.8,414.7,109.1,546.0,131.45105553018584,5.0,152.4,nominal vertical extent from pole ground contact to camera mounting/optical-center height,distinct visible 2021 camera-support pole; numeric label does not by itself encode depth
C-011,C-011.xml,C-011_2021-07-11.JPG,pole3,usable,443.4,410.1,447.1,578.4,168.3406665069376,5.0,152.4,nominal vertical extent from pole ground contact to camera mounting/optical-center height,distinct visible 2021 camera-support pole; numeric label does not by itself encode depth
C-011,C-011.xml,C-011_2021-07-18.JPG,pole1,usable,415.3,376.4,422.8,695.9,319.5880160456584,5.0,152.4,nominal vertical extent from pole ground contact to camera mounting/optical-center height,distinct visible 2021 camera-support pole; numeric label does not by itself encode depth
C-011,C-011.xml,C-011_2021-07-18.JPG,pole2,usable,93.8,384.1,102.7,546.9,163.04309246331164,5.0,152.4,nominal vertical extent from pole ground contact to camera mounting/optical-center height,distinct visible 2021 camera-support pole; numeric label does not by itself encode depth
C-011,C-011.xml,C-011_2021-07-18.JPG,pole3,unusable,438.2,379.1,441.8,535.5,156.441426738572,5.0,152.4,nominal vertical extent from pole ground contact to camera mounting/optical-center height,distinct visible 2021 camera-support pole; numeric label does not by itself encode depth
C-011,C-011.xml,C-011_2021-07-30.JPG,pole1,usable,422.2,345.5,428.4,663.6,318.1604155139354,5.0,152.4,nominal vertical extent from pole ground contact to camera mounting/optical-center height,distinct visible 2021 camera-support pole; numeric label does not by itself encode depth
C-011,C-011.xml,C-011_2021-07-30.JPG,pole2,unusable,99.7,354.6,111.7,514.4,160.24992979717646,5.0,152.4,nominal vertical extent from pole ground contact to camera mounting/optical-center height,distinct visible 2021 camera-support pole; numeric label does not by itself encode depth
C-011,C-011.xml,C-011_2021-07-30.JPG,pole3,unusable,444.7,354.1,448.5,519.5,165.4436459946407,5.0,152.4,nominal vertical extent from pole ground contact to camera mounting/optical-center height,distinct visible 2021 camera-support pole; numeric label does not by itself encode depth
C-021,C-021.xml,C-021_2021-07-02.JPG,pole1,usable,359.5,439.2,337.9,756.6,318.1341226589817,5.0,152.4,nominal vertical extent from pole ground contact to camera mounting/optical-center height,distinct visible 2021 camera-support pole; numeric label does not by itself encode depth
C-021,C-021.xml,C-021_2021-07-02.JPG,pole2,usable,98.2,434.7,93.3,544.2,109.60957987329398,5.0,152.4,nominal vertical extent from pole ground contact to camera mounting/optical-center height,distinct visible 2021 camera-support pole; numeric label does not by itself encode depth
C-021,C-021.xml,C-021_2021-07-02.JPG,pole3,usable,664.2,479.8,642.4,617.7,139.6124994404155,5.0,152.4,nominal vertical extent from pole ground contact to camera mounting/optical-center height,distinct visible 2021 camera-support pole; numeric label does not by itself encode depth
C-021,C-021.xml,C-021_2021-07-11.JPG,pole1,usable,365.4,429.0,345.5,740.4,312.03520634697617,5.0,152.4,nominal vertical extent from pole ground contact to camera mounting/optical-center height,distinct visible 2021 camera-support pole; numeric label does not by itself encode depth
C-021,C-021.xml,C-021_2021-07-11.JPG,pole2,usable,104.9,426.9,100.7,534.0,107.18232130346873,5.0,152.4,nominal vertical extent from pole ground contact to camera mounting/optical-center height,distinct visible 2021 camera-support pole; numeric label does not by itself encode depth
C-021,C-021.xml,C-021_2021-07-11.JPG,pole3,usable,669.6,470.1,646.0,616.6,148.38871250873498,5.0,152.4,nominal vertical extent from pole ground contact to camera mounting/optical-center height,distinct visible 2021 camera-support pole; numeric label does not by itself encode depth
C-021,C-021.xml,C-021_2021-07-18.JPG,pole1,usable,358.6,415.7,341.1,729.1,313.8882125853088,5.0,152.4,nominal vertical extent from pole ground contact to camera mounting/optical-center height,distinct visible 2021 camera-support pole; numeric label does not by itself encode depth
C-021,C-021.xml,C-021_2021-07-18.JPG,pole2,usable,97.4,415.6,93.6,516.3,100.77167260693844,5.0,152.4,nominal vertical extent from pole ground contact to camera mounting/optical-center height,distinct visible 2021 camera-support pole; numeric label does not by itself encode depth
C-021,C-021.xml,C-021_2021-07-18.JPG,pole3,usable,664.4,457.3,641.3,604.8,149.29789013914424,5.0,152.4,nominal vertical extent from pole ground contact to camera mounting/optical-center height,distinct visible 2021 camera-support pole; numeric label does not by itself encode depth
C-021,C-021.xml,C-021_2021-07-30.JPG,pole1,unusable,360.0,418.2,343.6,720.0,302.2452646444606,5.0,152.4,nominal vertical extent from pole ground contact to camera mounting/optical-center height,distinct visible 2021 camera-support pole; numeric label does not by itself encode depth
C-021,C-021.xml,C-021_2021-07-30.JPG,pole2,usable,100.3,411.8,96.6,519.5,107.76353743265854,5.0,152.4,nominal vertical extent from pole ground contact to camera mounting/optical-center height,distinct visible 2021 camera-support pole; numeric label does not by itself encode depth
C-021,C-021.xml,C-021_2021-07-30.JPG,pole3,unusable,657.8,456.3,640.6,606.5,151.1816126385745,5.0,152.4,nominal vertical extent from pole ground contact to camera mounting/optical-center height,distinct visible 2021 camera-support pole; numeric label does not by itself encode depth
C-021,C-021.xml,EP1.21-C-021_2021-07-12-10-08_CAM219.JPG,pole1,usable,361.7,423.9,342.7,721.2,297.9065121812547,5.0,152.4,nominal vertical extent from pole ground contact to camera mounting/optical-center height,distinct visible 2021 camera-support pole; numeric label does not by itself encode depth
C-021,C-021.xml,EP1.21-C-021_2021-07-12-10-08_CAM219.JPG,pole2,usable,101.1,423.8,98.0,528.5,104.74588297398613,5.0,152.4,nominal vertical extent from pole ground contact to camera mounting/optical-center height,distinct visible 2021 camera-support pole; numeric label does not by itself encode depth
C-021,C-021.xml,EP1.21-C-021_2021-07-12-10-08_CAM219.JPG,pole3,unusable,666.5,467.0,645.1,613.4,147.95580421193347,5.0,152.4,nominal vertical extent from pole ground contact to camera mounting/optical-center height,distinct visible 2021 camera-support pole; numeric label does not by itself encode depth
C-024,C-024.xml,C-024_2021-07-02.JPG,pole1,unusable,427.8,498.6,422.2,823.0,324.4483317879751,5.0,152.4,nominal vertical extent from pole ground contact to camera mounting/optical-center height,distinct visible 2021 camera-support pole; numeric label does not by itself encode depth
C-024,C-024.xml,C-024_2021-07-02.JPG,pole2,usable,237.1,502.1,244.2,736.6,234.6074593869513,5.0,152.4,nominal vertical extent from pole ground contact to camera mounting/optical-center height,distinct visible 2021 camera-support pole; numeric label does not by itself encode depth
C-024,C-024.xml,C-024_2021-07-02.JPG,pole3,usable,177.4,506.8,176.0,735.6,228.8042831766923,5.0,152.4,nominal vertical extent from pole ground contact to camera mounting/optical-center height,distinct visible 2021 camera-support pole; numeric label does not by itself encode depth
C-024,C-024.xml,C-024_2021-07-11.JPG,pole1,usable,406.3,480.6,398.3,810.8,330.2968967459427,5.0,152.4,nominal vertical extent from pole ground contact to camera mounting/optical-center height,distinct visible 2021 camera-support pole; numeric label does not by itself encode depth
C-024,C-024.xml,C-024_2021-07-11.JPG,pole2,usable,213.8,483.9,224.5,716.7,233.04576803709617,5.0,152.4,nominal vertical extent from pole ground contact to camera mounting/optical-center height,distinct visible 2021 camera-support pole; numeric label does not by itself encode depth
C-024,C-024.xml,C-024_2021-07-11.JPG,pole3,usable,154.9,488.3,155.6,714.9,226.6010811977736,5.0,152.4,nominal vertical extent from pole ground contact to camera mounting/optical-center height,distinct visible 2021 camera-support pole; numeric label does not by itself encode depth
C-024,C-024.xml,C-024_2021-07-18.JPG,pole1,usable,403.3,475.9,396.7,808.4,332.56549730842494,5.0,152.4,nominal vertical extent from pole ground contact to camera mounting/optical-center height,distinct visible 2021 camera-support pole; numeric label does not by itself encode depth
C-024,C-024.xml,C-024_2021-07-18.JPG,pole2,usable,210.8,479.8,220.9,711.2,231.62031430770492,5.0,152.4,nominal vertical extent from pole ground contact to camera mounting/optical-center height,distinct visible 2021 camera-support pole; numeric label does not by itself encode depth
C-024,C-024.xml,C-024_2021-07-18.JPG,pole3,usable,150.8,484.6,151.6,713.0,228.40140104649095,5.0,152.4,nominal vertical extent from pole ground contact to camera mounting/optical-center height,distinct visible 2021 camera-support pole; numeric label does not by itself encode depth
C-024,C-024.xml,C-024_2021-07-30.JPG,pole1,usable,403.0,470.9,397.1,800.6,329.75278618989717,5.0,152.4,nominal vertical extent from pole ground contact to camera mounting/optical-center height,distinct visible 2021 camera-support pole; numeric label does not by itself encode depth
C-024,C-024.xml,C-024_2021-07-30.JPG,pole2,usable,210.2,476.0,221.3,709.4,233.66379693910648,5.0,152.4,nominal vertical extent from pole ground contact to camera mounting/optical-center height,distinct visible 2021 camera-support pole; numeric label does not by itself encode depth
C-024,C-024.xml,C-024_2021-07-30.JPG,pole3,usable,151.0,480.4,152.1,707.2,226.8026675328137,5.0,152.4,nominal vertical extent from pole ground contact to camera mounting/optical-center height,distinct visible 2021 camera-support pole; numeric label does not by itself encode depth
C-024,C-024.xml,I29.21-C-024_2021-07-12-11-51_CAM574.JPG,pole1,usable,403.4,477.5,396.4,808.8,331.37394285006775,5.0,152.4,nominal vertical extent from pole ground contact to camera mounting/optical-center height,distinct visible 2021 camera-support pole; numeric label does not by itself encode depth
C-024,C-024.xml,I29.21-C-024_2021-07-12-11-51_CAM574.JPG,pole2,usable,211.4,481.6,221.6,716.0,234.6218233668812,5.0,152.4,nominal vertical extent from pole ground contact to camera mounting/optical-center height,distinct visible 2021 camera-support pole; numeric label does not by itself encode depth
C-024,C-024.xml,I29.21-C-024_2021-07-12-11-51_CAM574.JPG,pole3,usable,151.0,485.5,152.0,713.8,228.30219009023978,5.0,152.4,nominal vertical extent from pole ground contact to camera mounting/optical-center height,distinct visible 2021 camera-support pole; numeric label does not by itself encode depth
C-029,C-029.xml,B73.21-C-029_2021-07-12-10-57_CAM573.JPG,pole1,usable,288.1,354.0,288.5,700.7,346.70023074696684,5.0,152.4,nominal vertical extent from pole ground contact to camera mounting/optical-center height,distinct visible 2021 camera-support pole; numeric label does not by itself encode depth
C-029,C-029.xml,B73.21-C-029_2021-07-12-10-57_CAM573.JPG,pole2,unusable,54.4,375.8,66.8,636.1,260.59518414583187,5.0,152.4,nominal vertical extent from pole ground contact to camera mounting/optical-center height,distinct visible 2021 camera-support pole; numeric label does not by itself encode depth
C-029,C-029.xml,B73.21-C-029_2021-07-12-10-57_CAM573.JPG,pole3,unusable,632.0,412.6,620.1,563.6,151.468181477167,5.0,152.4,nominal vertical extent from pole ground contact to camera mounting/optical-center height,distinct visible 2021 camera-support pole; numeric label does not by itself encode depth
C-029,C-029.xml,B73.21-C-029_2021-07-12-10-57_CAM573.JPG,pole4,usable,526.5,408.6,520.2,508.8,100.3978585428992,5.0,152.4,nominal vertical extent from pole ground contact to camera mounting/optical-center height,distinct visible 2021 camera-support pole; numeric label does not by itself encode depth
C-029,C-029.xml,C-029_2021-07-02.JPG,pole1,usable,295.4,387.6,290.8,731.9,344.33072764422286,5.0,152.4,nominal vertical extent from pole ground contact to camera mounting/optical-center height,distinct visible 2021 camera-support pole; numeric label does not by itself encode depth
C-029,C-029.xml,C-029_2021-07-02.JPG,pole2,usable,61.6,405.8,67.2,665.0,259.26048676958084,5.0,152.4,nominal vertical extent from pole ground contact to camera mounting/optical-center height,distinct visible 2021 camera-support pole; numeric label does not by itself encode depth
C-029,C-029.xml,C-029_2021-07-02.JPG,pole3,usable,635.4,444.7,623.3,600.7,156.4685591420846,5.0,152.4,nominal vertical extent from pole ground contact to camera mounting/optical-center height,distinct visible 2021 camera-support pole; numeric label does not by itself encode depth
C-029,C-029.xml,C-029_2021-07-02.JPG,pole4,usable,530.2,439.9,522.9,544.8,105.15369703438864,5.0,152.4,nominal vertical extent from pole ground contact to camera mounting/optical-center height,distinct visible 2021 camera-support pole; numeric label does not by itself encode depth
C-029,C-029.xml,C-029_2021-07-11.JPG,pole1,usable,299.0,355.7,297.8,696.9,341.2021101927712,5.0,152.4,nominal vertical extent from pole ground contact to camera mounting/optical-center height,distinct visible 2021 camera-support pole; numeric label does not by itself encode depth
C-029,C-029.xml,C-029_2021-07-11.JPG,pole2,usable,65.9,375.6,77.2,633.2,257.84772638128885,5.0,152.4,nominal vertical extent from pole ground contact to camera mounting/optical-center height,distinct visible 2021 camera-support pole; numeric label does not by itself encode depth
C-029,C-029.xml,C-029_2021-07-11.JPG,pole3,usable,641.9,413.1,629.5,565.5,152.90362978032925,5.0,152.4,nominal vertical extent from pole ground contact to camera mounting/optical-center height,distinct visible 2021 camera-support pole; numeric label does not by itself encode depth
C-029,C-029.xml,C-029_2021-07-11.JPG,pole4,usable,535.6,408.6,529.0,511.1,102.71226801117771,5.0,152.4,nominal vertical extent from pole ground contact to camera mounting/optical-center height,distinct visible 2021 camera-support pole; numeric label does not by itself encode depth
C-029,C-029.xml,C-029_2021-07-18.JPG,pole1,usable,287.2,344.0,287.8,688.2,344.200522951375,5.0,152.4,nominal vertical extent from pole ground contact to camera mounting/optical-center height,distinct visible 2021 camera-support pole; numeric label does not by itself encode depth
C-029,C-029.xml,C-029_2021-07-18.JPG,pole2,usable,51.6,363.0,65.8,626.4,263.7824861509952,5.0,152.4,nominal vertical extent from pole ground contact to camera mounting/optical-center height,distinct visible 2021 camera-support pole; numeric label does not by itself encode depth
C-029,C-029.xml,C-029_2021-07-18.JPG,pole3,usable,630.1,400.7,618.5,552.6,152.34227909546323,5.0,152.4,nominal vertical extent from pole ground contact to camera mounting/optical-center height,distinct visible 2021 camera-support pole; numeric label does not by itself encode depth
C-029,C-029.xml,C-029_2021-07-18.JPG,pole4,unusable,523.6,397.6,518.7,495.8,98.32217450809352,5.0,152.4,nominal vertical extent from pole ground contact to camera mounting/optical-center height,distinct visible 2021 camera-support pole; numeric label does not by itself encode depth
C-029,C-029.xml,C-029_2021-07-30.JPG,pole1,usable,287.4,344.5,288.6,681.2,336.7021383953479,5.0,152.4,nominal vertical extent from pole ground contact to camera mounting/optical-center height,distinct visible 2021 camera-support pole; numeric label does not by itself encode depth
C-029,C-029.xml,C-029_2021-07-30.JPG,pole2,unusable,51.5,366.4,67.0,626.1,260.16214175010174,5.0,152.4,nominal vertical extent from pole ground contact to camera mounting/optical-center height,distinct visible 2021 camera-support pole; numeric label does not by itself encode depth
C-029,C-029.xml,C-029_2021-07-30.JPG,pole3,usable,629.0,400.4,618.4,556.6,156.5592539583656,5.0,152.4,nominal vertical extent from pole ground contact to camera mounting/optical-center height,distinct visible 2021 camera-support pole; numeric label does not by itself encode depth
C-029,C-029.xml,C-029_2021-07-30.JPG,pole4,usable,524.9,397.1,519.4,493.1,96.15742301039478,5.0,152.4,nominal vertical extent from pole ground contact to camera mounting/optical-center height,distinct visible 2021 camera-support pole; numeric label does not by itself encode depth
C-029,C-029.xml,C-029_2021-08-06.JPG,pole1,usable,284.6,340.3,285.0,678.4,338.1002366163029,5.0,152.4,nominal vertical extent from pole ground contact to camera mounting/optical-center height,distinct visible 2021 camera-support pole; numeric label does not by itself encode depth
C-029,C-029.xml,C-029_2021-08-06.JPG,pole2,usable,46.8,361.8,62.8,623.8,262.4880949681337,5.0,152.4,nominal vertical extent from pole ground contact to camera mounting/optical-center height,distinct visible 2021 camera-support pole; numeric label does not by itself encode depth
C-029,C-029.xml,C-029_2021-08-06.JPG,pole3,usable,628.8,397.3,617.3,551.8,154.92740235348936,5.0,152.4,nominal vertical extent from pole ground contact to camera mounting/optical-center height,distinct visible 2021 camera-support pole; numeric label does not by itself encode depth
C-029,C-029.xml,C-029_2021-08-06.JPG,pole4,usable,522.5,393.8,517.2,491.7,98.04335775563786,5.0,152.4,nominal vertical extent from pole ground contact to camera mounting/optical-center height,distinct visible 2021 camera-support pole; numeric label does not by itself encode depth
C-032,C-032.xml,C-032_2021-07-02.JPG,pole1,usable,251.9,371.1,259.6,713.1,342.0866703044712,5.0,152.4,nominal vertical extent from pole ground contact to camera mounting/optical-center height,distinct visible 2021 camera-support pole; numeric label does not by itself encode depth
C-032,C-032.xml,C-032_2021-07-02.JPG,pole2,usable,142.0,389.7,150.9,533.0,143.57611221926857,5.0,152.4,nominal vertical extent from pole ground contact to camera mounting/optical-center height,distinct visible 2021 camera-support pole; numeric label does not by itself encode depth
C-032,C-032.xml,C-032_2021-07-02.JPG,pole3,usable,581.7,390.2,570.6,545.0,155.1974548760385,5.0,152.4,nominal vertical extent from pole ground contact to camera mounting/optical-center height,distinct visible 2021 camera-support pole; numeric label does not by itself encode depth
C-032,C-032.xml,C-032_2021-07-11.JPG,pole1,unusable,259.1,360.9,266.7,676.8,315.9914081110434,5.0,152.4,nominal vertical extent from pole ground contact to camera mounting/optical-center height,distinct visible 2021 camera-support pole; numeric label does not by itself encode depth
C-032,C-032.xml,C-032_2021-07-11.JPG,pole2,usable,150.0,380.0,159.2,521.4,141.69897670766713,5.0,152.4,nominal vertical extent from pole ground contact to camera mounting/optical-center height,distinct visible 2021 camera-support pole; numeric label does not by itself encode depth
C-032,C-032.xml,C-032_2021-07-11.JPG,pole3,usable,588.3,382.3,575.3,528.9,147.17526966171997,5.0,152.4,nominal vertical extent from pole ground contact to camera mounting/optical-center height,distinct visible 2021 camera-support pole; numeric label does not by itself encode depth
C-032,C-032.xml,C-032_2021-07-18.JPG,pole1,usable,259.8,355.8,267.3,673.5,317.7885145816318,5.0,152.4,nominal vertical extent from pole ground contact to camera mounting/optical-center height,distinct visible 2021 camera-support pole; numeric label does not by itself encode depth
C-032,C-032.xml,C-032_2021-07-18.JPG,pole2,usable,150.8,374.4,160.3,517.3,143.21543212936234,5.0,152.4,nominal vertical extent from pole ground contact to camera mounting/optical-center height,distinct visible 2021 camera-support pole; numeric label does not by itself encode depth
C-032,C-032.xml,C-032_2021-07-18.JPG,pole3,usable,590.4,376.5,576.8,526.2,150.31649942704232,5.0,152.4,nominal vertical extent from pole ground contact to camera mounting/optical-center height,distinct visible 2021 camera-support pole; numeric label does not by itself encode depth
C-032,C-032.xml,C-032_2021-07-30.JPG,pole1,usable,255.2,346.6,260.4,665.8,319.2423530799132,5.0,152.4,nominal vertical extent from pole ground contact to camera mounting/optical-center height,distinct visible 2021 camera-support pole; numeric label does not by itself encode depth
C-032,C-032.xml,C-032_2021-07-30.JPG,pole2,usable,145.3,365.9,154.2,508.0,142.3784393790015,5.0,152.4,nominal vertical extent from pole ground contact to camera mounting/optical-center height,distinct visible 2021 camera-support pole; numeric label does not by itself encode depth
C-032,C-032.xml,C-032_2021-07-30.JPG,pole3,usable,585.5,367.4,571.5,522.1,155.33219241354965,5.0,152.4,nominal vertical extent from pole ground contact to camera mounting/optical-center height,distinct visible 2021 camera-support pole; numeric label does not by itself encode depth
C-032,C-032.xml,Il101.21-C-032_2021-07-12-09-22_CAM810.JPG,pole1,unusable,260.5,360.1,267.1,691.4,331.36573449890676,5.0,152.4,nominal vertical extent from pole ground contact to camera mounting/optical-center height,distinct visible 2021 camera-support pole; numeric label does not by itself encode depth
C-032,C-032.xml,Il101.21-C-032_2021-07-12-09-22_CAM810.JPG,pole2,usable,152.7,378.5,161.0,514.9,136.6522959924201,5.0,152.4,nominal vertical extent from pole ground contact to camera mounting/optical-center height,distinct visible 2021 camera-support pole; numeric label does not by itself encode depth
C-032,C-032.xml,Il101.21-C-032_2021-07-12-09-22_CAM810.JPG,pole3,unusable,588.7,380.8,577.8,523.7,143.31510736834414,5.0,152.4,nominal vertical extent from pole ground contact to camera mounting/optical-center height,distinct visible 2021 camera-support pole; numeric label does not by itself encode depth
C-037,C-037.xml,C-037_2021-07-02.JPG,pole1,usable,415.2,445.4,424.0,781.6,336.31514982230584,5.0,152.4,nominal vertical extent from pole ground contact to camera mounting/optical-center height,distinct visible 2021 camera-support pole; numeric label does not by itself encode depth
C-037,C-037.xml,C-037_2021-07-02.JPG,pole2,usable,102.7,463.6,102.6,620.6,157.00003184713051,5.0,152.4,nominal vertical extent from pole ground contact to camera mounting/optical-center height,distinct visible 2021 camera-support pole; numeric label does not by itself encode depth
C-037,C-037.xml,C-037_2021-07-02.JPG,pole3,usable,537.2,457.2,543.7,597.3,140.2507040980543,5.0,152.4,nominal vertical extent from pole ground contact to camera mounting/optical-center height,distinct visible 2021 camera-support pole; numeric label does not by itself encode depth
C-037,C-037.xml,C-037_2021-07-02.JPG,pole4,usable,579.2,454.9,589.4,596.4,141.86715617083468,5.0,152.4,nominal vertical extent from pole ground contact to camera mounting/optical-center height,distinct visible 2021 camera-support pole; numeric label does not by itself encode depth
C-037,C-037.xml,C-037_2021-07-11.JPG,pole1,usable,451.2,441.4,469.0,770.8,329.88058445443556,5.0,152.4,nominal vertical extent from pole ground contact to camera mounting/optical-center height,distinct visible 2021 camera-support pole; numeric label does not by itself encode depth
C-037,C-037.xml,C-037_2021-07-11.JPG,pole2,usable,149.5,468.3,150.0,621.0,152.70081859636508,5.0,152.4,nominal vertical extent from pole ground contact to camera mounting/optical-center height,distinct visible 2021 camera-support pole; numeric label does not by itself encode depth
C-037,C-037.xml,C-037_2021-07-11.JPG,pole3,usable,574.2,449.0,584.5,590.7,142.07385403373843,5.0,152.4,nominal vertical extent from pole ground contact to camera mounting/optical-center height,distinct visible 2021 camera-support pole; numeric label does not by itself encode depth
C-037,C-037.xml,C-037_2021-07-11.JPG,pole4,usable,616.7,445.1,631.3,589.0,144.63875690837497,5.0,152.4,nominal vertical extent from pole ground contact to camera mounting/optical-center height,distinct visible 2021 camera-support pole; numeric label does not by itself encode depth
C-037,C-037.xml,C-037_2021-07-30.JPG,pole1,usable,445.1,429.1,464.0,760.7,332.1381790761189,5.0,152.4,nominal vertical extent from pole ground contact to camera mounting/optical-center height,distinct visible 2021 camera-support pole; numeric label does not by itself encode depth
C-037,C-037.xml,C-037_2021-07-30.JPG,pole2,usable,142.1,456.2,144.0,610.1,153.91172794819767,5.0,152.4,nominal vertical extent from pole ground contact to camera mounting/optical-center height,distinct visible 2021 camera-support pole; numeric label does not by itself encode depth
C-037,C-037.xml,C-037_2021-07-30.JPG,pole3,usable,567.4,436.9,577.3,569.4,132.86933431006568,5.0,152.4,nominal vertical extent from pole ground contact to camera mounting/optical-center height,distinct visible 2021 camera-support pole; numeric label does not by itself encode depth
C-037,C-037.xml,C-037_2021-07-30.JPG,pole4,usable,609.7,434.5,623.0,566.7,132.86733985445787,5.0,152.4,nominal vertical extent from pole ground contact to camera mounting/optical-center height,distinct visible 2021 camera-support pole; numeric label does not by itself encode depth
C-037,C-037.xml,C-037_2021-08-06.JPG,pole1,usable,441.5,424.6,460.1,753.8,329.7250369626182,5.0,152.4,nominal vertical extent from pole ground contact to camera mounting/optical-center height,distinct visible 2021 camera-support pole; numeric label does not by itself encode depth
C-037,C-037.xml,C-037_2021-08-06.JPG,pole2,usable,137.2,453.1,138.8,606.8,153.7083276859129,5.0,152.4,nominal vertical extent from pole ground contact to camera mounting/optical-center height,distinct visible 2021 camera-support pole; numeric label does not by itself encode depth
C-037,C-037.xml,C-037_2021-08-06.JPG,pole3,unusable,564.3,432.1,575.3,574.6,142.92393081636118,5.0,152.4,nominal vertical extent from pole ground contact to camera mounting/optical-center height,distinct visible 2021 camera-support pole; numeric label does not by itself encode depth
C-037,C-037.xml,C-037_2021-08-06.JPG,pole4,unusable,606.9,429.5,621.2,571.6,142.8177159878984,5.0,152.4,nominal vertical extent from pole ground contact to camera mounting/optical-center height,distinct visible 2021 camera-support pole; numeric label does not by itself encode depth
C-037,C-037.xml,L127.21-C-037_2021-07-12-11-28_CAM294.JPG,pole1,usable,443.4,439.8,460.3,764.2,324.83991441939526,5.0,152.4,nominal vertical extent from pole ground contact to camera mounting/optical-center height,distinct visible 2021 camera-support pole; numeric label does not by itself encode depth
C-037,C-037.xml,L127.21-C-037_2021-07-12-11-28_CAM294.JPG,pole2,usable,140.7,467.2,141.5,620.2,153.00209148897284,5.0,152.4,nominal vertical extent from pole ground contact to camera mounting/optical-center height,distinct visible 2021 camera-support pole; numeric label does not by itself encode depth
C-037,C-037.xml,L127.21-C-037_2021-07-12-11-28_CAM294.JPG,pole3,usable,565.8,447.8,576.6,588.9,141.51272027630588,5.0,152.4,nominal vertical extent from pole ground contact to camera mounting/optical-center height,distinct visible 2021 camera-support pole; numeric label does not by itself encode depth
C-037,C-037.xml,L127.21-C-037_2021-07-12-11-28_CAM294.JPG,pole4,usable,608.8,444.7,623.1,585.7,141.7232867245183,5.0,152.4,nominal vertical extent from pole ground contact to camera mounting/optical-center height,distinct visible 2021 camera-support pole; numeric label does not by itself encode depth
C-038,C-038.xml,A641.21-C-038_2021-07-12-10-24_CAM176.JPG,pole1,usable,410.9,416.2,399.7,748.3,332.28880510784586,5.0,152.4,nominal vertical extent from pole ground contact to camera mounting/optical-center height,distinct visible 2021 camera-support pole; numeric label does not by itself encode depth
C-038,C-038.xml,A641.21-C-038_2021-07-12-10-24_CAM176.JPG,pole2,usable,51.4,422.5,57.5,585.8,163.41389169834977,5.0,152.4,nominal vertical extent from pole ground contact to camera mounting/optical-center height,distinct visible 2021 camera-support pole; numeric label does not by itself encode depth
C-038,C-038.xml,A641.21-C-038_2021-07-12-10-24_CAM176.JPG,pole3,usable,622.6,428.1,613.7,671.7,243.7625278831839,5.0,152.4,nominal vertical extent from pole ground contact to camera mounting/optical-center height,distinct visible 2021 camera-support pole; numeric label does not by itself encode depth
C-038,C-038.xml,A641.21-C-038_2021-07-12-10-24_CAM176.JPG,pole4,usable,701.0,429.4,696.5,675.6,246.2411216673609,5.0,152.4,nominal vertical extent from pole ground contact to camera mounting/optical-center height,distinct visible 2021 camera-support pole; numeric label does not by itself encode depth
C-038,C-038.xml,C-038_2021-07-11.JPG,pole1,usable,413.1,416.2,401.9,746.6,330.5897760064579,5.0,152.4,nominal vertical extent from pole ground contact to camera mounting/optical-center height,distinct visible 2021 camera-support pole; numeric label does not by itself encode depth
C-038,C-038.xml,C-038_2021-07-11.JPG,pole2,usable,54.1,423.3,60.9,589.5,166.33905133792243,5.0,152.4,nominal vertical extent from pole ground contact to camera mounting/optical-center height,distinct visible 2021 camera-support pole; numeric label does not by itself encode depth
C-038,C-038.xml,C-038_2021-07-11.JPG,pole3,usable,623.8,428.5,615.3,671.7,243.34849496144417,5.0,152.4,nominal vertical extent from pole ground contact to camera mounting/optical-center height,distinct visible 2021 camera-support pole; numeric label does not by itself encode depth
C-038,C-038.xml,C-038_2021-07-11.JPG,pole4,usable,702.8,429.9,697.6,677.1,247.25468650765757,5.0,152.4,nominal vertical extent from pole ground contact to camera mounting/optical-center height,distinct visible 2021 camera-support pole; numeric label does not by itself encode depth
C-038,C-038.xml,C-038_2021-07-30.JPG,pole1,usable,397.8,406.4,388.0,736.6,330.3453950034721,5.0,152.4,nominal vertical extent from pole ground contact to camera mounting/optical-center height,distinct visible 2021 camera-support pole; numeric label does not by itself encode depth
C-038,C-038.xml,C-038_2021-07-30.JPG,pole2,usable,36.4,414.6,45.8,578.5,164.16933331167544,5.0,152.4,nominal vertical extent from pole ground contact to camera mounting/optical-center height,distinct visible 2021 camera-support pole; numeric label does not by itself encode depth
C-038,C-038.xml,C-038_2021-07-30.JPG,pole3,usable,609.6,419.9,600.9,659.3,239.5580305479238,5.0,152.4,nominal vertical extent from pole ground contact to camera mounting/optical-center height,distinct visible 2021 camera-support pole; numeric label does not by itself encode depth
C-038,C-038.xml,C-038_2021-07-30.JPG,pole4,usable,686.6,417.7,681.7,663.4,245.7488555415874,5.0,152.4,nominal vertical extent from pole ground contact to camera mounting/optical-center height,distinct visible 2021 camera-support pole; numeric label does not by itself encode depth
C-038,C-038.xml,C-038_2021-08-06.JPG,pole1,usable,395.8,401.5,386.7,733.1,331.7248407942945,5.0,152.4,nominal vertical extent from pole ground contact to camera mounting/optical-center height,distinct visible 2021 camera-support pole; numeric label does not by itself encode depth
C-038,C-038.xml,C-038_2021-08-06.JPG,pole2,usable,31.3,408.8,40.6,573.7,165.16204164395646,5.0,152.4,nominal vertical extent from pole ground contact to camera mounting/optical-center height,distinct visible 2021 camera-support pole; numeric label does not by itself encode depth
C-038,C-038.xml,C-038_2021-08-06.JPG,pole3,usable,609.0,413.9,600.1,656.0,242.26353419365452,5.0,152.4,nominal vertical extent from pole ground contact to camera mounting/optical-center height,distinct visible 2021 camera-support pole; numeric label does not by itself encode depth
C-038,C-038.xml,C-038_2021-08-06.JPG,pole4,usable,686.9,414.7,681.7,659.8,245.1551549529399,5.0,152.4,nominal vertical extent from pole ground contact to camera mounting/optical-center height,distinct visible 2021 camera-support pole; numeric label does not by itself encode depth
C-039,C-039.xml,C-039_2021-07-02.JPG,pole1,usable,409.0,611.3,415.3,940.4,329.1602952969875,5.0,152.4,nominal vertical extent from pole ground contact to camera mounting/optical-center height,distinct visible 2021 camera-support pole; numeric label does not by itself encode depth
C-039,C-039.xml,C-039_2021-07-02.JPG,pole2,usable,61.0,609.5,52.0,770.0,160.75213839946267,5.0,152.4,nominal vertical extent from pole ground contact to camera mounting/optical-center height,distinct visible 2021 camera-support pole; numeric label does not by itself encode depth
C-039,C-039.xml,C-039_2021-07-02.JPG,pole3,usable,526.1,622.0,527.0,760.0,138.00293475140302,5.0,152.4,nominal vertical extent from pole ground contact to camera mounting/optical-center height,distinct visible 2021 camera-support pole; numeric label does not by itself encode depth
C-039,C-039.xml,C-039_2021-07-02.JPG,pole4,usable,567.7,623.0,573.6,763.1,140.22417765849085,5.0,152.4,nominal vertical extent from pole ground contact to camera mounting/optical-center height,distinct visible 2021 camera-support pole; numeric label does not by itself encode depth
C-039,C-039.xml,C-039_2021-07-11.JPG,pole1,usable,423.4,621.8,431.8,944.7,323.009241353866,5.0,152.4,nominal vertical extent from pole ground contact to camera mounting/optical-center height,distinct visible 2021 camera-support pole; numeric label does not by itself encode depth
C-039,C-039.xml,C-039_2021-07-11.JPG,pole2,usable,82.6,614.6,73.0,772.3,157.99193017366417,5.0,152.4,nominal vertical extent from pole ground contact to camera mounting/optical-center height,distinct visible 2021 camera-support pole; numeric label does not by itself encode depth
C-039,C-039.xml,C-039_2021-07-11.JPG,pole3,usable,543.8,628.8,544.8,768.2,139.40358675443048,5.0,152.4,nominal vertical extent from pole ground contact to camera mounting/optical-center height,distinct visible 2021 camera-support pole; numeric label does not by itself encode depth
C-039,C-039.xml,C-039_2021-07-11.JPG,pole4,usable,585.2,629.4,591.5,769.6,140.3414764066561,5.0,152.4,nominal vertical extent from pole ground contact to camera mounting/optical-center height,distinct visible 2021 camera-support pole; numeric label does not by itself encode depth
C-039,C-039.xml,C-039_2021-07-18.JPG,pole1,usable,398.3,615.5,406.3,939.1,323.6988724107639,5.0,152.4,nominal vertical extent from pole ground contact to camera mounting/optical-center height,distinct visible 2021 camera-support pole; numeric label does not by itself encode depth
C-039,C-039.xml,C-039_2021-07-18.JPG,pole2,usable,53.0,609.7,43.3,769.4,159.99431239890993,5.0,152.4,nominal vertical extent from pole ground contact to camera mounting/optical-center height,distinct visible 2021 camera-support pole; numeric label does not by itself encode depth
C-039,C-039.xml,C-039_2021-07-18.JPG,pole3,unusable,517.9,621.8,519.0,729.0,107.20564350816616,5.0,152.4,nominal vertical extent from pole ground contact to camera mounting/optical-center height,distinct visible 2021 camera-support pole; numeric label does not by itself encode depth
C-039,C-039.xml,C-039_2021-07-18.JPG,pole4,unusable,559.3,622.4,563.7,729.9,107.59000882981654,5.0,152.4,nominal vertical extent from pole ground contact to camera mounting/optical-center height,distinct visible 2021 camera-support pole; numeric label does not by itself encode depth
C-039,C-039.xml,C-039_2021-07-30.JPG,pole1,usable,399.1,618.7,406.9,937.1,318.49552587124356,5.0,152.4,nominal vertical extent from pole ground contact to camera mounting/optical-center height,distinct visible 2021 camera-support pole; numeric label does not by itself encode depth
C-039,C-039.xml,C-039_2021-07-30.JPG,pole2,usable,54.4,611.9,44.2,769.8,158.22910604563242,5.0,152.4,nominal vertical extent from pole ground contact to camera mounting/optical-center height,distinct visible 2021 camera-support pole; numeric label does not by itself encode depth
C-039,C-039.xml,C-039_2021-07-30.JPG,pole3,usable,517.8,625.1,518.6,759.6,134.50237916111374,5.0,152.4,nominal vertical extent from pole ground contact to camera mounting/optical-center height,distinct visible 2021 camera-support pole; numeric label does not by itself encode depth
C-039,C-039.xml,C-039_2021-07-30.JPG,pole4,unusable,559.4,625.5,564.6,759.5,134.10085756623633,5.0,152.4,nominal vertical extent from pole ground contact to camera mounting/optical-center height,distinct visible 2021 camera-support pole; numeric label does not by itself encode depth
C-039,C-039.xml,C-039_2021-08-06.JPG,pole1,usable,398.3,616.6,406.4,937.8,321.302116395146,5.0,152.4,nominal vertical extent from pole ground contact to camera mounting/optical-center height,distinct visible 2021 camera-support pole; numeric label does not by itself encode depth
C-039,C-039.xml,C-039_2021-08-06.JPG,pole2,usable,53.2,610.6,43.7,764.0,153.69388406829984,5.0,152.4,nominal vertical extent from pole ground contact to camera mounting/optical-center height,distinct visible 2021 camera-support pole; numeric label does not by itself encode depth
C-039,C-039.xml,C-039_2021-08-06.JPG,pole3,usable,517.5,623.4,518.4,752.5,129.10313706490638,5.0,152.4,nominal vertical extent from pole ground contact to camera mounting/optical-center height,distinct visible 2021 camera-support pole; numeric label does not by itself encode depth
C-039,C-039.xml,C-039_2021-08-06.JPG,pole4,unusable,558.7,623.6,563.8,750.3,126.80260249695186,5.0,152.4,nominal vertical extent from pole ground contact to camera mounting/optical-center height,distinct visible 2021 camera-support pole; numeric label does not by itself encode depth
C-039,C-039.xml,LH54.21-C-039_2021-07-12-10-57_CAM827.JPG,pole1,usable,400.6,617.5,408.1,940.1,322.68717049179384,5.0,152.4,nominal vertical extent from pole ground contact to camera mounting/optical-center height,distinct visible 2021 camera-support pole; numeric label does not by itself encode depth
C-039,C-039.xml,LH54.21-C-039_2021-07-12-10-57_CAM827.JPG,pole2,usable,56.9,610.5,46.3,770.8,160.65008558976862,5.0,152.4,nominal vertical extent from pole ground contact to camera mounting/optical-center height,distinct visible 2021 camera-support pole; numeric label does not by itself encode depth
C-039,C-039.xml,LH54.21-C-039_2021-07-12-10-57_CAM827.JPG,pole3,usable,520.1,623.6,521.0,760.5,136.90295833180522,5.0,152.4,nominal vertical extent from pole ground contact to camera mounting/optical-center height,distinct visible 2021 camera-support pole; numeric label does not by itself encode depth
C-039,C-039.xml,LH54.21-C-039_2021-07-12-10-57_CAM827.JPG,pole4,usable,561.5,623.8,567.4,763.4,139.72462202489584,5.0,152.4,nominal vertical extent from pole ground contact to camera mounting/optical-center height,distinct visible 2021 camera-support pole; numeric label does not by itself encode depth
