camera,day,image,image_role,candidate_index,x_top,y_top,x_root,y_root,x_root_fraction,height_px,confidence,box_x1,box_y1,box_x2,box_y2,image_width,image_height
C_009,07_12,11430.21-C-009_2021-07-12-10-32_CAM374.JPG,installation_reference,0,207.64297485351562,733.4615478515625,222.15382385253906,889.16455078125,0.2873917520046234,155.7030029296875,0.8920895457267761,175.78834533691406,723.490966796875,244.0988006591797,906.6287231445312,773,1030
C_009,07_12,11430.21-C-009_2021-07-12-10-32_CAM374.JPG,installation_reference,1,281.3994140625,742.5230102539062,295.2042236328125,885.4120483398438,0.38189420104026794,142.8890380859375,0.8284220099449158,243.57777404785156,732.6221923828125,327.913818359375,896.7597045898438,773,1030
C_009,07_12,11430.21-C-009_2021-07-12-10-32_CAM374.JPG,installation_reference,2,369.8910827636719,721.895263671875,381.9119567871094,872.1243896484375,0.4940646290779114,150.2291259765625,0.7854015231132507,336.91741943359375,708.6209716796875,406.70703125,882.846923828125,773,1030
C_009,07_12,11430.21-C-009_2021-07-12-10-32_CAM374.JPG,installation_reference,3,93.80956268310547,716.0596923828125,118.31978607177734,886.0877075195312,0.15306569635868073,170.02801513671875,0.7679882049560547,24.893205642700195,707.130859375,173.74668884277344,908.2898559570312,773,1030
C_009,07_12,11430.21-C-009_2021-07-12-10-32_CAM374.JPG,installation_reference,4,431.0894470214844,701.3558959960938,441.115234375,856.561279296875,0.5706536173820496,155.20538330078125,0.6539397239685059,404.2392883300781,698.2234497070312,477.0405578613281,874.00732421875,773,1030
C_009,07_12,11430.21-C-009_2021-07-12-10-32_CAM374.JPG,installation_reference,5,129.0204315185547,728.6156616210938,125.30320739746094,899.3678588867188,0.16209988296031952,170.752197265625,0.14120379090309143,90.12067413330078,721.5240478515625,156.0796661376953,909.3180541992188,773,1030
C_038,07_12,A641.21-C-038_2021-07-12-10-24_CAM176.JPG,installation_reference,0,566.5890502929688,694.9389038085938,587.734619140625,790.6255493164062,0.7603293657302856,95.6866455078125,0.8983339071273804,546.751220703125,692.4166259765625,602.9982299804688,789.7557983398438,773,1030
C_038,07_12,A641.21-C-038_2021-07-12-10-24_CAM176.JPG,installation_reference,1,242.94078063964844,580.2322387695312,251.77297973632812,763.6442260742188,0.32570889592170715,183.4119873046875,0.499671071767807,219.17623901367188,577.0969848632812,275.89398193359375,772.7382202148438,773,1030
C_038,07_12,A641.21-C-038_2021-07-12-10-24_CAM176.JPG,installation_reference,2,177.4051971435547,694.645263671875,190.2122039794922,764.3653564453125,0.24607011675834656,69.7200927734375,0.40194156765937805,164.7998046875,702.4345703125,198.14414978027344,769.1402587890625,773,1030
C_011,07_12,B73.21-C-011_2021-07-12-11-09_CAM397.JPG,installation_reference,0,621.1814575195312,559.2318115234375,639.2288818359375,761.7953491210938,0.8269454836845398,202.56353759765625,0.8539312481880188,579.9312744140625,552.3519897460938,689.4242553710938,781.6138305664062,773,1030
C_011,07_12,B73.21-C-011_2021-07-12-11-09_CAM397.JPG,installation_reference,1,537.4824829101562,560.7206420898438,546.9568481445312,761.9483032226562,0.7075767517089844,201.2276611328125,0.8227078914642334,483.9324645996094,553.1407470703125,588.8794555664062,779.1458129882812,773,1030
C_011,07_12,B73.21-C-011_2021-07-12-11-09_CAM397.JPG,installation_reference,2,294.3302917480469,535.3491821289062,311.34613037109375,755.2490844726562,0.4027763605117798,219.89990234375,0.7482240796089172,255.2559051513672,531.029296875,333.484375,774.4298706054688,773,1030
C_011,07_12,B73.21-C-011_2021-07-12-11-09_CAM397.JPG,installation_reference,3,373.2022705078125,555.4508056640625,382.85845947265625,762.1473388671875,0.4952890872955322,206.696533203125,0.7438298463821411,327.996337890625,555.9137573242188,416.447265625,777.2896728515625,773,1030
C_011,07_12,B73.21-C-011_2021-07-12-11-09_CAM397.JPG,installation_reference,4,452.67230224609375,569.133056640625,464.8077697753906,757.8538818359375,0.6013036966323853,188.7208251953125,0.7387711405754089,418.831298828125,567.7857666015625,488.8338928222656,777.4199829101562,773,1030
C_011,07_12,B73.21-C-011_2021-07-12-11-09_CAM397.JPG,installation_reference,5,226.8839874267578,557.0263061523438,242.47830200195312,766.65576171875,0.31368473172187805,209.62945556640625,0.6009877920150757,170.81004333496094,540.8206787109375,271.3555908203125,781.7291259765625,773,1030
C_011,07_12,B73.21-C-011_2021-07-12-11-09_CAM397.JPG,installation_reference,6,22.89566421508789,870.9047241210938,18.502498626708984,1020.1883544921875,0.023935962468385696,149.28363037109375,0.18205861747264862,0.0,844.2775268554688,85.46006774902344,1030.0,773,1030
C_029,07_12,B73.21-C-029_2021-07-12-10-57_CAM573.JPG,installation_reference,0,72.84716033935547,516.3505249023438,87.16559600830078,730.3046875,0.11276273429393768,213.95416259765625,0.8424942493438721,29.367155075073242,501.6137390136719,120.71957397460938,744.3014526367188,773,1030
C_029,07_12,B73.21-C-029_2021-07-12-10-57_CAM573.JPG,installation_reference,1,239.82101440429688,549.8633422851562,244.3225860595703,731.7241821289062,0.3160706162452698,181.86083984375,0.80873042345047,220.79014587402344,539.953125,267.7261657714844,744.2603759765625,773,1030
C_029,07_12,B73.21-C-029_2021-07-12-10-57_CAM573.JPG,installation_reference,2,397.5757751464844,589.5641479492188,398.9079284667969,727.236083984375,0.5160516500473022,137.67193603515625,0.763056755065918,374.0714111328125,589.4837646484375,421.09417724609375,731.54541015625,773,1030
C_029,07_12,B73.21-C-029_2021-07-12-10-57_CAM573.JPG,installation_reference,3,469.8537902832031,532.0730590820312,480.3565979003906,725.408935546875,0.6214186549186707,193.33587646484375,0.7560624480247498,431.91961669921875,528.0230102539062,526.9989624023438,734.9718017578125,773,1030
C_029,07_12,B73.21-C-029_2021-07-12-10-57_CAM573.JPG,installation_reference,4,160.36923217773438,514.6634521484375,173.1134796142578,728.8536987304688,0.22395016252994537,214.19024658203125,0.7062656283378601,127.2203140258789,506.5521240234375,204.80734252929688,742.552734375,773,1030
C_029,07_12,B73.21-C-029_2021-07-12-10-57_CAM573.JPG,installation_reference,5,325.5314636230469,524.4293212890625,327.6292724609375,739.71533203125,0.4238412380218506,215.2860107421875,0.6463741064071655,297.0152893066406,498.26422119140625,361.59185791015625,748.789306640625,773,1030
C_029,07_12,B73.21-C-029_2021-07-12-10-57_CAM573.JPG,installation_reference,6,0.0,521.375732421875,3.9757707118988037,721.9307861328125,0.005143299698829651,200.5550537109375,0.12711071968078613,0.0,494.469970703125,17.948394775390625,763.3399658203125,773,1030
C_004,07_02,C-004_2021-07-02.JPG,field_date_image,0,336.85748291015625,703.3905639648438,342.0998229980469,803.7361450195312,0.44256120920181274,100.3455810546875,0.8721646666526794,307.9544982910156,689.987548828125,371.2629089355469,808.703125,773,1030
C_004,07_02,C-004_2021-07-02.JPG,field_date_image,1,565.8939819335938,710.3004150390625,576.43115234375,814.4081420898438,0.7457065582275391,104.10772705078125,0.8428400158882141,542.788818359375,702.551025390625,601.3041381835938,815.421142578125,773,1030
C_004,07_02,C-004_2021-07-02.JPG,field_date_image,2,414.76287841796875,688.4056396484375,426.9410705566406,811.9930419921875,0.5523170232772827,123.58740234375,0.8103187680244446,382.331298828125,679.8513793945312,456.869873046875,812.6347045898438,773,1030
C_004,07_02,C-004_2021-07-02.JPG,field_date_image,3,196.0240478515625,673.9152221679688,194.9641571044922,807.7465209960938,0.25221753120422363,133.831298828125,0.8066590428352356,166.1412811279297,674.0576782226562,219.92813110351562,814.5997314453125,773,1030
C_004,07_02,C-004_2021-07-02.JPG,field_date_image,4,261.12603759765625,688.4221801757812,273.3077697753906,805.8880004882812,0.35356763005256653,117.4658203125,0.7548184394836426,226.69833374023438,678.3251953125,302.1099548339844,811.1682739257812,773,1030
C_004,07_02,C-004_2021-07-02.JPG,field_date_image,5,487.02880859375,744.576171875,498.09539794921875,805.440185546875,0.6443666219711304,60.864013671875,0.05449945852160454,470.3547058105469,731.0933227539062,495.662353515625,814.5740356445312,773,1030
C_004,07_11,C-004_2021-07-11.JPG,field_date_image,0,551.109130859375,637.33935546875,573.5209350585938,798.62158203125,0.7419416904449463,161.2822265625,0.9053719639778137,505.5851135253906,632.3934326171875,607.3690795898438,802.1337280273438,773,1030
C_004,07_11,C-004_2021-07-11.JPG,field_date_image,1,323.6988830566406,583.4647216796875,338.7779541015625,781.7328491210938,0.43826383352279663,198.26812744140625,0.8517339825630188,281.565185546875,584.0905151367188,366.3650817871094,799.8810424804688,773,1030
C_004,07_11,C-004_2021-07-11.JPG,field_date_image,2,417.1979675292969,569.0589599609375,427.1318664550781,781.5702514648438,0.5525638461112976,212.51129150390625,0.8230785131454468,382.8456115722656,564.6318969726562,464.07501220703125,800.551025390625,773,1030
C_004,07_11,C-004_2021-07-11.JPG,field_date_image,3,174.55079650878906,582.8215942382812,186.57391357421875,785.7897338867188,0.24136340618133545,202.9681396484375,0.8043078184127808,124.62284851074219,574.0601806640625,221.63172912597656,796.2550048828125,773,1030
C_004,07_11,C-004_2021-07-11.JPG,field_date_image,4,249.00311279296875,585.4940795898438,256.4016418457031,772.61181640625,0.3316968083381653,187.11773681640625,0.6926374435424805,215.9645233154297,576.5203857421875,283.82061767578125,798.7516479492188,773,1030
C_004,07_18,C-004_2021-07-18.JPG,field_date_image,0,185.5214080810547,493.5869140625,198.3486328125,779.2662353515625,0.2565959095954895,285.6793212890625,0.8604524731636047,132.4641876220703,484.0066223144531,227.20242309570312,788.93701171875,773,1030
C_004,07_18,C-004_2021-07-18.JPG,field_date_image,1,341.0505676269531,495.4632568359375,350.0556335449219,780.4853515625,0.45285335183143616,285.0220947265625,0.8579307198524475,297.7254333496094,482.62261962890625,382.2125549316406,796.8192138671875,773,1030
C_004,07_18,C-004_2021-07-18.JPG,field_date_image,2,573.1429443359375,554.3916015625,580.2520751953125,789.82568359375,0.7506495118141174,235.43408203125,0.8339312672615051,515.2606811523438,544.2006225585938,655.079345703125,799.7611083984375,773,1030
C_004,07_18,C-004_2021-07-18.JPG,field_date_image,3,263.5198059082031,498.92352294921875,275.0283508300781,779.7515869140625,0.35579347610473633,280.82806396484375,0.8069769144058228,217.0742645263672,487.7252502441406,303.5113525390625,795.357177734375,773,1030
C_004,07_18,C-004_2021-07-18.JPG,field_date_image,4,419.1417541503906,497.5635070800781,432.57025146484375,784.2847900390625,0.5595992803573608,286.7212829589844,0.7951219081878662,377.8891296386719,486.58172607421875,473.84857177734375,797.6834716796875,773,1030
C_004,07_18,C-004_2021-07-18.JPG,field_date_image,5,488.40533447265625,729.2322387695312,492.0101623535156,796.4251098632812,0.6364943981170654,67.19287109375,0.6599639654159546,459.50128173828125,720.0399780273438,501.3735046386719,799.36328125,773,1030
C_004,07_30,C-004_2021-07-30.JPG,field_date_image,0,339.8614196777344,467.642578125,350.23138427734375,759.0123901367188,0.4530807137489319,291.36981201171875,0.8853482007980347,295.2413024902344,454.046630859375,387.7401428222656,782.3567504882812,773,1030
C_004,07_30,C-004_2021-07-30.JPG,field_date_image,1,478.2784118652344,695.1182250976562,498.6429138183594,793.4595336914062,0.6450749039649963,98.34130859375,0.8647994995117188,448.3964538574219,692.5550537109375,521.3201293945312,793.6737670898438,773,1030
C_004,07_30,C-004_2021-07-30.JPG,field_date_image,2,177.35032653808594,446.1670837402344,190.052490234375,754.810546875,0.24586351215839386,308.6434631347656,0.854105532169342,121.98992156982422,433.8150329589844,231.30484008789062,777.8143310546875,773,1030
C_004,07_30,C-004_2021-07-30.JPG,field_date_image,3,261.6812744140625,426.011962890625,272.2950744628906,762.2166748046875,0.35225754976272583,336.2047119140625,0.7914940714836121,224.64756774902344,427.0190124511719,297.77349853515625,782.3757934570312,773,1030
C_004,07_30,C-004_2021-07-30.JPG,field_date_image,4,415.7245178222656,448.2611999511719,420.63818359375,760.2027587890625,0.5441632270812988,311.9415588378906,0.7638685703277588,387.3402099609375,440.6180114746094,455.5792541503906,782.156494140625,773,1030
C_004,07_30,C-004_2021-07-30.JPG,field_date_image,5,571.4760131835938,577.1561889648438,580.0094604492188,787.6773681640625,0.7503356337547302,210.52117919921875,0.7580956220626831,502.969970703125,566.8041381835938,658.3058471679688,796.9277954101562,773,1030
C_004,08_06,C-004_2021-08-06.JPG,field_date_image,0,182.93177795410156,436.7500305175781,190.7142333984375,750.6731567382812,0.2467195838689804,313.9231262207031,0.8892480134963989,136.7129669189453,427.224609375,228.5597381591797,765.05224609375,773,1030
C_004,08_06,C-004_2021-08-06.JPG,field_date_image,1,476.94818115234375,686.7982177734375,492.9081115722656,783.2073974609375,0.637656033039093,96.4091796875,0.8123828768730164,444.9712829589844,677.8406372070312,518.2471923828125,791.4510498046875,773,1030
C_004,08_06,C-004_2021-08-06.JPG,field_date_image,2,336.4834899902344,462.4318542480469,349.56982421875,756.04931640625,0.45222488045692444,293.6174621582031,0.7970163226127625,288.05621337890625,451.7903747558594,382.5460510253906,769.0882568359375,773,1030
C_004,08_06,C-004_2021-08-06.JPG,field_date_image,3,256.6605529785156,444.3190002441406,271.0057678222656,758.4537353515625,0.3505896031856537,314.1347351074219,0.713439404964447,224.66371154785156,432.0527648925781,294.602783203125,773.2793579101562,773,1030
C_004,08_06,C-004_2021-08-06.JPG,field_date_image,4,416.9489440917969,429.364013671875,421.4029541015625,763.8385620117188,0.5451526045799255,334.47454833984375,0.6864068508148193,379.7214660644531,433.4791564941406,467.08441162109375,778.7482299804688,773,1030
C_004,08_06,C-004_2021-08-06.JPG,field_date_image,5,562.8953247070312,581.6637573242188,577.6406860351562,781.5779418945312,0.7472712397575378,199.9141845703125,0.4279683828353882,502.1622009277344,555.6445922851562,657.9397583007812,793.968505859375,773,1030
C_005,07_11,C-005_2021-07-11.JPG,field_date_image,0,208.52821350097656,492.3543701171875,224.15814208984375,767.6185302734375,0.28998467326164246,275.26416015625,0.9095373153686523,110.42414093017578,482.1802062988281,249.42295837402344,776.4771728515625,773,1030
C_005,07_11,C-005_2021-07-11.JPG,field_date_image,1,288.38067626953125,527.7542724609375,307.4971618652344,764.2504272460938,0.3977971076965332,236.49615478515625,0.8298298716545105,233.45335388183594,524.8659057617188,331.8518371582031,772.6098022460938,773,1030
C_005,07_11,C-005_2021-07-11.JPG,field_date_image,2,519.37060546875,619.1058349609375,537.8489990234375,782.4505615234375,0.6957942843437195,163.3447265625,0.7016867399215698,464.3763732910156,616.8207397460938,579.0883178710938,790.9000244140625,773,1030
C_005,07_11,C-005_2021-07-11.JPG,field_date_image,3,618.822021484375,510.9757385253906,629.5001831054688,780.4392700195312,0.8143599033355713,269.4635314941406,0.6645585298538208,577.3505249023438,496.44390869140625,674.0250854492188,799.3831176757812,773,1030
C_005,07_11,C-005_2021-07-11.JPG,field_date_image,4,347.79248046875,539.7853393554688,366.7646179199219,757.4878540039062,0.4744690954685211,217.7025146484375,0.3957650363445282,325.6096496582031,506.08660888671875,384.94805908203125,778.3405151367188,773,1030
C_005,07_18,C-005_2021-07-18.JPG,field_date_image,0,613.9183959960938,500.4273376464844,621.9713134765625,774.27978515625,0.804620087146759,273.8524475097656,0.8986108899116516,524.96337890625,465.5429992675781,679.010986328125,792.29541015625,773,1030
C_005,07_18,C-005_2021-07-18.JPG,field_date_image,1,467.8591003417969,600.0716552734375,484.77880859375,771.7628784179688,0.6271394491195679,171.69122314453125,0.8794397115707397,421.91009521484375,590.5560302734375,547.1470336914062,783.3142700195312,773,1030
C_005,07_18,C-005_2021-07-18.JPG,field_date_image,2,208.5860595703125,456.6486511230469,221.90785217285156,766.0259399414062,0.28707355260849,309.3772888183594,0.8687819242477417,113.1158218383789,446.4604797363281,271.19329833984375,781.2520141601562,773,1030
C_005,07_18,C-005_2021-07-18.JPG,field_date_image,3,304.6753234863281,476.99334716796875,306.2271728515625,768.9880981445312,0.39615416526794434,291.9947509765625,0.7817200422286987,259.1705322265625,459.6914978027344,345.6317443847656,774.0518188476562,773,1030
C_005,07_18,C-005_2021-07-18.JPG,field_date_image,4,370.3521728515625,499.3462829589844,367.48907470703125,762.2264404296875,0.47540631890296936,262.8801574707031,0.708107590675354,349.3257141113281,485.10430908203125,398.9665222167969,770.4041748046875,773,1030
C_005,07_30,C-005_2021-07-30.JPG,field_date_image,0,609.5416870117188,547.2040405273438,616.092041015625,785.7293090820312,0.7970142960548401,238.5252685546875,0.9312795996665955,514.472900390625,503.4078369140625,666.4924926757812,801.2356567382812,773,1030
C_005,07_30,C-005_2021-07-30.JPG,field_date_image,1,205.37513732910156,435.20941162109375,217.090576171875,758.521728515625,0.2808416187763214,323.31231689453125,0.8286750316619873,97.825439453125,425.5871887207031,273.1072998046875,771.4593505859375,773,1030
C_005,07_30,C-005_2021-07-30.JPG,field_date_image,2,299.52569580078125,468.2478942871094,303.08184814453125,760.9583129882812,0.3920851945877075,292.7104187011719,0.8099932074546814,255.6593475341797,456.2394714355469,345.06951904296875,769.930908203125,773,1030
C_005,07_30,C-005_2021-07-30.JPG,field_date_image,3,373.4097595214844,490.22796630859375,379.6411437988281,750.580078125,0.4911269545555115,260.35211181640625,0.7871300578117371,346.49951171875,484.03173828125,406.46826171875,769.55419921875,773,1030
C_005,08_06,C-005_2021-08-06.JPG,field_date_image,0,615.0942993164062,503.2711181640625,627.0923461914062,765.5230712890625,0.8112449645996094,262.251953125,0.9303054809570312,509.9259948730469,459.445068359375,678.0279541015625,784.1646118164062,773,1030
C_005,08_06,C-005_2021-08-06.JPG,field_date_image,1,206.80323791503906,468.2005310058594,220.1242218017578,748.8342895507812,0.28476613759994507,280.6337585449219,0.8581789135932922,114.43541717529297,452.2747497558594,272.7477722167969,767.5897216796875,773,1030
C_005,08_06,C-005_2021-08-06.JPG,field_date_image,2,303.2912902832031,462.7586975097656,313.0048828125,758.1166381835938,0.404922217130661,295.3579406738281,0.7602334022521973,264.11126708984375,455.7720031738281,346.7425537109375,765.6724243164062,773,1030
C_005,08_06,C-005_2021-08-06.JPG,field_date_image,3,376.1179504394531,477.6763610839844,372.96246337890625,750.3069458007812,0.4824870228767395,272.6305847167969,0.7461159825325012,347.66357421875,468.63507080078125,403.532958984375,765.4935302734375,773,1030
C_009,07_11,C-009_2021-07-11.JPG,field_date_image,0,286.74029541015625,743.0792236328125,305.6772766113281,901.24267578125,0.39544278383255005,158.1634521484375,0.8883169293403625,241.0162353515625,739.0411987304688,336.0182800292969,911.2989501953125,773,1030
C_009,07_11,C-009_2021-07-11.JPG,field_date_image,1,371.2129211425781,715.81396484375,378.62701416015625,903.8562622070312,0.48981502652168274,188.04229736328125,0.8579748272895813,331.53912353515625,711.4712524414062,411.0141296386719,918.6292724609375,773,1030
C_009,07_11,C-009_2021-07-11.JPG,field_date_image,2,96.5241928100586,732.7594604492188,122.68038940429688,891.7586059570312,0.15870684385299683,158.9991455078125,0.8222576379776001,23.724084854125977,729.1482543945312,168.8483428955078,907.3552856445312,773,1030
C_009,07_11,C-009_2021-07-11.JPG,field_date_image,3,201.01979064941406,731.0260620117188,217.67881774902344,895.47802734375,0.2816026210784912,164.45196533203125,0.8148865699768066,172.1254119873047,725.0836791992188,239.37059020996094,910.4801635742188,773,1030
C_009,07_11,C-009_2021-07-11.JPG,field_date_image,4,431.12255859375,700.400146484375,442.1199645996094,867.7977294921875,0.5719533562660217,167.3975830078125,0.7930458784103394,405.6279296875,697.99951171875,475.0303649902344,879.7761840820312,773,1030
C_009,07_18,C-009_2021-07-18.JPG,field_date_image,0,198.8508758544922,651.0697021484375,212.2203826904297,866.8446044921875,0.2745412588119507,215.77490234375,0.9100077748298645,150.49066162109375,648.8700561523438,247.05331420898438,883.2056884765625,773,1030
C_009,07_18,C-009_2021-07-18.JPG,field_date_image,1,111.98225402832031,606.4611206054688,120.26158905029297,866.9826049804688,0.15557773411273956,260.521484375,0.8211464285850525,50.75802993774414,602.039794921875,157.7266387939453,878.5386962890625,773,1030
C_009,07_18,C-009_2021-07-18.JPG,field_date_image,2,428.32281494140625,605.7435913085938,439.8470153808594,841.6695556640625,0.5690129399299622,235.92596435546875,0.798041582107544,401.2878112792969,599.41015625,481.7620849609375,860.6717529296875,773,1030
C_009,07_18,C-009_2021-07-18.JPG,field_date_image,3,287.53521728515625,666.2628784179688,293.74224853515625,863.3076782226562,0.3800029158592224,197.0447998046875,0.7659343481063843,249.83956909179688,658.0159301757812,328.7100830078125,877.8477783203125,773,1030
C_009,07_18,C-009_2021-07-18.JPG,field_date_image,4,364.0761413574219,649.013916015625,368.3205261230469,857.5405883789062,0.47648191452026367,208.52667236328125,0.6972156763076782,332.5038146972656,647.7089233398438,397.34442138671875,874.44287109375,773,1030
C_009,07_30,C-009_2021-07-30.JPG,field_date_image,0,89.00021362304688,476.3663330078125,105.46129608154297,821.05615234375,0.13643117249011993,344.6898193359375,0.8683918714523315,22.706466674804688,461.8026123046875,159.2165985107422,853.6541137695312,773,1030
C_009,07_30,C-009_2021-07-30.JPG,field_date_image,1,277.13818359375,531.707763671875,283.5141296386719,833.172119140625,0.3667711913585663,301.46435546875,0.8501397967338562,240.81808471679688,545.8823852539062,317.8009338378906,850.5660400390625,773,1030
C_009,07_30,C-009_2021-07-30.JPG,field_date_image,2,438.1305847167969,470.8161926269531,428.3462219238281,817.3222045898438,0.5541348457336426,346.5060119628906,0.8365799188613892,385.2359619140625,473.16192626953125,531.205810546875,828.7589111328125,773,1030
C_009,07_30,C-009_2021-07-30.JPG,field_date_image,3,186.81764221191406,497.3588562011719,195.95510864257812,831.3526000976562,0.25349950790405273,333.9937438964844,0.8118858933448792,142.87232971191406,477.7591247558594,247.1744384765625,859.87744140625,773,1030
C_009,07_30,C-009_2021-07-30.JPG,field_date_image,4,354.4019775390625,518.6422119140625,367.7279357910156,818.2161254882812,0.475715309381485,299.57391357421875,0.7621008157730103,327.4281921386719,523.3640747070312,391.27886962890625,835.622802734375,773,1030
C_009,07_30,C-009_2021-07-30.JPG,field_date_image,5,11.048604965209961,476.4892578125,19.83358383178711,705.8031616210938,0.025657935068011284,229.31390380859375,0.0637708306312561,2.7046895027160645,446.3133544921875,34.662010192871094,767.8501586914062,773,1030
C_009,08_06,C-009_2021-08-06.JPG,field_date_image,0,93.60453033447266,477.5906677246094,107.9786605834961,796.3343505859375,0.13968779146671295,318.7436828613281,0.8978987336158752,29.231361389160156,456.613525390625,159.74269104003906,823.9287109375,773,1030
C_009,08_06,C-009_2021-08-06.JPG,field_date_image,1,285.5772705078125,513.0047607421875,291.6564636230469,825.31787109375,0.3773046135902405,312.3131103515625,0.8922366499900818,243.95831298828125,505.4416198730469,326.275146484375,839.7568969726562,773,1030
C_009,08_06,C-009_2021-08-06.JPG,field_date_image,2,360.7073669433594,519.2461547851562,368.508056640625,809.9884033203125,0.4767245352268219,290.74224853515625,0.7885392308235168,331.6517028808594,515.1832275390625,393.71783447265625,826.3720703125,773,1030
C_009,08_06,C-009_2021-08-06.JPG,field_date_image,3,193.77581787109375,492.5992736816406,201.31439208984375,822.7512817382812,0.2604326009750366,330.1520080566406,0.7841706871986389,141.3032989501953,477.7627868652344,251.481201171875,846.8487548828125,773,1030
C_009,08_06,C-009_2021-08-06.JPG,field_date_image,4,426.91796875,490.478271484375,426.13104248046875,801.6157836914062,0.5512691140174866,311.13751220703125,0.4648682475090027,399.1278076171875,483.059326171875,458.1360168457031,820.2239379882812,773,1030
C_010,07_02,C-010_2021-07-02.JPG,field_date_image,0,188.38282775878906,670.1353759765625,207.68577575683594,831.5216674804688,0.2686749994754791,161.38629150390625,0.8718665242195129,134.87672424316406,664.3017578125,241.99729919433594,838.2824096679688,773,1030
C_010,07_02,C-010_2021-07-02.JPG,field_date_image,1,349.2980041503906,653.7173461914062,362.2721862792969,820.0521240234375,0.4686574339866638,166.33477783203125,0.8244194388389587,319.7192077636719,644.6777954101562,387.5130920410156,839.2603149414062,773,1030
C_010,07_02,C-010_2021-07-02.JPG,field_date_image,2,275.74371337890625,644.437744140625,285.21759033203125,824.2861328125,0.368974894285202,179.848388671875,0.8173490166664124,247.07981872558594,636.28955078125,314.7370910644531,837.7980346679688,773,1030
C_010,07_02,C-010_2021-07-02.JPG,field_date_image,3,521.510986328125,680.4827880859375,532.724853515625,834.4254150390625,0.6891654133796692,153.942626953125,0.814204752445221,485.8000183105469,673.9901123046875,566.1614990234375,844.2950439453125,773,1030
C_010,07_02,C-010_2021-07-02.JPG,field_date_image,4,603.3956909179688,681.987548828125,612.5512084960938,831.7235107421875,0.7924336194992065,149.7359619140625,0.8020982146263123,578.4629516601562,669.2485961914062,639.456298828125,841.7511596679688,773,1030
C_010,07_02,C-010_2021-07-02.JPG,field_date_image,5,428.1192932128906,647.4298706054688,437.3562927246094,824.454833984375,0.5657908320426941,177.02496337890625,0.8004526495933533,385.0874328613281,646.6019287109375,473.3946838378906,837.7409057617188,773,1030
C_010,07_11,C-010_2021-07-11.JPG,field_date_image,0,509.8367919921875,623.6691284179688,519.4591064453125,801.4915161132812,0.6720040440559387,177.8223876953125,0.8717142343521118,454.0856018066406,610.0236206054688,577.3024291992188,815.6476440429688,773,1030
C_010,07_11,C-010_2021-07-11.JPG,field_date_image,1,600.8699951171875,666.0703735351562,615.5706176757812,823.60986328125,0.796339750289917,157.53948974609375,0.5568568706512451,558.0360107421875,657.2393798828125,698.1221923828125,834.0173950195312,773,1030
C_010,07_11,C-010_2021-07-11.JPG,field_date_image,2,246.53224182128906,676.976318359375,264.55615234375,857.934326171875,0.34224599599838257,180.9580078125,0.2778492271900177,205.9132080078125,637.9375,302.28997802734375,878.65673828125,773,1030
C_010,07_11,C-010_2021-07-11.JPG,field_date_image,3,384.4650573730469,724.9200439453125,411.2254943847656,881.4435424804688,0.5319864153862,156.52349853515625,0.1488630324602127,336.1046447753906,717.8521728515625,488.13665771484375,910.4780883789062,773,1030
C_010,07_11,C-010_2021-07-11.JPG,field_date_image,4,316.9847412109375,735.848388671875,324.6786193847656,863.8788452148438,0.4200240969657898,128.03045654296875,0.07165420055389404,292.7658996582031,719.43212890625,361.41375732421875,874.2871704101562,773,1030
C_010,07_11,C-010_2021-07-11.JPG,field_date_image,5,203.69944763183594,686.89453125,193.55587768554688,837.7569580078125,0.2503957152366638,150.8624267578125,0.06098662689328194,166.0033721923828,686.303955078125,209.92953491210938,858.4785766601562,773,1030
C_010,07_18,C-010_2021-07-18.JPG,field_date_image,0,473.0148620605469,541.6097412109375,482.08245849609375,810.5388793945312,0.6236513257026672,268.92913818359375,0.8656034469604492,422.907470703125,530.03076171875,529.9080810546875,825.0745239257812,773,1030
C_010,07_18,C-010_2021-07-18.JPG,field_date_image,1,259.82867431640625,586.4832153320312,271.47705078125,840.4346923828125,0.35119929909706116,253.95147705078125,0.8040153384208679,221.44805908203125,575.1074829101562,304.6802978515625,861.41015625,773,1030
C_010,07_18,C-010_2021-07-18.JPG,field_date_image,2,177.45823669433594,582.9736328125,185.3765869140625,834.4163818359375,0.23981447517871857,251.4427490234375,0.7853206396102905,133.509521484375,571.0748291015625,218.88357543945312,849.4486694335938,773,1030
C_010,07_18,C-010_2021-07-18.JPG,field_date_image,3,556.3421630859375,575.55029296875,562.45654296875,818.5945434570312,0.7276281118392944,243.04425048828125,0.7597561478614807,528.5677490234375,565.3826293945312,586.7811889648438,833.7662963867188,773,1030
C_010,07_18,C-010_2021-07-18.JPG,field_date_image,4,357.405029296875,554.8505859375,358.5992126464844,863.1835327148438,0.46390584111213684,308.33294677734375,0.7456995248794556,314.9843444824219,546.8279418945312,404.09588623046875,881.1400146484375,773,1030
C_010,07_18,C-010_2021-07-18.JPG,field_date_image,5,613.9396362304688,550.3857421875,622.7879638671875,807.0562133789062,0.8056765198707581,256.67047119140625,0.6376222372055054,590.5446166992188,554.6363525390625,649.0047607421875,825.8004760742188,773,1030
C_010,07_30,C-010_2021-07-30.JPG,field_date_image,0,260.57080078125,564.2906494140625,262.39105224609375,860.637451171875,0.3394450843334198,296.3468017578125,0.8983117938041687,216.7029266357422,560.9562377929688,306.2984619140625,879.7401123046875,773,1030
C_010,07_30,C-010_2021-07-30.JPG,field_date_image,1,163.7129364013672,554.94873046875,178.40103149414062,849.4916381835938,0.23079046607017517,294.54290771484375,0.842043399810791,108.63923645019531,542.273681640625,227.2987518310547,870.0661010742188,773,1030
C_010,07_30,C-010_2021-07-30.JPG,field_date_image,2,359.2788391113281,505.4680480957031,364.40924072265625,855.32666015625,0.4714220464229584,349.8586120605469,0.8224381804466248,324.314208984375,503.44952392578125,409.18133544921875,881.8718872070312,773,1030
C_010,07_30,C-010_2021-07-30.JPG,field_date_image,3,475.8807678222656,535.313720703125,482.4004821777344,807.65283203125,0.624062716960907,272.339111328125,0.8199526071548462,429.28955078125,527.6063232421875,525.9393310546875,821.3104858398438,773,1030
C_010,07_30,C-010_2021-07-30.JPG,field_date_image,4,564.3184204101562,553.8807983398438,572.2316284179688,808.5226440429688,0.7402737736701965,254.641845703125,0.7793986201286316,532.9712524414062,546.4441528320312,590.7339477539062,818.7681884765625,773,1030
C_010,07_30,C-010_2021-07-30.JPG,field_date_image,5,615.7879638671875,548.8841552734375,621.8247680664062,795.9820556640625,0.8044304847717285,247.097900390625,0.6719785332679749,591.7921142578125,549.3587646484375,653.544677734375,819.8333129882812,773,1030
C_011,07_11,C-011_2021-07-11.JPG,field_date_image,0,533.89599609375,586.9041748046875,548.6050415039062,768.7576293945312,0.7097089886665344,181.85345458984375,0.9060370326042175,482.166748046875,584.5435791015625,585.5570068359375,782.4024047851562,773,1030
C_011,07_11,C-011_2021-07-11.JPG,field_date_image,1,621.0261840820312,559.2847900390625,642.3717041015625,764.296630859375,0.8310112357139587,205.0118408203125,0.8453311324119568,578.2613525390625,559.750244140625,682.4229736328125,775.013427734375,773,1030
C_011,07_11,C-011_2021-07-11.JPG,field_date_image,2,291.07818603515625,561.7691650390625,308.8024597167969,758.0944213867188,0.39948570728302,196.32525634765625,0.8112243413925171,246.67990112304688,561.8912353515625,330.750244140625,771.2939453125,773,1030
C_011,07_11,C-011_2021-07-11.JPG,field_date_image,3,365.2694396972656,555.2510375976562,382.0290222167969,761.9479370117188,0.49421608448028564,206.6968994140625,0.8025659322738647,317.517822265625,556.7393188476562,417.8991394042969,775.9860229492188,773,1030
C_011,07_11,C-011_2021-07-11.JPG,field_date_image,4,222.919921875,564.2590942382812,242.40525817871094,759.7965087890625,0.31359022855758667,195.53741455078125,0.7900804281234741,165.70172119140625,557.5511474609375,258.0135803222656,771.59326171875,773,1030
C_011,07_11,C-011_2021-07-11.JPG,field_date_image,5,452.66229248046875,587.0682373046875,466.210693359375,759.5216674804688,0.6031185984611511,172.45343017578125,0.7737941741943359,424.8499450683594,583.3764038085938,488.394287109375,775.6895751953125,773,1030
C_011,07_18,C-011_2021-07-18.JPG,field_date_image,0,445.7371520996094,478.19549560546875,461.8052978515625,729.4706420898438,0.5974195599555969,251.275146484375,0.8382214307785034,402.00225830078125,467.33349609375,498.5818176269531,746.788330078125,773,1030
C_011,07_18,C-011_2021-07-18.JPG,field_date_image,1,543.2876586914062,480.04534912109375,551.295654296875,737.2174682617188,0.7131897211074829,257.172119140625,0.8362271785736084,500.6369934082031,470.3238220214844,580.9136962890625,748.5010986328125,773,1030
C_011,07_18,C-011_2021-07-18.JPG,field_date_image,2,366.9487609863281,462.8049011230469,380.1167297363281,727.9820556640625,0.49174222350120544,265.1771545410156,0.8180667161941528,331.5589904785156,452.8685607910156,408.075439453125,748.3035278320312,773,1030
C_011,07_18,C-011_2021-07-18.JPG,field_date_image,3,295.5557556152344,467.20458984375,313.20953369140625,728.7821655273438,0.4051869809627533,261.57757568359375,0.7975903749465942,254.0635223388672,460.08544921875,334.9683837890625,741.6585083007812,773,1030
C_011,07_18,C-011_2021-07-18.JPG,field_date_image,4,618.0319213867188,438.4093933105469,630.5432739257812,736.0777587890625,0.8157092928886414,297.6683654785156,0.7874454855918884,581.8729248046875,446.4968566894531,678.1090087890625,746.4683227539062,773,1030
C_011,07_18,C-011_2021-07-18.JPG,field_date_image,5,215.94400024414062,455.9442443847656,230.27699279785156,721.4393310546875,0.29790037870407104,265.4950866699219,0.6494340896606445,172.74337768554688,443.6235046386719,260.3269348144531,733.3764038085938,773,1030
C_011,07_30,C-011_2021-07-30.JPG,field_date_image,0,462.89727783203125,313.9573669433594,465.6492614746094,694.2344360351562,0.602392315864563,380.2770690917969,0.8918261528015137,424.7401123046875,301.93499755859375,505.342529296875,718.8945922851562,773,1030
C_011,07_30,C-011_2021-07-30.JPG,field_date_image,1,377.143798828125,332.7059631347656,382.8995361328125,688.7814331054688,0.4953422248363495,356.0754699707031,0.8359856605529785,341.968505859375,321.4455261230469,412.605712890625,718.6613159179688,773,1030
C_011,07_30,C-011_2021-07-30.JPG,field_date_image,2,291.9637145996094,322.6856384277344,302.2033386230469,681.42578125,0.39094868302345276,358.7401428222656,0.8315274119377136,266.6733093261719,323.2334899902344,331.5708312988281,708.67431640625,773,1030
C_011,07_30,C-011_2021-07-30.JPG,field_date_image,3,537.9453125,306.828125,543.431396484375,698.6441650390625,0.7030160427093506,391.8160400390625,0.8300929665565491,513.5679321289062,294.8161926269531,579.8273315429688,720.955810546875,773,1030
C_011,07_30,C-011_2021-07-30.JPG,field_date_image,4,631.1439819335938,304.3589782714844,633.8655395507812,699.0624389648438,0.8200071454048157,394.7034606933594,0.8113861083984375,582.4976196289062,290.1573791503906,701.3876342773438,719.2758178710938,773,1030
C_011,07_30,C-011_2021-07-30.JPG,field_date_image,5,226.06736755371094,322.6628723144531,235.4065399169922,669.2660522460938,0.30453628301620483,346.6031799316406,0.8033626675605774,184.74942016601562,316.1431579589844,270.4166259765625,689.2711791992188,773,1030
C_021,07_02,C-021_2021-07-02.JPG,field_date_image,0,83.84266662597656,636.6145629882812,97.59532928466797,793.4491577148438,0.12625527381896973,156.8345947265625,0.9009450078010559,23.131580352783203,634.5615844726562,146.05963134765625,801.962158203125,773,1030
C_021,07_02,C-021_2021-07-02.JPG,field_date_image,1,346.297119140625,685.1251831054688,340.53564453125,796.874267578125,0.440537691116333,111.74908447265625,0.8501566648483276,319.7371826171875,682.7383422851562,369.6345520019531,803.7305297851562,773,1030
C_021,07_02,C-021_2021-07-02.JPG,field_date_image,2,182.712890625,643.5444946289062,194.498291015625,791.3965454101562,0.25161486864089966,147.85205078125,0.8022464513778687,152.72230529785156,633.3670043945312,230.65304565429688,799.7012939453125,773,1030
C_021,07_02,C-021_2021-07-02.JPG,field_date_image,3,263.7886962890625,698.0050048828125,275.2438659667969,804.4738159179688,0.3560722768306732,106.46881103515625,0.6241477131843567,231.85092163085938,702.95947265625,303.0826110839844,809.3873901367188,773,1030
C_021,07_11,C-021_2021-07-11.JPG,field_date_image,0,37.760013580322266,623.1981201171875,51.62028503417969,779.0518188476562,0.06677915155887604,155.85369873046875,0.751251757144928,2.5854060649871826,632.7672119140625,91.81214141845703,790.9893798828125,773,1030
C_021,07_11,C-021_2021-07-11.JPG,field_date_image,1,375.1822204589844,633.8502807617188,387.33856201171875,771.315185546875,0.5010848045349121,137.46490478515625,0.7262403964996338,336.33917236328125,629.7061157226562,449.5176696777344,782.087890625,773,1030
C_021,07_11,C-021_2021-07-11.JPG,field_date_image,2,248.24888610839844,602.303466796875,271.42529296875,780.7150268554688,0.351132333278656,178.41156005859375,0.687162458896637,145.14523315429688,587.2597045898438,331.01226806640625,791.0225219726562,773,1030
C_021,07_11,C-021_2021-07-11.JPG,field_date_image,3,0.0,572.52587890625,17.265220642089844,773.9396362304688,0.022335343062877655,201.41375732421875,0.0731998085975647,0.7553681135177612,512.66064453125,74.06983184814453,788.0036010742188,773,1030
C_021,07_18,C-021_2021-07-18.JPG,field_date_image,0,52.49404525756836,522.3590698242188,67.34343719482422,767.8970336914062,0.08711957931518555,245.5379638671875,0.8827759027481079,7.100702285766602,518.6431274414062,109.59186553955078,774.1343994140625,773,1030
C_021,07_18,C-021_2021-07-18.JPG,field_date_image,1,271.71966552734375,646.2073364257812,269.1344299316406,771.7537231445312,0.3481687307357788,125.54638671875,0.7741815447807312,245.1560516357422,637.3946533203125,305.5841369628906,782.2744140625,773,1030
C_021,07_18,C-021_2021-07-18.JPG,field_date_image,2,363.0408020019531,550.397216796875,361.0207824707031,767.3873901367188,0.4670385420322418,216.99017333984375,0.7475181221961975,327.49859619140625,537.039794921875,446.82928466796875,775.0787963867188,773,1030
C_021,07_18,C-021_2021-07-18.JPG,field_date_image,3,206.76739501953125,503.0865478515625,219.02764892578125,762.1827392578125,0.28334754705429077,259.09619140625,0.7249405384063721,163.46141052246094,490.6485595703125,257.4172058105469,771.41796875,773,1030
C_021,07_30,C-021_2021-07-30.JPG,field_date_image,0,362.3141174316406,525.5771484375,369.80419921875,759.2825927734375,0.4784013032913208,233.7054443359375,0.7744322419166565,327.21893310546875,515.9200439453125,453.10955810546875,771.3189086914062,773,1030
C_021,07_30,C-021_2021-07-30.JPG,field_date_image,1,62.398521423339844,485.27490234375,72.67461395263672,749.1881713867188,0.09401632100343704,263.91326904296875,0.7490249872207642,21.471107482910156,481.5762023925781,109.50686645507812,755.4512329101562,773,1030
C_021,07_30,C-021_2021-07-30.JPG,field_date_image,2,277.6666259765625,567.487548828125,279.89923095703125,768.9257202148438,0.3620947301387787,201.43817138671875,0.6749929785728455,251.07269287109375,567.935302734375,311.814208984375,783.5166625976562,773,1030
C_021,07_30,C-021_2021-07-30.JPG,field_date_image,3,209.9287872314453,512.1472778320312,217.5836181640625,765.2337646484375,0.28147944808006287,253.08648681640625,0.6495109796524048,186.91915893554688,496.4539794921875,247.18515014648438,778.0669555664062,773,1030
C_021,07_30,C-021_2021-07-30.JPG,field_date_image,4,0.0,477.04534912109375,10.839895248413086,724.4183349609375,0.014023150317370892,247.37298583984375,0.11456020921468735,0.0,458.0469665527344,18.891157150268555,779.6231079101562,773,1030
C_024,07_02,C-024_2021-07-02.JPG,field_date_image,0,491.3149719238281,755.765380859375,498.0015869140625,872.5585327148438,0.6442452669143677,116.79315185546875,0.8981353044509888,461.88250732421875,748.7720947265625,528.9345703125,875.9447631835938,773,1030
C_024,07_02,C-024_2021-07-02.JPG,field_date_image,1,661.947265625,780.4926147460938,667.5643920898438,888.4443969726562,0.8636020421981812,107.9517822265625,0.8073301315307617,624.6185302734375,772.8842163085938,703.0852661132812,894.8374633789062,773,1030
C_024,07_02,C-024_2021-07-02.JPG,field_date_image,2,410.77337646484375,749.5025634765625,422.3390808105469,854.91015625,0.5463636517524719,105.4075927734375,0.6970306038856506,373.73333740234375,746.405517578125,451.6187744140625,864.5967407226562,773,1030
C_024,07_02,C-024_2021-07-02.JPG,field_date_image,3,567.2581176757812,726.48876953125,584.0404052734375,869.3875122070312,0.7555503249168396,142.89874267578125,0.6469221711158752,537.6842041015625,714.39404296875,605.0079345703125,879.353759765625,773,1030
C_024,07_02,C-024_2021-07-02.JPG,field_date_image,4,422.1582336425781,761.8340454101562,419.8681640625,860.2885131835938,0.5431671142578125,98.4544677734375,0.07589372247457504,401.8500061035156,755.438720703125,437.85162353515625,862.7685546875,773,1030
C_024,07_11,C-024_2021-07-11.JPG,field_date_image,0,640.08740234375,708.697021484375,653.2243041992188,856.4908447265625,0.8450508713722229,147.7938232421875,0.8490248322486877,608.2088623046875,700.6376953125,702.4561767578125,868.6087646484375,773,1030
C_024,07_11,C-024_2021-07-11.JPG,field_date_image,1,478.264892578125,710.3397827148438,490.3703918457031,843.5934448242188,0.6343730688095093,133.253662109375,0.7867696285247803,445.5307922363281,703.0407104492188,518.700439453125,855.98095703125,773,1030
C_024,07_11,C-024_2021-07-11.JPG,field_date_image,2,559.3880615234375,681.7626953125,571.6163940429688,858.2528076171875,0.7394778728485107,176.4901123046875,0.729279637336731,531.4044799804688,673.658203125,609.8169555664062,866.3378295898438,773,1030
C_024,07_11,C-024_2021-07-11.JPG,field_date_image,3,404.2150573730469,671.2347412109375,416.845458984375,860.7145385742188,0.539256751537323,189.47979736328125,0.639068603515625,354.6562194824219,656.4971313476562,449.21734619140625,884.3152465820312,773,1030
C_024,07_18,C-024_2021-07-18.JPG,field_date_image,0,635.5621948242188,598.5314331054688,641.2222290039062,846.85498046875,0.8295242190361023,248.32354736328125,0.7706584334373474,605.0748291015625,591.731689453125,681.3050537109375,862.510498046875,773,1030
C_024,07_18,C-024_2021-07-18.JPG,field_date_image,1,550.7357788085938,611.842529296875,555.749267578125,837.4165649414062,0.7189511656761169,225.57403564453125,0.7614349126815796,526.4315185546875,597.1890869140625,585.7803344726562,848.1956787109375,773,1030
C_024,07_18,C-024_2021-07-18.JPG,field_date_image,2,473.9674072265625,626.804931640625,484.3140869140625,834.4801635742188,0.6265382766723633,207.67523193359375,0.6661458611488342,445.18408203125,616.1895141601562,510.4542236328125,846.6121826171875,773,1030
C_024,07_18,C-024_2021-07-18.JPG,field_date_image,3,402.4241027832031,617.558349609375,406.8151550292969,850.61474609375,0.52628093957901,233.056396484375,0.66361403465271,367.573486328125,613.7388916015625,438.6372375488281,863.6766357421875,773,1030
C_024,07_30,C-024_2021-07-30.JPG,field_date_image,0,474.4003601074219,585.595458984375,472.1564025878906,835.621337890625,0.6108103394508362,250.02587890625,0.910036563873291,452.3822021484375,585.6256103515625,503.1934814453125,844.41259765625,773,1030
C_024,07_30,C-024_2021-07-30.JPG,field_date_image,1,544.9708862304688,596.5326538085938,551.1334228515625,840.2634887695312,0.7129798531532288,243.7308349609375,0.7407024502754211,520.717529296875,578.7017211914062,579.6650390625,853.1973266601562,773,1030
C_024,07_30,C-024_2021-07-30.JPG,field_date_image,2,621.6814575195312,593.984375,634.60791015625,836.0935668945312,0.8209675550460815,242.10919189453125,0.7277078628540039,589.302001953125,585.1876220703125,663.84375,852.3245239257812,773,1030
C_024,07_30,C-024_2021-07-30.JPG,field_date_image,3,404.392578125,584.7219848632812,410.7479553222656,823.4888305664062,0.531368613243103,238.766845703125,0.6603640913963318,375.9764099121094,579.4654541015625,437.4801025390625,836.6272583007812,773,1030
C_029,07_02,C-029_2021-07-02.JPG,field_date_image,0,395.64178466796875,682.2603149414062,404.0439453125,767.5609741210938,0.5226958990097046,85.3006591796875,0.9040144681930542,375.32757568359375,678.4085693359375,425.24725341796875,775.8759155273438,773,1030
C_029,07_02,C-029_2021-07-02.JPG,field_date_image,1,167.52572631835938,623.9112548828125,163.8910675048828,777.9161376953125,0.21201948821544647,154.0048828125,0.8303905129432678,140.77932739257812,619.010986328125,198.39288330078125,781.927001953125,773,1030
C_029,07_02,C-029_2021-07-02.JPG,field_date_image,2,77.2137680053711,653.2481689453125,91.08145141601562,764.7286376953125,0.11782852560281754,111.48046875,0.8241782188415527,34.547340393066406,642.0410766601562,123.25963592529297,770.2542114257812,773,1030
C_029,07_02,C-029_2021-07-02.JPG,field_date_image,3,241.86192321777344,657.5908203125,249.39723205566406,768.838623046875,0.3226355016231537,111.247802734375,0.8204734325408936,206.767578125,647.9192504882812,292.2099914550781,781.9630737304688,773,1030
C_029,07_02,C-029_2021-07-02.JPG,field_date_image,4,325.19744873046875,630.4112548828125,338.78277587890625,767.7678833007812,0.43827009201049805,137.35662841796875,0.7930150032043457,301.3929443359375,622.3551635742188,367.6534729003906,777.7286987304688,773,1030
C_029,07_02,C-029_2021-07-02.JPG,field_date_image,5,470.1917419433594,629.8845825195312,481.72088623046875,765.5245361328125,0.62318354845047,135.63995361328125,0.7467971444129944,445.1188049316406,618.4736328125,504.6385803222656,773.0433349609375,773,1030
C_029,07_11,C-029_2021-07-11.JPG,field_date_image,0,409.1593322753906,606.4114990234375,408.9011535644531,734.0118408203125,0.528979480266571,127.600341796875,0.8537082672119141,381.1013488769531,603.281982421875,431.05389404296875,735.1218872070312,773,1030
C_029,07_11,C-029_2021-07-11.JPG,field_date_image,1,476.03106689453125,531.426513671875,489.834716796875,714.5451049804688,0.6336801052093506,183.11859130859375,0.8321234583854675,437.272216796875,527.40478515625,540.6016845703125,733.1524047851562,773,1030
C_029,07_11,C-029_2021-07-11.JPG,field_date_image,2,86.13322448730469,535.0341186523438,102.25123596191406,726.5093994140625,0.1322784423828125,191.47528076171875,0.8264797925949097,43.44120788574219,530.0582885742188,124.33979034423828,736.3993530273438,773,1030
C_029,07_11,C-029_2021-07-11.JPG,field_date_image,3,167.25933837890625,511.8782653808594,178.8095703125,721.8929443359375,0.23131898045539856,210.01467895507812,0.8156179189682007,121.98503112792969,500.8696594238281,217.74423217773438,736.6885375976562,773,1030
C_029,07_11,C-029_2021-07-11.JPG,field_date_image,4,251.35946655273438,576.8048095703125,253.8369903564453,745.7926635742188,0.3283790349960327,168.98785400390625,0.7976293563842773,226.503173828125,576.8807373046875,276.98114013671875,747.7498779296875,773,1030
C_029,07_11,C-029_2021-07-11.JPG,field_date_image,5,327.8177795410156,516.8256225585938,341.117431640625,727.3438720703125,0.44129034876823425,210.51824951171875,0.7087106108665466,305.98248291015625,506.6997375488281,370.15380859375,737.7116088867188,773,1030
C_029,07_11,C-029_2021-07-11.JPG,field_date_image,6,17.417625427246094,531.5068359375,16.095483779907227,753.2395629882812,0.020822100341320038,221.73272705078125,0.2524178624153137,0.1106092557311058,508.8310241699219,34.20606231689453,749.4068603515625,773,1030
C_029,07_11,C-029_2021-07-11.JPG,field_date_image,7,3.309094190597534,541.6474609375,5.008069038391113,743.1583251953125,0.006478744093328714,201.5108642578125,0.09787948429584503,0.0,524.55078125,18.816516876220703,745.71533203125,773,1030
C_029,07_18,C-029_2021-07-18.JPG,field_date_image,0,472.9852294921875,500.60455322265625,481.71685791015625,714.4126586914062,0.6231783628463745,213.80810546875,0.8250827193260193,433.5944519042969,496.5229797363281,524.8971557617188,721.3139038085938,773,1030
C_029,07_18,C-029_2021-07-18.JPG,field_date_image,1,394.9306640625,514.8812866210938,398.81634521484375,713.9900512695312,0.5159331560134888,199.1087646484375,0.817459225654602,375.0238037109375,506.53509521484375,420.0794677734375,725.4663696289062,773,1030
C_029,07_18,C-029_2021-07-18.JPG,field_date_image,2,239.5420379638672,472.5767517089844,239.91152954101562,721.3524169921875,0.3103642165660858,248.77566528320312,0.8025188446044922,218.16648864746094,470.9595947265625,267.3737487792969,727.25390625,773,1030
C_029,07_18,C-029_2021-07-18.JPG,field_date_image,3,325.5439147949219,500.24658203125,330.26275634765625,718.9072875976562,0.4272480607032776,218.66070556640625,0.7460154891014099,301.93096923828125,498.0213623046875,356.865966796875,730.2433471679688,773,1030
C_029,07_18,C-029_2021-07-18.JPG,field_date_image,4,160.27511596679688,505.7384948730469,166.2796173095703,719.92822265625,0.2151094675064087,214.18972778320312,0.7227226495742798,138.1246795654297,484.8218994140625,195.34600830078125,730.993896484375,773,1030
C_029,07_18,C-029_2021-07-18.JPG,field_date_image,5,77.75962829589844,499.6357421875,89.80564880371094,716.2044677734375,0.11617807298898697,216.5687255859375,0.6876586675643921,42.33797836303711,482.59356689453125,125.33255004882812,731.2442016601562,773,1030
C_029,07_30,C-029_2021-07-30.JPG,field_date_image,0,328.01922607421875,414.265869140625,328.8694763183594,711.4686279296875,0.42544564604759216,297.2027587890625,0.835159182548523,303.8411865234375,404.4768981933594,360.212158203125,726.07568359375,773,1030
C_029,07_30,C-029_2021-07-30.JPG,field_date_image,1,474.5251770019531,401.73626708984375,480.9378356933594,705.6346435546875,0.6221705675125122,303.89837646484375,0.7974095940589905,447.84130859375,392.7171936035156,510.81463623046875,719.98974609375,773,1030
C_029,07_30,C-029_2021-07-30.JPG,field_date_image,2,161.82505798339844,387.0556335449219,169.42257690429688,716.797607421875,0.21917538344860077,329.7419738769531,0.7653889656066895,132.75469970703125,380.24700927734375,205.50588989257812,732.3903198242188,773,1030
C_029,07_30,C-029_2021-07-30.JPG,field_date_image,3,404.2107849121094,430.38433837890625,401.6011047363281,714.0687255859375,0.5195357203483582,283.68438720703125,0.7538302540779114,381.4950256347656,420.22076416015625,426.7001647949219,724.579833984375,773,1030
C_029,07_30,C-029_2021-07-30.JPG,field_date_image,4,78.05238342285156,408.0768737792969,88.9815673828125,702.8310546875,0.11511199176311493,294.7541809082031,0.6740895509719849,50.72700500488281,398.6336669921875,123.374267578125,721.3638305664062,773,1030
C_029,07_30,C-029_2021-07-30.JPG,field_date_image,5,242.7591094970703,410.374755859375,247.2392120361328,721.0791625976562,0.31984373927116394,310.70440673828125,0.6724990010261536,219.48193359375,412.2695007324219,270.7220153808594,730.7211303710938,773,1030
C_029,07_30,C-029_2021-07-30.JPG,field_date_image,6,16.41496467590332,444.9287109375,16.70780372619629,707.6854248046875,0.021614234894514084,262.7567138671875,0.1208634227514267,0.44220665097236633,416.0594482421875,29.934825897216797,714.2874145507812,773,1030
C_029,08_06,C-029_2021-08-06.JPG,field_date_image,0,327.9901428222656,414.6376037597656,328.4287109375,716.71826171875,0.4248754382133484,302.0806579589844,0.8396231532096863,306.53570556640625,405.68206787109375,359.75860595703125,731.0889282226562,773,1030
C_029,08_06,C-029_2021-08-06.JPG,field_date_image,1,471.77960205078125,383.2042541503906,483.7959899902344,693.9548950195312,0.625868022441864,310.7506408691406,0.80137038230896,440.0529479980469,375.5461120605469,508.4287109375,707.078857421875,773,1030
C_029,08_06,C-029_2021-08-06.JPG,field_date_image,2,409.72216796875,400.8456726074219,401.25531005859375,708.1145629882812,0.5190883874893188,307.2688903808594,0.7793340086936951,381.3872985839844,391.19970703125,426.0531921386719,715.5418090820312,773,1030
C_029,08_06,C-029_2021-08-06.JPG,field_date_image,3,76.69965362548828,415.5403747558594,87.4926528930664,701.22802734375,0.1131858378648758,285.6876525878906,0.722534716129303,49.715003967285156,409.6104736328125,118.82484436035156,717.5587158203125,773,1030
C_029,08_06,C-029_2021-08-06.JPG,field_date_image,4,242.27442932128906,424.15887451171875,247.12977600097656,710.57958984375,0.3197021782398224,286.42071533203125,0.6732353568077087,219.00393676757812,411.355224609375,272.2509765625,723.6456909179688,773,1030
C_029,08_06,C-029_2021-08-06.JPG,field_date_image,5,162.54202270507812,407.8893737792969,164.11367797851562,710.2932739257812,0.21230746805667877,302.4039001464844,0.6721380352973938,140.4702911376953,398.3973693847656,192.27723693847656,719.8768920898438,773,1030
C_029,08_06,C-029_2021-08-06.JPG,field_date_image,6,0.0,452.86810302734375,5.0659284591674805,676.6016235351562,0.00655359448865056,223.7335205078125,0.07891285419464111,0.0,411.4838562011719,18.92777442932129,737.5927734375,773,1030
C_032,07_02,C-032_2021-07-02.JPG,field_date_image,0,357.4183349609375,616.0391235351562,374.6510925292969,738.5530395507812,0.48467153310775757,122.513916015625,0.7833269834518433,312.6811218261719,608.4698486328125,411.4787292480469,742.2144165039062,773,1030
C_032,07_02,C-032_2021-07-02.JPG,field_date_image,1,445.6202392578125,612.5985717773438,454.86529541015625,717.467529296875,0.5884414911270142,104.86895751953125,0.7408015131950378,416.26153564453125,607.6063232421875,484.9783020019531,724.6558227539062,773,1030
C_032,07_02,C-032_2021-07-02.JPG,field_date_image,2,207.93011474609375,612.4837646484375,223.47450256347656,755.8154907226562,0.2891002595424652,143.33172607421875,0.6282190680503845,168.61485290527344,617.0160522460938,260.0703125,762.2230834960938,773,1030
C_032,07_11,C-032_2021-07-11.JPG,field_date_image,0,213.77330017089844,592.4682006835938,227.72300720214844,740.5860595703125,0.2945963740348816,148.11785888671875,0.8464722633361816,166.55303955078125,586.0379638671875,279.7378845214844,747.53857421875,773,1030
C_032,07_11,C-032_2021-07-11.JPG,field_date_image,1,352.66827392578125,590.3953857421875,363.7210388183594,726.05810546875,0.47053173184394836,135.6627197265625,0.805825412273407,304.2017517089844,584.4373168945312,414.5751953125,728.8087158203125,773,1030
C_032,07_11,C-032_2021-07-11.JPG,field_date_image,2,449.15960693359375,595.6636962890625,461.01361083984375,715.8341064453125,0.5963953733444214,120.17041015625,0.6249840259552002,425.4333801269531,592.9358520507812,503.7867736816406,717.7093505859375,773,1030
C_032,07_18,C-032_2021-07-18.JPG,field_date_image,0,365.4815979003906,507.4307556152344,374.75579833984375,708.312744140625,0.48480698466300964,200.88198852539062,0.7779553532600403,328.562255859375,497.8261413574219,410.5146179199219,716.619873046875,773,1030
C_032,07_18,C-032_2021-07-18.JPG,field_date_image,1,218.4520263671875,547.9589233398438,232.4898223876953,731.6206665039062,0.3007630407810211,183.6617431640625,0.6859421133995056,157.4517364501953,532.8598022460938,281.8742370605469,736.8408813476562,773,1030
C_032,07_18,C-032_2021-07-18.JPG,field_date_image,2,446.3931579589844,526.0595703125,450.82781982421875,701.2402954101562,0.5832183957099915,175.18072509765625,0.5973935723304749,422.22265625,511.0658874511719,480.6702575683594,707.6546630859375,773,1030
C_032,07_18,C-032_2021-07-18.JPG,field_date_image,3,734.1055297851562,495.711181640625,746.44970703125,679.8803100585938,0.9656529426574707,184.16912841796875,0.5245311856269836,700.3386840820312,486.2308349609375,771.1685180664062,685.2199096679688,773,1030
C_032,07_30,C-032_2021-07-30.JPG,field_date_image,0,360.8668212890625,481.92706298828125,368.7536926269531,692.0732421875,0.4770422875881195,210.14617919921875,0.8031615018844604,321.3451232910156,471.00213623046875,398.3207092285156,707.1390991210938,773,1030
C_032,07_30,C-032_2021-07-30.JPG,field_date_image,1,458.2275390625,483.0150146484375,466.16461181640625,688.84326171875,0.6030589938163757,205.8282470703125,0.7754046320915222,424.7352600097656,477.7765808105469,501.7350769042969,697.8616943359375,773,1030
C_032,07_30,C-032_2021-07-30.JPG,field_date_image,2,200.9674835205078,524.4024658203125,217.80531311035156,714.5426025390625,0.28176626563072205,190.14013671875,0.7387682199478149,146.33041381835938,515.5001220703125,268.78125,727.5234985351562,773,1030
C_032,07_30,C-032_2021-07-30.JPG,field_date_image,3,736.6426391601562,537.5440063476562,741.1678466796875,680.9788818359375,0.9588199853897095,143.43487548828125,0.1917007565498352,702.8536987304688,525.1619262695312,767.7315673828125,694.8134155273438,773,1030
C_037,07_02,C-037_2021-07-02.JPG,field_date_image,0,520.452392578125,692.9705810546875,534.1456298828125,810.1580200195312,0.6910033822059631,117.18743896484375,0.8746241927146912,494.30670166015625,688.9046020507812,561.717529296875,810.3032836914062,773,1030
C_037,07_02,C-037_2021-07-02.JPG,field_date_image,1,206.6160430908203,705.0707397460938,224.56556701660156,810.4797973632812,0.29051172733306885,105.4090576171875,0.8433645367622375,177.4119873046875,703.0992431640625,241.75222778320312,815.808837890625,773,1030
C_037,07_02,C-037_2021-07-02.JPG,field_date_image,2,450.80126953125,675.6198120117188,472.2184143066406,806.5530395507812,0.6108905673027039,130.9332275390625,0.8400314450263977,405.8233337402344,669.0889892578125,490.153564453125,809.5791625976562,773,1030
C_037,07_02,C-037_2021-07-02.JPG,field_date_image,3,355.0862121582031,712.7140502929688,368.0829772949219,803.8074951171875,0.47617462277412415,91.09344482421875,0.726825475692749,317.97259521484375,705.072021484375,396.5145568847656,807.9384155273438,773,1030
C_037,07_02,C-037_2021-07-02.JPG,field_date_image,4,599.4364013671875,744.8796997070312,611.3505859375,804.627197265625,0.7908804416656494,59.74749755859375,0.4830186367034912,582.423095703125,744.3450927734375,625.9306640625,806.07666015625,773,1030
C_037,07_11,C-037_2021-07-11.JPG,field_date_image,0,549.9783935546875,658.6494140625,573.597412109375,823.886962890625,0.7420406341552734,165.237548828125,0.8507476449012756,507.4264221191406,661.4342041015625,603.7964477539062,842.9131469726562,773,1030
C_037,07_11,C-037_2021-07-11.JPG,field_date_image,1,484.6855163574219,655.4072875976562,500.4547119140625,801.4720458984375,0.6474187970161438,146.06475830078125,0.7084910869598389,444.9877014160156,648.7922973632812,517.679931640625,807.4428100585938,773,1030
C_037,07_11,C-037_2021-07-11.JPG,field_date_image,2,393.191162109375,688.2413330078125,411.3761901855469,791.3265380859375,0.5321813821792603,103.085205078125,0.6633453369140625,351.43353271484375,678.9244995117188,436.03240966796875,797.166259765625,773,1030
C_037,07_11,C-037_2021-07-11.JPG,field_date_image,3,241.15736389160156,687.3469848632812,263.2927551269531,799.3890991210938,0.3406115770339966,112.0421142578125,0.5419020056724548,208.47117614746094,684.698486328125,288.7646789550781,804.056640625,773,1030
C_037,07_30,C-037_2021-07-30.JPG,field_date_image,0,636.216552734375,569.141357421875,651.869384765625,755.9790649414062,0.8432980179786682,186.83770751953125,0.8460896015167236,596.89013671875,564.781982421875,689.9955444335938,780.768310546875,773,1030
C_037,07_30,C-037_2021-07-30.JPG,field_date_image,1,566.29443359375,550.4450073242188,566.1039428710938,768.5443725585938,0.7323466539382935,218.099365234375,0.8126955032348633,540.8768920898438,541.4057006835938,593.0345458984375,777.171875,773,1030
C_037,07_30,C-037_2021-07-30.JPG,field_date_image,2,412.303955078125,503.2440490722656,418.2701416015625,771.2145385742188,0.5410997867584229,267.9704895019531,0.7340614795684814,378.18194580078125,502.3759765625,444.2917785644531,784.8892822265625,773,1030
C_037,07_30,C-037_2021-07-30.JPG,field_date_image,3,491.951171875,532.484619140625,500.59271240234375,768.711669921875,0.6475973129272461,236.22705078125,0.7223935127258301,460.65081787109375,529.4572143554688,530.6629638671875,785.7066040039062,773,1030
C_037,07_30,C-037_2021-07-30.JPG,field_date_image,4,244.47862243652344,534.9600830078125,252.92864990234375,769.8578491210938,0.3272039592266083,234.89776611328125,0.6500385999679565,213.759765625,523.7593383789062,276.96783447265625,785.0633544921875,773,1030
C_037,08_06,C-037_2021-08-06.JPG,field_date_image,0,244.6387939453125,527.0609130859375,257.039306640625,771.306640625,0.3325217366218567,244.2457275390625,0.7748153209686279,202.6216583251953,523.0864868164062,283.6018981933594,783.2520751953125,773,1030
C_037,08_06,C-037_2021-08-06.JPG,field_date_image,1,564.7109985351562,540.4437866210938,570.922607421875,758.267822265625,0.7385803461074829,217.82403564453125,0.7531874775886536,537.5572509765625,538.8865356445312,595.1288452148438,773.0919189453125,773,1030
C_037,08_06,C-037_2021-08-06.JPG,field_date_image,2,491.05938720703125,535.244140625,502.5097961425781,752.4805297851562,0.6500773429870605,217.23638916015625,0.7530725598335266,457.1739196777344,524.3444213867188,529.8744506835938,773.2430419921875,773,1030
C_037,08_06,C-037_2021-08-06.JPG,field_date_image,3,640.457763671875,569.8616943359375,654.6531982421875,751.5574951171875,0.8468993306159973,181.69580078125,0.7423186898231506,613.7695922851562,569.5145263671875,686.8574829101562,767.0831298828125,773,1030
C_037,08_06,C-037_2021-08-06.JPG,field_date_image,4,408.0318298339844,504.5307922363281,415.43585205078125,766.8259887695312,0.5374332070350647,262.2951965332031,0.7405170202255249,371.5737609863281,500.9258728027344,438.0857238769531,776.420166015625,773,1030
C_038,07_11,C-038_2021-07-11.JPG,field_date_image,0,571.1293334960938,698.3777465820312,592.3285522460938,796.9908447265625,0.7662723660469055,98.61309814453125,0.8370535969734192,538.3953857421875,700.0179443359375,612.9281005859375,794.040771484375,773,1030
C_038,07_11,C-038_2021-07-11.JPG,field_date_image,1,238.79037475585938,588.8916625976562,248.9423828125,766.9188232421875,0.32204705476760864,178.02716064453125,0.7963099479675293,214.37069702148438,587.0524291992188,269.606689453125,780.1969604492188,773,1030
C_038,07_11,C-038_2021-07-11.JPG,field_date_image,2,174.6977996826172,722.202392578125,183.37255859375,775.7859497070312,0.23722194135189056,53.58355712890625,0.5435888171195984,157.1388397216797,718.7827758789062,193.82818603515625,777.5718994140625,773,1030
C_038,07_11,C-038_2021-07-11.JPG,field_date_image,3,665.877685546875,998.28515625,685.6738891601562,1030.0,0.8870295882225037,31.71484375,0.059176601469516754,631.8299560546875,981.984375,704.0560913085938,1030.0,773,1030
C_038,07_30,C-038_2021-07-30.JPG,field_date_image,0,242.00210571289062,523.5206909179688,253.89515686035156,738.2883911132812,0.32845428586006165,214.7677001953125,0.8591724038124084,208.9169158935547,502.852783203125,299.80609130859375,761.5165405273438,773,1030
C_038,07_30,C-038_2021-07-30.JPG,field_date_image,1,571.6875,613.3838500976562,580.555419921875,759.9156494140625,0.7510419487953186,146.53179931640625,0.8304414749145508,539.64306640625,603.1856689453125,614.24072265625,769.7576293945312,773,1030
C_038,07_30,C-038_2021-07-30.JPG,field_date_image,2,166.03627014160156,549.7916870117188,171.98594665527344,763.3390502929688,0.22249151766300201,213.54736328125,0.7382689118385315,137.9928741455078,543.0853881835938,193.43582153320312,774.3997802734375,773,1030
C_038,08_06,C-038_2021-08-06.JPG,field_date_image,0,243.8494873046875,494.14520263671875,251.25299072265625,737.765625,0.3250361979007721,243.62042236328125,0.8352671265602112,203.3470001220703,489.9208068847656,298.708740234375,751.2840576171875,773,1030
C_038,08_06,C-038_2021-08-06.JPG,field_date_image,1,577.0999145507812,602.083984375,583.173828125,761.7435302734375,0.754429280757904,159.6595458984375,0.8192258477210999,541.414794921875,597.6763916015625,611.0404052734375,772.1492919921875,773,1030
C_038,08_06,C-038_2021-08-06.JPG,field_date_image,2,162.42359924316406,522.7958374023438,169.9962615966797,749.7584838867188,0.21991755068302155,226.962646484375,0.6599219441413879,129.98133850097656,521.1989135742188,193.28660583496094,761.4542236328125,773,1030
C_039,07_02,C-039_2021-07-02.JPG,field_date_image,0,261.0511169433594,877.2153930664062,263.4632568359375,1001.8231811523438,0.3408321440219879,124.6077880859375,0.8185646533966064,233.6510772705078,872.3486938476562,291.4105224609375,1003.003173828125,773,1030
C_039,07_02,C-039_2021-07-02.JPG,field_date_image,1,437.1014099121094,892.4266967773438,430.0242004394531,1008.6254272460938,0.5563055872917175,116.19873046875,0.7975846529006958,410.8021240234375,883.7528686523438,462.5513000488281,1011.417724609375,773,1030
C_039,07_02,C-039_2021-07-02.JPG,field_date_image,2,504.16766357421875,870.9413452148438,513.861572265625,1007.7653198242188,0.6647627353668213,136.823974609375,0.7855358719825745,474.5468444824219,861.967041015625,541.4943237304688,1015.4547729492188,773,1030
C_039,07_02,C-039_2021-07-02.JPG,field_date_image,3,574.853759765625,862.328857421875,591.838134765625,1009.5865478515625,0.7656379342079163,147.2576904296875,0.6834757328033447,544.856201171875,860.609619140625,620.4840698242188,1018.6934814453125,773,1030
C_039,07_02,C-039_2021-07-02.JPG,field_date_image,4,182.6250457763672,844.3812255859375,176.0670623779297,996.5604858398438,0.2277711033821106,152.17926025390625,0.6279608011245728,155.7454376220703,845.176025390625,199.90707397460938,1004.5282592773438,773,1030
C_039,07_02,C-039_2021-07-02.JPG,field_date_image,5,340.9741516113281,857.1161499023438,353.3067321777344,998.7850341796875,0.45705917477607727,141.66888427734375,0.564012885093689,304.7618408203125,856.8197021484375,379.51055908203125,1011.53173828125,773,1030
C_039,07_02,C-039_2021-07-02.JPG,field_date_image,6,593.5564575195312,895.9071044921875,596.7119140625,1012.4282836914062,0.7719429731369019,116.52117919921875,0.09211728721857071,573.0214233398438,888.8427734375,614.17041015625,1017.966064453125,773,1030
C_039,07_11,C-039_2021-07-11.JPG,field_date_image,0,643.6787719726562,847.9047241210938,646.1846923828125,1021.40087890625,0.8359439969062805,173.49615478515625,0.8199732303619385,593.6787719726562,844.3570556640625,704.5586547851562,1029.657958984375,773,1030
C_039,07_11,C-039_2021-07-11.JPG,field_date_image,1,365.656982421875,873.7416381835938,377.7878723144531,1008.1553344726562,0.48872944712638855,134.4136962890625,0.7426291704177856,333.432861328125,867.5779418945312,413.9801025390625,1020.1983642578125,773,1030
C_039,07_11,C-039_2021-07-11.JPG,field_date_image,2,524.0324096679688,838.5414428710938,522.9133911132812,1008.4896850585938,0.6764726638793945,169.9482421875,0.6509170532226562,494.5787353515625,837.6091918945312,554.0155029296875,1020.8001708984375,773,1030
C_039,07_11,C-039_2021-07-11.JPG,field_date_image,3,458.09722900390625,853.052490234375,464.0697021484375,1015.66455078125,0.6003488898277283,162.612060546875,0.6032077670097351,430.91375732421875,841.3878784179688,489.8940734863281,1025.288330078125,773,1030
C_039,07_11,C-039_2021-07-11.JPG,field_date_image,4,262.83392333984375,839.4474487304688,276.8852844238281,995.1798095703125,0.3581957221031189,155.73236083984375,0.5470933318138123,242.21702575683594,859.1840209960938,300.2603454589844,1009.3142700195312,773,1030
C_039,07_11,C-039_2021-07-11.JPG,field_date_image,5,183.35540771484375,828.1624755859375,196.24696350097656,992.8274536132812,0.25387704372406006,164.66497802734375,0.2476193904876709,141.2733612060547,821.1621704101562,215.23281860351562,1005.0130004882812,773,1030
C_039,07_11,C-039_2021-07-11.JPG,field_date_image,6,259.25994873046875,816.1892700195312,272.8965148925781,999.127197265625,0.3530355989933014,182.93792724609375,0.05435600131750107,224.0391845703125,770.2890625,300.46783447265625,1007.856201171875,773,1030
C_039,07_18,C-039_2021-07-18.JPG,field_date_image,0,496.9549865722656,726.9337158203125,494.088623046875,993.7304077148438,0.6391832232475281,266.79669189453125,0.7952624559402466,469.108642578125,725.72119140625,524.8986206054688,1008.3441162109375,773,1030
C_039,07_18,C-039_2021-07-18.JPG,field_date_image,1,252.9016571044922,748.6987915039062,253.50714111328125,983.7894287109375,0.3279523253440857,235.09063720703125,0.7655384540557861,228.16578674316406,732.9847412109375,289.8309631347656,995.7664794921875,773,1030
C_039,07_18,C-039_2021-07-18.JPG,field_date_image,2,603.5803833007812,766.4677734375,612.2786254882812,1006.3956909179688,0.7920809984207153,239.92791748046875,0.7638531923294067,550.41357421875,763.0590209960938,663.7566528320312,1015.554931640625,773,1030
C_039,07_18,C-039_2021-07-18.JPG,field_date_image,3,343.7208557128906,738.76123046875,346.34967041015625,985.4705200195312,0.44805908203125,246.70928955078125,0.7348193526268005,317.83392333984375,725.7582397460938,375.9806213378906,997.650146484375,773,1030
C_039,07_18,C-039_2021-07-18.JPG,field_date_image,4,179.6742706298828,763.438232421875,174.3278045654297,986.0498657226562,0.22552108764648438,222.61163330078125,0.732549250125885,149.0892333984375,746.5929565429688,206.11895751953125,999.394775390625,773,1030
C_039,07_18,C-039_2021-07-18.JPG,field_date_image,5,419.830322265625,742.1861572265625,431.37158203125,979.1331176757812,0.5580486059188843,236.94696044921875,0.6990304589271545,397.7091064453125,722.9402465820312,459.1965026855469,998.1439819335938,773,1030
C_039,07_30,C-039_2021-07-30.JPG,field_date_image,0,498.56683349609375,706.5628662109375,489.8565673828125,993.76220703125,0.6337083578109741,287.1993408203125,0.9377655982971191,471.0810852050781,719.6875,521.3892211914062,1003.7943115234375,773,1030
C_039,07_30,C-039_2021-07-30.JPG,field_date_image,1,177.31040954589844,732.0724487304688,174.15377807617188,972.1341552734375,0.22529596090316772,240.06170654296875,0.8619526624679565,154.9171142578125,727.0419921875,205.80404663085938,985.2455444335938,773,1030
C_039,07_30,C-039_2021-07-30.JPG,field_date_image,2,255.85452270507812,721.3161010742188,255.95285034179688,980.2499389648438,0.3311162292957306,258.933837890625,0.7816176414489746,229.77503967285156,710.78369140625,285.30645751953125,992.1766967773438,773,1030
C_039,07_30,C-039_2021-07-30.JPG,field_date_image,3,350.1385803222656,725.9052734375,351.005859375,987.4244384765625,0.4540826082229614,261.5191650390625,0.7743415236473083,320.58599853515625,710.4664306640625,379.38922119140625,1001.8639526367188,773,1030
C_039,07_30,C-039_2021-07-30.JPG,field_date_image,4,432.0521545410156,723.0494384765625,435.8619079589844,988.614013671875,0.5638575553894043,265.5645751953125,0.7350282073020935,410.65106201171875,708.1495971679688,462.7751159667969,1004.9047241210938,773,1030
C_039,07_30,C-039_2021-07-30.JPG,field_date_image,5,605.9437866210938,746.5098876953125,604.6823120117188,998.8729248046875,0.7822539806365967,252.363037109375,0.7086855173110962,570.89013671875,738.8292846679688,652.4617309570312,1010.860107421875,773,1030
C_039,08_06,C-039_2021-08-06.JPG,field_date_image,0,435.59893798828125,720.1593627929688,434.57806396484375,968.5481567382812,0.5621967315673828,248.3887939453125,0.8687597513198853,412.1280822753906,720.483154296875,458.88372802734375,988.6995239257812,773,1030
C_039,08_06,C-039_2021-08-06.JPG,field_date_image,1,254.63624572753906,705.0772705078125,254.47891235351562,976.8483276367188,0.32920944690704346,271.77105712890625,0.8366042375564575,225.77891540527344,699.148681640625,288.14251708984375,991.6519775390625,773,1030
C_039,08_06,C-039_2021-08-06.JPG,field_date_image,2,498.4263000488281,722.0152587890625,493.0361633300781,987.9669189453125,0.6378216743469238,265.95166015625,0.8258308172225952,469.4188537597656,717.8098754882812,521.9420166015625,1000.2653198242188,773,1030
C_039,08_06,C-039_2021-08-06.JPG,field_date_image,3,170.98904418945312,706.099365234375,176.0513153076172,989.7195434570312,0.2277507334947586,283.62017822265625,0.7963610291481018,150.70535278320312,702.49462890625,204.35009765625,1005.7557983398438,773,1030
C_039,08_06,C-039_2021-08-06.JPG,field_date_image,4,345.020263671875,722.1243286132812,347.2108154296875,983.7984619140625,0.44917312264442444,261.67413330078125,0.7144219279289246,318.3706359863281,712.3460693359375,381.6793518066406,997.7599487304688,773,1030
C_039,08_06,C-039_2021-08-06.JPG,field_date_image,5,601.1836547851562,763.6314697265625,598.2503051757812,997.0059814453125,0.7739331126213074,233.37451171875,0.5855256915092468,572.1033935546875,763.9228515625,651.9579467773438,1010.060791015625,773,1030
C_010,07_12,CO106.21-C-010_2021-07-12-12-11_CAM405.JPG,installation_reference,0,360.89532470703125,670.6848754882812,369.2578430175781,848.6928100585938,0.47769448161125183,178.0079345703125,0.8000285625457764,320.04473876953125,668.4239501953125,421.21624755859375,864.2694702148438,773,1030
C_010,07_12,CO106.21-C-010_2021-07-12-12-11_CAM405.JPG,installation_reference,1,487.7377014160156,621.6873779296875,497.0652770996094,812.8748779296875,0.6430339813232422,191.1875,0.7144355773925781,439.9039611816406,616.2294311523438,543.3744506835938,822.8310546875,773,1030
C_010,07_12,CO106.21-C-010_2021-07-12-12-11_CAM405.JPG,installation_reference,2,250.67794799804688,650.3672485351562,264.9919128417969,836.9876098632812,0.3428097069263458,186.620361328125,0.7102590799331665,217.0810546875,656.4382934570312,307.9261779785156,857.2005615234375,773,1030
C_010,07_12,CO106.21-C-010_2021-07-12-12-11_CAM405.JPG,installation_reference,3,615.0362548828125,622.1369018554688,622.810791015625,822.6548461914062,0.8057060837745667,200.5179443359375,0.6608729958534241,561.1452026367188,621.9140625,687.6596069335938,834.8472290039062,773,1030
C_010,07_12,CO106.21-C-010_2021-07-12-12-11_CAM405.JPG,installation_reference,4,166.1434326171875,624.6654052734375,178.4854278564453,828.2450561523438,0.2308996468782425,203.57965087890625,0.36091798543930054,95.9117202758789,618.8419189453125,218.30520629882812,838.5944213867188,773,1030
C_010,07_12,CO106.21-C-010_2021-07-12-12-11_CAM405.JPG,installation_reference,5,189.89749145507812,645.71044921875,180.49539184570312,829.9092407226562,0.23349985480308533,184.19879150390625,0.05486264452338219,149.89834594726562,646.8842163085938,212.40003967285156,842.5003051757812,773,1030
C_005,07_12,CO255.21-C-005_2021-07-12-10-21_CAM811.JPG,installation_reference,0,205.79150390625,514.7451171875,214.87217712402344,773.2052612304688,0.2779717743396759,258.46014404296875,0.8347101807594299,118.20536041259766,488.6567687988281,255.49322509765625,776.4088745117188,773,1030
C_005,07_12,CO255.21-C-005_2021-07-12-10-21_CAM811.JPG,installation_reference,1,297.5769348144531,525.3909301757812,309.88592529296875,759.49365234375,0.4008873403072357,234.10272216796875,0.6952635645866394,255.90516662597656,521.2410278320312,339.282958984375,776.0607299804688,773,1030
C_005,07_12,CO255.21-C-005_2021-07-12-10-21_CAM811.JPG,installation_reference,2,610.2759399414062,545.4202270507812,620.14990234375,789.0756225585938,0.8022637963294983,243.6553955078125,0.657986581325531,553.4830322265625,503.6300964355469,670.0203857421875,803.7088012695312,773,1030
C_005,07_12,CO255.21-C-005_2021-07-12-10-21_CAM811.JPG,installation_reference,3,366.02484130859375,537.706787109375,370.9931335449219,766.0411376953125,0.47993937134742737,228.3343505859375,0.625216007232666,341.09100341796875,534.7845458984375,394.6193542480469,775.8639526367188,773,1030
C_005,07_12,CO255.21-C-005_2021-07-12-10-21_CAM811.JPG,installation_reference,4,509.96539306640625,517.6445922851562,529.576416015625,787.2949829101562,0.6850923895835876,269.650390625,0.6039668321609497,467.3889465332031,506.6472473144531,563.5491943359375,803.3848266601562,773,1030
C_021,07_12,EP1.21-C-021_2021-07-12-10-08_CAM219.JPG,installation_reference,0,251.56715393066406,630.306640625,270.3053283691406,782.945068359375,0.3496834635734558,152.638427734375,0.685631513595581,199.57046508789062,638.7049560546875,321.0460510253906,792.6705932617188,773,1030
C_021,07_12,EP1.21-C-021_2021-07-12-10-08_CAM219.JPG,installation_reference,1,33.489994049072266,549.5466918945312,46.53099060058594,761.3692016601562,0.060195330530405045,211.822509765625,0.5362840890884399,0.6110938787460327,519.6690673828125,93.8436508178711,777.2171630859375,773,1030
C_021,07_12,EP1.21-C-021_2021-07-12-10-08_CAM219.JPG,installation_reference,2,370.4542541503906,633.7716064453125,384.0465393066406,750.119873046875,0.49682605266571045,116.3482666015625,0.23453359305858612,332.4214782714844,622.6232299804688,426.5884094238281,758.7352905273438,773,1030
C_024,07_12,I29.21-C-024_2021-07-12-11-51_CAM574.JPG,installation_reference,0,629.603271484375,676.5774536132812,640.9041137695312,851.0228271484375,0.829112708568573,174.44537353515625,0.8149076700210571,593.2786865234375,674.9261474609375,689.1123657226562,860.5855712890625,773,1030
C_024,07_12,I29.21-C-024_2021-07-12-11-51_CAM574.JPG,installation_reference,1,548.33740234375,687.70947265625,557.3982543945312,847.5369873046875,0.7210844159126282,159.8275146484375,0.793450653553009,520.9505004882812,676.717529296875,588.4337158203125,856.7260131835938,773,1030
C_024,07_12,I29.21-C-024_2021-07-12-11-51_CAM574.JPG,installation_reference,2,474.71966552734375,684.9917602539062,487.2040100097656,845.544921875,0.6302768588066101,160.55316162109375,0.7602137327194214,446.0329284667969,679.6985473632812,514.8433227539062,855.1488647460938,773,1030
C_024,07_12,I29.21-C-024_2021-07-12-11-51_CAM574.JPG,installation_reference,3,400.9693298339844,658.9706420898438,409.0512390136719,845.0895385742188,0.5291736721992493,186.118896484375,0.4201834201812744,374.9797668457031,651.3052978515625,435.1571960449219,859.4630737304688,773,1030
C_024,07_12,I29.21-C-024_2021-07-12-11-51_CAM574.JPG,installation_reference,4,512.6683349609375,995.9039916992188,533.4243774414062,1030.0,0.6900703310966492,34.09600830078125,0.05950559303164482,469.6405029296875,980.545166015625,579.240478515625,1030.0,773,1030
C_032,07_12,Il101.21-C-032_2021-07-12-09-22_CAM810.JPG,installation_reference,0,364.8832092285156,564.467041015625,381.20416259765625,719.8030395507812,0.4931489825248718,155.33599853515625,0.8251621723175049,328.7874450683594,563.4569091796875,409.77545166015625,731.3369750976562,773,1030
C_032,07_12,Il101.21-C-032_2021-07-12-09-22_CAM810.JPG,installation_reference,1,212.03173828125,582.0428466796875,221.29672241210938,731.2732543945312,0.2862829566001892,149.23040771484375,0.6052303314208984,152.13919067382812,576.2045288085938,282.2389221191406,743.6310424804688,773,1030
C_032,07_12,Il101.21-C-032_2021-07-12-09-22_CAM810.JPG,installation_reference,2,438.5859680175781,566.9511108398438,450.6409912109375,701.3862915039062,0.5829766988754272,134.4351806640625,0.5647884011268616,418.1721496582031,563.4472045898438,482.3204650878906,709.8048095703125,773,1030
C_032,07_12,Il101.21-C-032_2021-07-12-09-22_CAM810.JPG,installation_reference,3,551.5767211914062,839.154541015625,566.330810546875,993.9630126953125,0.7326400876045227,154.8084716796875,0.14369143545627594,501.029296875,818.0017700195312,615.143798828125,1017.8346557617188,773,1030
C_032,07_12,Il101.21-C-032_2021-07-12-09-22_CAM810.JPG,installation_reference,4,220.2107391357422,593.6608276367188,223.150390625,735.4318237304688,0.2886809706687927,141.77099609375,0.10411815345287323,189.94400024414062,591.0253295898438,246.2781982421875,741.69287109375,773,1030
C_032,07_12,Il101.21-C-032_2021-07-12-09-22_CAM810.JPG,installation_reference,5,393.94342041015625,906.5160522460938,386.94464111328125,1012.189208984375,0.5005752444267273,105.67315673828125,0.0546065978705883,312.7069091796875,860.7794189453125,479.34051513671875,1030.0,773,1030
C_032,07_12,Il101.21-C-032_2021-07-12-09-22_CAM810.JPG,installation_reference,6,321.23828125,873.8089599609375,325.8189697265625,1018.2047729492188,0.4214993119239807,144.39581298828125,0.05446062237024307,257.6132507324219,852.64111328125,391.9140625,1029.6583251953125,773,1030
C_037,07_12,L127.21-C-037_2021-07-12-11-28_CAM294.JPG,installation_reference,0,553.9041748046875,631.9362182617188,569.3018798828125,813.6981811523438,0.7364836931228638,181.761962890625,0.8808479309082031,516.7478637695312,635.3660888671875,598.886962890625,824.1473388671875,773,1030
C_037,07_12,L127.21-C-037_2021-07-12-11-28_CAM294.JPG,installation_reference,1,478.9537353515625,619.6875,494.7588806152344,811.0938720703125,0.6400502920150757,191.4063720703125,0.8091440200805664,440.2434387207031,617.471923828125,518.3684692382812,818.4752197265625,773,1030
C_037,07_12,L127.21-C-037_2021-07-12-11-28_CAM294.JPG,installation_reference,2,235.414306640625,657.8333740234375,253.58544921875,784.6688842773438,0.32805362343788147,126.83551025390625,0.29030635952949524,201.46511840820312,654.5980834960938,275.5295104980469,797.2330322265625,773,1030
C_037,07_12,L127.21-C-037_2021-07-12-11-28_CAM294.JPG,installation_reference,3,384.0667419433594,659.8297119140625,398.399169921875,790.7974243164062,0.5153934955596924,130.96771240234375,0.20355667173862457,338.7930603027344,653.86279296875,427.4942626953125,802.9620361328125,773,1030
C_037,07_12,L127.21-C-037_2021-07-12-11-28_CAM294.JPG,installation_reference,4,629.1273803710938,779.74365234375,639.1282348632812,813.9663696289062,0.8268153071403503,34.22271728515625,0.07645272463560104,600.2960815429688,780.000732421875,678.2876586914062,826.3798217773438,773,1030
C_039,07_12,LH54.21-C-039_2021-07-12-10-57_CAM827.JPG,installation_reference,0,497.3887023925781,799.9307250976562,494.0252380371094,998.4295043945312,0.6391012072563171,198.498779296875,0.7772611975669861,469.9251708984375,796.0119018554688,523.9664916992188,1011.1283569335938,773,1030
C_039,07_12,LH54.21-C-039_2021-07-12-10-57_CAM827.JPG,installation_reference,1,354.4989318847656,822.0564575195312,359.68988037109375,993.273193359375,0.4653168022632599,171.21673583984375,0.7724917531013489,318.64703369140625,818.5741577148438,391.79205322265625,1007.4310913085938,773,1030
C_039,07_12,LH54.21-C-039_2021-07-12-10-57_CAM827.JPG,installation_reference,2,245.37841796875,815.251708984375,255.30908203125,989.098876953125,0.33028340339660645,173.84716796875,0.7695499062538147,211.9185028076172,811.8856201171875,286.6747131347656,998.7930297851562,773,1030
C_039,07_12,LH54.21-C-039_2021-07-12-10-57_CAM827.JPG,installation_reference,3,167.6627655029297,804.3978881835938,178.6820831298828,986.4085083007812,0.23115405440330505,182.0106201171875,0.7300595045089722,139.63385009765625,793.0595092773438,202.1856231689453,995.7376708984375,773,1030
C_039,07_12,LH54.21-C-039_2021-07-12-10-57_CAM827.JPG,installation_reference,4,432.34576416015625,778.5740356445312,437.8353576660156,1003.7752075195312,0.5664105415344238,225.201171875,0.6174262762069702,408.5307922363281,759.4003295898438,461.3812255859375,1013.4765625,773,1030
C_039,07_12,LH54.21-C-039_2021-07-12-10-57_CAM827.JPG,installation_reference,5,598.6746826171875,791.2191772460938,609.25927734375,1010.3466186523438,0.7881749868392944,219.12744140625,0.3975752890110016,540.7817993164062,777.5884399414062,677.9292602539062,1018.2794799804688,773,1030
C_039,07_12,LH54.21-C-039_2021-07-12-10-57_CAM827.JPG,installation_reference,6,571.7478637695312,794.8989868164062,582.2379150390625,1001.7135620117188,0.7532185316085815,206.8145751953125,0.12064175307750702,536.703857421875,786.4727172851562,609.5797729492188,1014.4119262695312,773,1030
C_004,07_12,LH85.21-C-004_2021-07-12-10-21_CAM789.JPG,installation_reference,0,190.40762329101562,568.7694702148438,202.82545471191406,779.7528686523438,0.26238739490509033,210.9833984375,0.8153291940689087,138.162841796875,565.87353515625,233.8896484375,795.335693359375,773,1030
C_004,07_12,LH85.21-C-004_2021-07-12-10-21_CAM789.JPG,installation_reference,1,567.3682250976562,625.261474609375,581.7330932617188,791.8867797851562,0.7525654435157776,166.62530517578125,0.8059727549552917,512.9232788085938,623.5751953125,628.1259155273438,804.3966064453125,773,1030
C_004,07_12,LH85.21-C-004_2021-07-12-10-21_CAM789.JPG,installation_reference,2,330.3731384277344,571.8359375,346.2735595703125,776.9526977539062,0.44796061515808105,205.11676025390625,0.7767120599746704,297.4300537109375,564.6337890625,376.6796875,798.8644409179688,773,1030
C_004,07_12,LH85.21-C-004_2021-07-12-10-21_CAM789.JPG,installation_reference,3,419.6066589355469,587.9791259765625,432.3976135253906,784.7476196289062,0.5593759417533875,196.76849365234375,0.7541829347610474,377.8068542480469,581.716552734375,480.68017578125,799.4595336914062,773,1030
C_004,07_12,LH85.21-C-004_2021-07-12-10-21_CAM789.JPG,installation_reference,4,260.78271484375,574.4824829101562,269.86370849609375,780.8536376953125,0.3491121828556061,206.37115478515625,0.705548107624054,233.36105346679688,571.8546752929688,294.4992980957031,800.5523071289062,773,1030
C_004,07_12,LH85.21-C-004_2021-07-12-10-21_CAM789.JPG,installation_reference,5,486.1612243652344,726.8040771484375,497.0936279296875,798.630859375,0.6430706977844238,71.8267822265625,0.1931181102991104,459.7386779785156,719.6504516601562,512.0923461914062,799.5260009765625,773,1030
