plant_uid,scenario,single_frame_rmse_cm,post_hoc_rmse_cm,prior_in_detection_rmse_cm,post_hoc_coverage_95,prior_in_detection_coverage_95,prior_in_detection_truth_closest_rate
depth_uncertainty_000,depth_uncertainty,3.0618625622068127,2.946777150580435,2.9664423507282325,1.0,1.0,1.0
depth_uncertainty_001,depth_uncertainty,3.6662892381019367,3.671254945496379,3.6773958282459307,1.0,1.0,1.0
depth_uncertainty_002,depth_uncertainty,14.296862160485206,16.37620741138331,14.870090775758127,0.9166666666666666,0.75,0.9166666666666666
depth_uncertainty_003,depth_uncertainty,14.189021499638041,16.08298011720254,3.4322423141700917,0.8333333333333334,1.0,1.0
depth_uncertainty_004,depth_uncertainty,25.376691515406705,23.37470849572801,3.2290919708519956,0.75,1.0,1.0
depth_uncertainty_005,depth_uncertainty,9.879870567943252,10.899458537418194,3.4319218162887717,0.9166666666666666,1.0,1.0
depth_uncertainty_006,depth_uncertainty,2.930660480885641,2.7961341240369637,2.839786208321125,1.0,1.0,1.0
depth_uncertainty_007,depth_uncertainty,17.596827859073056,17.891650135945614,17.785763854094807,0.9166666666666666,0.9166666666666666,0.9166666666666666
depth_uncertainty_008,depth_uncertainty,8.053985697027708,8.464945775870218,8.554962598057573,0.9166666666666666,0.9166666666666666,0.9166666666666666
depth_uncertainty_009,depth_uncertainty,19.110172548095257,11.065638742532077,9.628026842424859,0.9166666666666666,0.9166666666666666,0.9166666666666666
depth_uncertainty_010,depth_uncertainty,2.958033370574355,3.7468615368694085,20.96626488270237,1.0,0.8333333333333334,0.8333333333333334
depth_uncertainty_011,depth_uncertainty,2.4277158730461617,3.218031399051429,10.839846983794201,1.0,0.9166666666666666,0.9166666666666666
depth_uncertainty_012,depth_uncertainty,8.770484938542719,8.501527715690436,2.628112522519286,0.9166666666666666,1.0,1.0
depth_uncertainty_013,depth_uncertainty,2.1086256064745434,1.9943038757898441,2.0215182923865527,1.0,1.0,1.0
depth_uncertainty_014,depth_uncertainty,2.2587866408324295,2.383383750786628,2.2938057520609125,1.0,1.0,1.0
depth_uncertainty_015,depth_uncertainty,22.4316082214555,14.076053261856684,2.0633174262796103,1.0,1.0,1.0
depth_uncertainty_016,depth_uncertainty,11.052015269146164,13.374767567904692,14.510553059869398,0.9166666666666666,0.9166666666666666,0.9166666666666666
depth_uncertainty_017,depth_uncertainty,13.93406174055976,20.374984032011035,16.83626433418273,0.9166666666666666,0.9166666666666666,0.9166666666666666
depth_uncertainty_018,depth_uncertainty,16.17180590189807,7.46888854510873,1.3033683738911839,1.0,1.0,1.0
depth_uncertainty_019,depth_uncertainty,13.833133909185403,10.173248490168797,13.34189968560568,1.0,0.8333333333333334,0.8333333333333334
depth_uncertainty_020,depth_uncertainty,28.228317286675935,14.433369444003388,4.147093673447026,0.9166666666666666,0.9166666666666666,1.0
depth_uncertainty_021,depth_uncertainty,22.18618360667385,16.863533854847788,2.9881681238048623,0.9166666666666666,1.0,1.0
depth_uncertainty_022,depth_uncertainty,13.194025609589287,9.818106134028772,2.316009913300958,0.9166666666666666,1.0,1.0
depth_uncertainty_023,depth_uncertainty,2.941684884720849,2.517649291052007,2.4905915428770147,1.0,1.0,1.0
depth_uncertainty_024,depth_uncertainty,8.99590789665381,9.620645611887285,9.597044289174463,0.9166666666666666,0.9166666666666666,0.9166666666666666
depth_uncertainty_025,depth_uncertainty,3.7848143280535185,3.434248015634725,3.4153303069528262,1.0,1.0,1.0
depth_uncertainty_026,depth_uncertainty,3.717651298123943,3.8497790643372807,3.900783190844653,1.0,1.0,1.0
depth_uncertainty_027,depth_uncertainty,21.990484101022524,10.903053738497617,2.33903859947998,1.0,1.0,1.0
depth_uncertainty_028,depth_uncertainty,22.445834375986223,20.253979468056215,3.389000439010342,0.8333333333333334,1.0,1.0
depth_uncertainty_029,depth_uncertainty,2.5784272699396658,2.7569377699793023,2.81169907805848,1.0,1.0,1.0
depth_uncertainty_030,depth_uncertainty,7.842531972627304,5.596640787163937,2.9234852661175545,1.0,1.0,1.0
depth_uncertainty_031,depth_uncertainty,15.838422665686938,10.658330964536203,3.3304062833249106,1.0,1.0,1.0
depth_uncertainty_032,depth_uncertainty,21.676369399033764,6.618610924536743,2.9522818143894622,1.0,1.0,1.0
depth_uncertainty_033,depth_uncertainty,25.675699001142522,12.939067378334567,2.6063928855550342,1.0,1.0,1.0
depth_uncertainty_034,depth_uncertainty,16.095771205559643,14.94171946674612,4.412638095569346,0.8333333333333334,0.9166666666666666,1.0
depth_uncertainty_035,depth_uncertainty,12.000293763431847,11.315012204618895,3.2337135700565236,0.9166666666666666,1.0,1.0
depth_uncertainty_036,depth_uncertainty,16.48487451978218,20.546783664521495,2.60403689958044,0.8333333333333334,1.0,1.0
depth_uncertainty_037,depth_uncertainty,16.266906399702787,8.149798860680303,2.8271162273291206,1.0,0.9166666666666666,1.0
depth_uncertainty_038,depth_uncertainty,1.7999898272728012,2.0333901989137435,2.0586997774009355,1.0,1.0,1.0
depth_uncertainty_039,depth_uncertainty,13.83974077884891,10.542037654314903,3.800265506502252,1.0,1.0,1.0
depth_uncertainty_040,depth_uncertainty,2.4883423873607193,2.3833055400368823,2.467589502257436,1.0,1.0,1.0
depth_uncertainty_041,depth_uncertainty,12.728840433699274,11.81621097899113,4.101265841481574,0.9166666666666666,0.9166666666666666,1.0
depth_uncertainty_042,depth_uncertainty,15.700373439462739,14.53967259999884,2.6803000785727153,0.9166666666666666,0.9166666666666666,1.0
depth_uncertainty_043,depth_uncertainty,13.30371877397455,4.834383778582225,2.1318239500264533,1.0,1.0,1.0
depth_uncertainty_044,depth_uncertainty,8.226378806333285,8.712789603408876,8.932344266098193,0.9166666666666666,0.9166666666666666,0.9166666666666666
depth_uncertainty_045,depth_uncertainty,2.879590202426234,2.533689732383019,2.4858376664148114,1.0,1.0,1.0
depth_uncertainty_046,depth_uncertainty,2.977243916163873,2.705888090481998,2.628278797826931,1.0,1.0,1.0
depth_uncertainty_047,depth_uncertainty,12.153713285640785,11.551565585318956,2.6306706569398153,0.9166666666666666,1.0,1.0
depth_uncertainty_048,depth_uncertainty,3.375614388910121,3.3730848296215483,3.436717715264636,1.0,1.0,1.0
depth_uncertainty_049,depth_uncertainty,2.6533694596008925,2.456641654548439,2.4715904636717014,1.0,1.0,1.0
depth_uncertainty_050,depth_uncertainty,9.53311198819528,6.455234403664064,3.4786245118578996,1.0,1.0,1.0
depth_uncertainty_051,depth_uncertainty,2.3835584475915153,2.51028013851689,25.363206677972503,1.0,0.75,0.8333333333333334
depth_uncertainty_052,depth_uncertainty,4.139149942706816,3.767402599722027,8.255797662984504,1.0,0.9166666666666666,0.9166666666666666
depth_uncertainty_053,depth_uncertainty,13.079164460763415,11.9278118151758,2.4994759351874114,0.9166666666666666,1.0,1.0
depth_uncertainty_054,depth_uncertainty,14.947709541523396,13.03551192941926,2.044289664672557,1.0,1.0,1.0
depth_uncertainty_055,depth_uncertainty,24.717122206632585,14.469216107341172,2.8821617101614594,0.9166666666666666,1.0,1.0
depth_uncertainty_056,depth_uncertainty,17.19315633753228,16.65175421485543,12.53378627764331,0.9166666666666666,0.9166666666666666,0.9166666666666666
depth_uncertainty_057,depth_uncertainty,8.127816617351069,7.979086398424138,7.951332053370568,0.8333333333333334,0.8333333333333334,0.9166666666666666
depth_uncertainty_058,depth_uncertainty,17.256867304548646,7.033806624480813,9.424529507321376,1.0,0.9166666666666666,0.9166666666666666
depth_uncertainty_059,depth_uncertainty,2.696762776374037,2.4532059183230186,2.4518509505194754,1.0,1.0,1.0
gradual_linear_000,gradual_linear,15.893666749742886,9.739975322745769,3.09441522359178,1.0,1.0,1.0
gradual_linear_001,gradual_linear,12.133675853690477,10.54833428793486,2.0450541748212014,1.0,1.0,1.0
gradual_linear_002,gradual_linear,15.1322382072186,9.72182373003959,1.9945880063247439,1.0,1.0,1.0
gradual_linear_003,gradual_linear,16.00188294094169,17.53212272265432,17.222810514591302,0.9166666666666666,0.9166666666666666,0.9166666666666666
gradual_linear_004,gradual_linear,16.699779186132815,13.613161765394283,2.8189113486447424,1.0,1.0,1.0
gradual_linear_005,gradual_linear,20.327284505823346,13.531999064236516,2.403244126458867,1.0,1.0,1.0
gradual_linear_006,gradual_linear,21.27610463246639,16.79541147619147,14.584069771690379,0.9166666666666666,0.8333333333333334,0.8333333333333334
gradual_linear_007,gradual_linear,21.470220682065204,12.749147369044117,3.0408990379616228,1.0,1.0,1.0
gradual_linear_008,gradual_linear,22.434988734358523,13.851885956940391,6.968547399332774,0.8333333333333334,0.9166666666666666,1.0
gradual_linear_009,gradual_linear,2.417761957701652,2.3895082899499274,2.409306356235567,1.0,1.0,1.0
gradual_linear_010,gradual_linear,13.189848734269015,9.840016325160633,3.0228482280145923,1.0,1.0,1.0
gradual_linear_011,gradual_linear,3.422521344940783,3.44146798541437,3.4581242989393197,1.0,1.0,1.0
gradual_linear_012,gradual_linear,2.668387860696558,2.5008171698286907,2.4783391573919324,1.0,1.0,1.0
gradual_linear_013,gradual_linear,16.190270523188822,10.598878476950562,3.9833949577656096,0.8333333333333334,0.8333333333333334,1.0
gradual_linear_014,gradual_linear,2.563708340084111,2.440618636120559,2.4595929617922883,1.0,1.0,1.0
gradual_linear_015,gradual_linear,13.371248344836605,10.298876490397486,3.34628480142609,0.9166666666666666,0.9166666666666666,1.0
gradual_linear_016,gradual_linear,20.59752238943897,21.418518063604214,17.55732444883561,0.8333333333333334,0.8333333333333334,0.9166666666666666
gradual_linear_017,gradual_linear,17.87269947975427,20.385593569409156,2.4707766753448985,0.9166666666666666,1.0,1.0
gradual_linear_018,gradual_linear,2.6855619773607016,2.620236965499928,2.6666724878554793,1.0,1.0,1.0
gradual_linear_019,gradual_linear,2.6009667612166276,2.353749636807101,2.421463013534876,1.0,1.0,1.0
gradual_linear_020,gradual_linear,2.907418877445113,2.670715005339194,2.632552103536797,1.0,1.0,1.0
gradual_linear_021,gradual_linear,9.79076252217357,8.074555861056526,2.164536913870011,1.0,1.0,1.0
gradual_linear_022,gradual_linear,3.425169202309235,3.237667654316234,3.2149397268076307,1.0,1.0,1.0
gradual_linear_023,gradual_linear,11.689495084055492,8.768030790852613,3.282231750369744,1.0,1.0,1.0
gradual_linear_024,gradual_linear,2.766240224396045,2.5845087544143603,2.5879744247266556,1.0,1.0,1.0
gradual_linear_025,gradual_linear,4.32997120062183,4.055002050185329,4.0477795567755726,1.0,1.0,1.0
gradual_linear_026,gradual_linear,20.45954382330129,15.248851522995471,3.0965716899737163,1.0,1.0,1.0
gradual_linear_027,gradual_linear,18.3890403295463,13.34311798438112,4.5404127343553595,0.8333333333333334,0.8333333333333334,1.0
gradual_linear_028,gradual_linear,14.115435495930074,11.837412782522344,3.0658030200167032,1.0,1.0,1.0
gradual_linear_029,gradual_linear,2.27225659651422,2.1509787830582434,2.089185265963318,1.0,1.0,1.0
gradual_linear_030,gradual_linear,15.954798240810332,11.046715067781209,2.426183915210887,1.0,1.0,1.0
gradual_linear_031,gradual_linear,24.77269796045668,18.077715363889936,1.9147081834339936,1.0,1.0,1.0
gradual_linear_032,gradual_linear,2.487133437311341,2.366252636228572,2.3280395261173683,1.0,1.0,1.0
gradual_linear_033,gradual_linear,2.5456425553592537,2.4311573146081353,2.4460684486711584,1.0,1.0,1.0
gradual_linear_034,gradual_linear,23.45214920588382,13.538185232503087,4.037757750074819,1.0,1.0,1.0
gradual_linear_035,gradual_linear,2.4206450696205635,2.237080092245584,2.2521343141016414,1.0,1.0,1.0
gradual_linear_036,gradual_linear,3.3704064768673603,3.3070799773159045,3.2954845779790096,1.0,1.0,1.0
gradual_linear_037,gradual_linear,3.784578822472976,3.638376173287608,3.6928257064754737,0.9166666666666666,0.9166666666666666,1.0
gradual_linear_038,gradual_linear,9.818035614696036,9.13223318539365,3.0852994168026107,1.0,1.0,1.0
gradual_linear_039,gradual_linear,22.631610288519028,14.670238734873644,1.735469171373552,1.0,1.0,1.0
gradual_linear_040,gradual_linear,16.95706906962136,13.032848581955431,3.6584873734530925,1.0,1.0,1.0
gradual_linear_041,gradual_linear,28.06805962946464,14.206660124405127,3.464738036438605,1.0,1.0,1.0
gradual_linear_042,gradual_linear,17.86860777706194,14.013504698306884,2.470313000761358,1.0,1.0,1.0
gradual_linear_043,gradual_linear,4.277763605748117,3.9474374890438044,3.9317747956902718,0.9166666666666666,0.9166666666666666,1.0
gradual_linear_044,gradual_linear,10.951580267154698,9.870650524557012,3.320158491676469,1.0,1.0,1.0
gradual_linear_045,gradual_linear,2.6437636157603452,2.5536335207150542,2.499809890687407,0.9166666666666666,1.0,1.0
gradual_linear_046,gradual_linear,3.1384243553088242,2.93524930403898,2.8777392370654633,1.0,1.0,1.0
gradual_linear_047,gradual_linear,3.9104378227774372,3.635866956264287,3.7032669556139464,0.9166666666666666,0.9166666666666666,1.0
gradual_linear_048,gradual_linear,9.502601707615987,8.343855999105356,1.5361478159241202,1.0,1.0,1.0
gradual_linear_049,gradual_linear,2.4842534379738543,2.3521443912140616,2.3703149550526894,1.0,1.0,1.0
gradual_linear_050,gradual_linear,8.632413351133373,7.763152355381182,3.339378522987994,0.9166666666666666,1.0,1.0
gradual_linear_051,gradual_linear,16.979584604275708,12.829665855006878,2.420984709969444,1.0,1.0,1.0
gradual_linear_052,gradual_linear,4.179663724133398,3.9679933095291107,3.8930187826188862,1.0,1.0,1.0
gradual_linear_053,gradual_linear,3.6383278294385537,3.4041458084173746,3.3616359297908898,1.0,1.0,1.0
gradual_linear_054,gradual_linear,3.0630437150124576,3.0022493088904763,3.0361443078752237,1.0,1.0,1.0
gradual_linear_055,gradual_linear,2.1449298759010733,2.06287838002711,1.9817043185549967,1.0,1.0,1.0
gradual_linear_056,gradual_linear,8.50870618843581,7.992460812667552,2.4751208943925787,1.0,1.0,1.0
gradual_linear_057,gradual_linear,16.971800247736695,10.851418051872411,3.4355701448267375,1.0,1.0,1.0
gradual_linear_058,gradual_linear,3.652872204748347,3.3506675044907386,3.311162776845779,1.0,1.0,1.0
gradual_linear_059,gradual_linear,3.540935744125421,3.47421263891126,3.4331425032039444,1.0,1.0,1.0
heavy_outliers_000,heavy_outliers,2.0831966758175553,2.4037734327068234,2.3510128153507175,1.0,1.0,1.0
heavy_outliers_001,heavy_outliers,10.570643623602242,10.42860717735297,2.7711334305688786,0.8333333333333334,0.9166666666666666,1.0
heavy_outliers_002,heavy_outliers,3.1019845828549326,2.7596904013204426,2.857821248508998,1.0,1.0,1.0
heavy_outliers_003,heavy_outliers,7.852566117166073,8.382311457725741,8.502515302237692,0.9166666666666666,0.9166666666666666,0.9166666666666666
heavy_outliers_004,heavy_outliers,17.263772208042514,11.54836682705121,2.6255594932204334,1.0,1.0,1.0
heavy_outliers_005,heavy_outliers,20.315750937431385,16.046963402296278,3.327755367092036,0.9166666666666666,0.9166666666666666,1.0
heavy_outliers_006,heavy_outliers,12.283643500918506,12.091892231990682,3.198719457585295,0.9166666666666666,1.0,1.0
heavy_outliers_007,heavy_outliers,20.68276097845921,15.217908790083655,2.787690961657866,1.0,1.0,1.0
heavy_outliers_008,heavy_outliers,3.0851494065439273,2.658255285364131,2.632876090871831,1.0,1.0,1.0
heavy_outliers_009,heavy_outliers,9.27532917811442,10.347466879074517,19.570601221692478,0.9166666666666666,0.75,0.75
heavy_outliers_010,heavy_outliers,3.566052961137921,3.9568343793265366,3.9534200524197747,0.9166666666666666,0.9166666666666666,1.0
heavy_outliers_011,heavy_outliers,3.204795199906344,2.793350799691337,2.8011789451264124,1.0,1.0,1.0
heavy_outliers_012,heavy_outliers,8.082834103907981,7.627348952270156,2.8673436629691285,0.9166666666666666,1.0,1.0
heavy_outliers_013,heavy_outliers,1.8372478536496217,1.363428622152845,1.4337819496918731,1.0,1.0,1.0
heavy_outliers_014,heavy_outliers,15.630484579561374,13.764987476651223,2.649217172675291,1.0,1.0,1.0
heavy_outliers_015,heavy_outliers,3.579387046488302,3.2611057100091294,3.2018971225530763,1.0,1.0,1.0
heavy_outliers_016,heavy_outliers,11.202082557581798,4.688878876638684,3.3697664886060212,1.0,0.9166666666666666,1.0
heavy_outliers_017,heavy_outliers,4.125625375392202,3.838017265046534,3.7505482032558555,0.9166666666666666,0.9166666666666666,1.0
heavy_outliers_018,heavy_outliers,3.411236286744088,3.5927484562253187,3.6068695568933054,0.9166666666666666,0.9166666666666666,1.0
heavy_outliers_019,heavy_outliers,14.616016306636675,14.61755779953708,14.564693207887817,0.9166666666666666,0.9166666666666666,0.9166666666666666
heavy_outliers_020,heavy_outliers,12.436037081021171,10.884123134664831,2.4173902113325716,1.0,1.0,1.0
heavy_outliers_021,heavy_outliers,16.782680496326986,15.682222561234859,21.662137536766256,0.9166666666666666,0.8333333333333334,0.8333333333333334
heavy_outliers_022,heavy_outliers,25.595827009288666,20.229156649163343,21.357580437046643,0.9166666666666666,0.8333333333333334,0.9166666666666666
heavy_outliers_023,heavy_outliers,13.52387136339925,13.600262401899545,2.9693071564680005,0.9166666666666666,1.0,1.0
heavy_outliers_024,heavy_outliers,16.036843850350273,10.874778696804082,2.4670645297974247,1.0,1.0,1.0
heavy_outliers_025,heavy_outliers,3.0333569256773587,2.6585318292836644,16.92980640829375,1.0,0.9166666666666666,0.9166666666666666
heavy_outliers_026,heavy_outliers,3.0102880171405735,2.9974305617831845,2.975337819656649,1.0,1.0,1.0
heavy_outliers_027,heavy_outliers,10.728026994468387,7.9067281114800885,2.8446795424210642,1.0,1.0,1.0
heavy_outliers_028,heavy_outliers,9.486991957372656,8.49362281581198,2.7334740746035076,1.0,1.0,1.0
heavy_outliers_029,heavy_outliers,3.513144877543202,2.9792397763348775,2.90346811484028,0.9166666666666666,0.9166666666666666,1.0
heavy_outliers_030,heavy_outliers,16.438742101326344,16.292551213806377,8.929693165018445,0.8333333333333334,0.9166666666666666,0.9166666666666666
heavy_outliers_031,heavy_outliers,2.826883888232363,3.0212015551342457,2.9832332753886632,1.0,1.0,1.0
heavy_outliers_032,heavy_outliers,3.2862646948238257,2.9197319915529247,2.9455360644458937,0.9166666666666666,0.9166666666666666,1.0
heavy_outliers_033,heavy_outliers,3.519999152336951,3.6125429239596683,3.6244035288394296,1.0,0.9166666666666666,1.0
heavy_outliers_034,heavy_outliers,16.141657545223737,15.645444169345158,3.4339453429822417,0.9166666666666666,1.0,1.0
heavy_outliers_035,heavy_outliers,1.983980629093988,1.7483435975490464,1.7451009779829656,1.0,1.0,1.0
heavy_outliers_036,heavy_outliers,4.395881882342079,4.647892809506648,4.598688122570039,0.8333333333333334,0.8333333333333334,1.0
heavy_outliers_037,heavy_outliers,4.383092856708426,4.170117876577951,4.100189559484152,1.0,0.9166666666666666,1.0
heavy_outliers_038,heavy_outliers,3.032155788844138,2.5537957180536344,2.5458017017023358,1.0,1.0,1.0
heavy_outliers_039,heavy_outliers,2.5141933265108967,2.4375211035539013,2.4460126905386645,1.0,1.0,1.0
heavy_outliers_040,heavy_outliers,13.308038394715277,16.15372647622024,13.565922300868342,0.9166666666666666,0.9166666666666666,0.9166666666666666
heavy_outliers_041,heavy_outliers,2.5536862134598413,2.6830784191691017,2.5746091432065565,1.0,1.0,1.0
heavy_outliers_042,heavy_outliers,8.858852946685387,8.718495135603543,8.730312318247183,0.9166666666666666,0.9166666666666666,0.9166666666666666
heavy_outliers_043,heavy_outliers,2.6249473291154803,2.698450650059212,2.7260490218364333,1.0,1.0,1.0
heavy_outliers_044,heavy_outliers,2.4416640864568437,2.519173153395232,2.507702801449867,1.0,1.0,1.0
heavy_outliers_045,heavy_outliers,13.979932091256881,4.794071149113296,3.404838769075202,1.0,1.0,1.0
heavy_outliers_046,heavy_outliers,20.448570112674034,15.81333579042176,3.050448092400866,0.9166666666666666,1.0,1.0
heavy_outliers_047,heavy_outliers,14.827208377138499,4.0946588783476425,17.667737672109325,0.9166666666666666,0.75,0.8333333333333334
heavy_outliers_048,heavy_outliers,18.526370666371193,17.711472753354474,3.30672942452975,0.9166666666666666,1.0,1.0
heavy_outliers_049,heavy_outliers,23.528055962788823,19.62783904711281,2.5715978388040814,0.9166666666666666,1.0,1.0
heavy_outliers_050,heavy_outliers,11.878239858030438,16.61433945807713,18.15633012322946,0.9166666666666666,0.9166666666666666,0.9166666666666666
heavy_outliers_051,heavy_outliers,7.671388612867515,8.04948124869787,7.983444505664132,0.9166666666666666,0.9166666666666666,0.9166666666666666
heavy_outliers_052,heavy_outliers,13.977057659926968,10.745754979256619,8.55759918991284,0.9166666666666666,0.9166666666666666,0.9166666666666666
heavy_outliers_053,heavy_outliers,11.328167625647893,11.183581070781619,11.163350756787969,0.8333333333333334,0.8333333333333334,0.8333333333333334
heavy_outliers_054,heavy_outliers,24.47232019075042,17.951249993016596,2.2773145084249418,0.9166666666666666,1.0,1.0
heavy_outliers_055,heavy_outliers,2.499626075380184,2.9383690598759564,2.940692994311881,1.0,1.0,1.0
heavy_outliers_056,heavy_outliers,3.163527381258183,3.361882922501106,3.3798747051357187,0.9166666666666666,0.9166666666666666,1.0
heavy_outliers_057,heavy_outliers,2.4579765693989644,2.578948498359773,2.5202941487865274,1.0,1.0,1.0
heavy_outliers_058,heavy_outliers,12.325339066853598,11.01373039121803,2.705015595042043,1.0,1.0,1.0
heavy_outliers_059,heavy_outliers,3.3817034354726765,3.328659040824327,3.2728882110213715,1.0,1.0,1.0
irregular_times_000,irregular_times,3.60218711561099,3.5742679509776334,3.5909414447930947,1.0,1.0,1.0
irregular_times_001,irregular_times,12.58451484223014,11.555464834963713,2.3010563657579164,0.9166666666666666,1.0,1.0
irregular_times_002,irregular_times,16.254936689758,17.422745132413564,13.605884878400591,0.8333333333333334,0.8333333333333334,0.9166666666666666
irregular_times_003,irregular_times,2.878211276340969,2.458742633115146,2.5589223934507515,1.0,1.0,1.0
irregular_times_004,irregular_times,3.7119174637674694,3.6763257664027145,3.6024807916088806,1.0,1.0,1.0
irregular_times_005,irregular_times,9.392829915761748,10.86080517086109,10.517148880258953,0.8333333333333334,0.8333333333333334,0.9166666666666666
irregular_times_006,irregular_times,15.890197267770871,18.528388164817407,17.353404299934688,0.9166666666666666,0.9166666666666666,0.9166666666666666
irregular_times_007,irregular_times,10.860309867521593,11.059108687735367,11.053012419614788,0.9166666666666666,0.9166666666666666,0.9166666666666666
irregular_times_008,irregular_times,13.533356338439951,2.995449737105539,2.31523291237028,1.0,1.0,1.0
irregular_times_009,irregular_times,11.643783075557064,11.039068453968946,4.225165163998618,0.9166666666666666,0.9166666666666666,1.0
irregular_times_010,irregular_times,2.6195925696217293,2.584054574186685,2.8400830219513424,1.0,1.0,1.0
irregular_times_011,irregular_times,21.063694479227507,8.693595006840432,3.1639217377725175,1.0,1.0,1.0
irregular_times_012,irregular_times,2.6804555224767985,2.82681750027831,2.857224695192285,1.0,1.0,1.0
irregular_times_013,irregular_times,22.449470089810287,22.71261417523652,21.39718306214112,0.8333333333333334,0.6666666666666666,0.8333333333333334
irregular_times_014,irregular_times,8.294643905456766,6.360887070253342,8.823471174771429,1.0,0.9166666666666666,0.9166666666666666
irregular_times_015,irregular_times,2.843157827026261,2.5663489903703813,2.466237728466307,1.0,1.0,1.0
irregular_times_016,irregular_times,4.29483100013781,4.317898111245718,8.9106654392685,0.9166666666666666,0.8333333333333334,0.9166666666666666
irregular_times_017,irregular_times,2.2373067862920863,2.745151266039186,2.7378470294483797,1.0,1.0,1.0
irregular_times_018,irregular_times,2.9881540052969098,3.1590946180145605,3.1351078048584116,0.9166666666666666,1.0,1.0
irregular_times_019,irregular_times,12.657459429557486,9.875625309217243,3.814456618442093,0.9166666666666666,0.9166666666666666,1.0
irregular_times_020,irregular_times,2.2379073970196663,2.7868264737008897,12.52776306228066,1.0,0.9166666666666666,0.9166666666666666
irregular_times_021,irregular_times,16.877728977685283,15.273054336075589,2.2392290694435606,0.9166666666666666,1.0,1.0
irregular_times_022,irregular_times,3.128242062778128,3.3028820136161143,9.573292687760167,1.0,0.9166666666666666,0.9166666666666666
irregular_times_023,irregular_times,12.681897681280896,12.161517017524037,21.537532652992834,0.75,0.75,0.8333333333333334
irregular_times_024,irregular_times,23.754243783233957,19.245422689554864,2.9320161953678867,0.9166666666666666,1.0,1.0
irregular_times_025,irregular_times,17.308379520429245,10.603992151135577,3.0191195685293786,1.0,1.0,1.0
irregular_times_026,irregular_times,2.5682079260744115,2.980537257443943,2.9224928391582616,1.0,1.0,1.0
irregular_times_027,irregular_times,2.912467512240867,3.097510320736934,3.0469506887380415,1.0,1.0,1.0
irregular_times_028,irregular_times,3.4001139752032117,3.4586067593334264,3.3657397212683926,0.9166666666666666,1.0,1.0
irregular_times_029,irregular_times,2.999814544530084,3.18988900740617,21.098149845722144,1.0,0.8333333333333334,0.9166666666666666
irregular_times_030,irregular_times,3.092685256090148,2.9294833340408655,2.9148114131490854,1.0,1.0,1.0
irregular_times_031,irregular_times,9.427147642743247,10.088564770746128,2.196943026337295,0.9166666666666666,1.0,1.0
irregular_times_032,irregular_times,12.661160941966166,9.291727682173555,11.977207984042346,1.0,0.9166666666666666,0.9166666666666666
irregular_times_033,irregular_times,2.610851051066704,2.6990211097659236,2.764179456168994,1.0,1.0,1.0
irregular_times_034,irregular_times,20.535914347877704,18.36872373361475,14.866799070983337,0.9166666666666666,0.9166666666666666,0.9166666666666666
irregular_times_035,irregular_times,4.091819594912407,3.6878886121969088,3.686778584101181,1.0,1.0,1.0
irregular_times_036,irregular_times,2.4125992414253075,2.400063309320593,2.587807630897357,1.0,1.0,1.0
irregular_times_037,irregular_times,17.962018969537763,11.183438870523249,10.346231556854564,0.9166666666666666,0.9166666666666666,0.9166666666666666
irregular_times_038,irregular_times,2.1476584612476857,2.2653238856430757,2.317540632040624,1.0,1.0,1.0
irregular_times_039,irregular_times,9.35895349927407,7.667254409146391,2.446989630980612,1.0,1.0,1.0
irregular_times_040,irregular_times,20.9472622212859,21.24697322356112,16.638036930200432,0.9166666666666666,0.8333333333333334,0.9166666666666666
irregular_times_041,irregular_times,15.127059007888016,5.10982163402391,2.029997309448166,1.0,1.0,1.0
irregular_times_042,irregular_times,18.214776140240826,12.256130808510024,9.949828566912412,0.9166666666666666,0.9166666666666666,0.9166666666666666
irregular_times_043,irregular_times,16.40784477389554,10.914107410698481,10.689035753978237,0.9166666666666666,0.9166666666666666,0.9166666666666666
irregular_times_044,irregular_times,2.8933268202444222,2.7088751806278197,2.7607050252324203,1.0,1.0,1.0
irregular_times_045,irregular_times,15.919329654487731,15.690429598224835,14.84394725781416,0.8333333333333334,0.8333333333333334,0.8333333333333334
irregular_times_046,irregular_times,20.324091169452746,14.361412555653239,3.5649721661909597,1.0,1.0,1.0
irregular_times_047,irregular_times,16.34036342250846,11.152873144261882,10.768078987552093,1.0,0.8333333333333334,0.9166666666666666
irregular_times_048,irregular_times,9.166083234190499,6.10855596808186,3.2032456609667253,1.0,1.0,1.0
irregular_times_049,irregular_times,11.97583948826055,13.85856774919149,15.906985848218826,0.9166666666666666,0.9166666666666666,0.9166666666666666
irregular_times_050,irregular_times,17.72899895111129,16.485551619792222,2.9774920029690777,0.9166666666666666,1.0,1.0
irregular_times_051,irregular_times,9.926615152331745,8.211859949985147,13.572935258632112,1.0,0.9166666666666666,0.9166666666666666
irregular_times_052,irregular_times,15.912481069081034,8.42689175862382,4.666892218530856,0.9166666666666666,0.9166666666666666,1.0
irregular_times_053,irregular_times,1.9582147914949983,2.354505151929975,2.3884169536889526,1.0,1.0,1.0
irregular_times_054,irregular_times,7.889817099080255,7.914346465750562,7.905844999440335,0.9166666666666666,0.9166666666666666,0.9166666666666666
irregular_times_055,irregular_times,3.500597965904154,4.060675784885516,10.197608291387587,0.9166666666666666,0.8333333333333334,0.9166666666666666
irregular_times_056,irregular_times,2.9899939570365155,2.9996959073466734,3.1176153516082787,1.0,0.9166666666666666,1.0
irregular_times_057,irregular_times,17.48079956242496,10.46057093823468,2.3096200693502276,1.0,1.0,1.0
irregular_times_058,irregular_times,2.3635325830240896,2.3324441254311257,2.380027513333737,1.0,1.0,1.0
irregular_times_059,irregular_times,17.3462625831985,16.525312148600506,2.849924824261386,0.9166666666666666,1.0,1.0
localization_error_000,localization_error,12.983068887167132,13.874371779223456,21.678354637934174,0.9166666666666666,0.75,0.75
localization_error_001,localization_error,4.611202408355785,3.969498846522771,4.007677944316698,0.9166666666666666,0.9166666666666666,1.0
localization_error_002,localization_error,24.659203354523402,14.010706619884674,2.154459709573871,1.0,1.0,1.0
localization_error_003,localization_error,18.11337869141693,14.286156845424994,2.176771093603094,1.0,1.0,1.0
localization_error_004,localization_error,3.4026136036320853,3.586318448118365,3.6360879928048324,0.9166666666666666,0.9166666666666666,1.0
localization_error_005,localization_error,14.472829390674178,10.641887792548427,2.4182302236678317,0.9166666666666666,1.0,1.0
localization_error_006,localization_error,15.859996246967464,7.089416309461485,2.726573928140231,0.9166666666666666,0.9166666666666666,1.0
localization_error_007,localization_error,16.996802542095658,15.569475792597919,3.619831096972522,0.9166666666666666,1.0,1.0
localization_error_008,localization_error,8.45835896890698,8.506107763980769,8.521804445046522,0.9166666666666666,0.9166666666666666,0.9166666666666666
localization_error_009,localization_error,2.0967787452438382,2.027262401392731,2.0146022666885015,1.0,1.0,1.0
localization_error_010,localization_error,9.841222089139752,8.41694120662985,2.984638577248381,1.0,1.0,1.0
localization_error_011,localization_error,9.77373225896375,7.850475817472079,15.721181757667924,1.0,0.6666666666666666,0.75
localization_error_012,localization_error,18.729947019652837,18.583979705519766,20.137515320578895,0.8333333333333334,0.75,0.75
localization_error_013,localization_error,16.074875179380417,17.83765106390098,18.98157510270931,0.8333333333333334,0.8333333333333334,0.8333333333333334
localization_error_014,localization_error,17.409005030826982,14.716230286965278,3.53709950654215,0.9166666666666666,0.9166666666666666,1.0
localization_error_015,localization_error,9.112879565364283,9.072053401896666,2.897056206685667,0.9166666666666666,1.0,1.0
localization_error_016,localization_error,13.199475109540215,7.406771588468331,3.3719394888497543,1.0,1.0,1.0
localization_error_017,localization_error,14.341640123705913,12.371787902987695,2.5911460796083574,0.9166666666666666,1.0,1.0
localization_error_018,localization_error,18.61247198906022,6.400216507658164,2.76353561735739,1.0,1.0,1.0
localization_error_019,localization_error,3.7519698604968004,3.3417868632376178,3.3413247017999876,1.0,1.0,1.0
localization_error_020,localization_error,14.643435493522388,13.039065208944118,3.027290112287537,1.0,1.0,1.0
localization_error_021,localization_error,2.236673347833627,2.1243259779699293,2.1687655422434426,1.0,1.0,1.0
localization_error_022,localization_error,20.026521971650777,18.79313024569984,13.118468076349803,0.75,0.9166666666666666,0.9166666666666666
localization_error_023,localization_error,18.95768585917596,6.374118057502836,3.6984843085189336,0.9166666666666666,0.9166666666666666,1.0
localization_error_024,localization_error,16.43049170975704,3.259921825833914,2.2600936911665035,1.0,1.0,1.0
localization_error_025,localization_error,16.684359145958886,14.225675078160194,16.80361269660464,1.0,0.9166666666666666,0.9166666666666666
localization_error_026,localization_error,21.045022472354606,25.60602996636655,2.3959483706961544,0.8333333333333334,1.0,1.0
localization_error_027,localization_error,16.57175525199489,12.280025163192569,3.0847411741359414,1.0,1.0,1.0
localization_error_028,localization_error,2.4358644034900148,2.5546365088242298,2.559762139891379,1.0,1.0,1.0
localization_error_029,localization_error,14.674637066887948,13.459727561961161,3.159434918671087,0.9166666666666666,0.9166666666666666,1.0
localization_error_030,localization_error,8.380230017334027,7.9418963585469795,3.0140031580387108,0.9166666666666666,1.0,1.0
localization_error_031,localization_error,20.263180657524543,16.391642800358902,3.1692514281321453,0.9166666666666666,1.0,1.0
localization_error_032,localization_error,10.177674769432741,5.302919198090448,3.0401314813139386,1.0,1.0,1.0
localization_error_033,localization_error,2.188607064796702,3.282448773321368,3.2579484088644683,1.0,1.0,1.0
localization_error_034,localization_error,11.238181975302457,12.300195117286865,1.466576015274158,0.9166666666666666,1.0,1.0
localization_error_035,localization_error,3.026320103007384,2.639856445279351,2.6470482237884525,1.0,1.0,1.0
localization_error_036,localization_error,12.495879919267482,5.766182923674722,17.75265793384457,1.0,0.9166666666666666,0.9166666666666666
localization_error_037,localization_error,8.856538917550555,9.172935607577084,9.137612247718113,0.8333333333333334,0.75,0.9166666666666666
localization_error_038,localization_error,19.137148066191948,17.512941111214772,27.942364736306846,0.8333333333333334,0.6666666666666666,0.6666666666666666
localization_error_039,localization_error,3.1287812285871763,2.7067269460816656,2.573388049750642,1.0,1.0,1.0
localization_error_040,localization_error,26.128799690329238,24.365133231177015,3.000761540067399,0.9166666666666666,1.0,1.0
localization_error_041,localization_error,13.791768998986887,13.775267000436926,13.786678462062067,0.9166666666666666,0.9166666666666666,0.9166666666666666
localization_error_042,localization_error,10.25680814505387,10.341153978382456,2.527412458458736,0.9166666666666666,1.0,1.0
localization_error_043,localization_error,3.7119044396161165,4.0053362712277325,4.068960747517651,0.9166666666666666,0.9166666666666666,1.0
localization_error_044,localization_error,12.225386054980019,9.822191179928598,3.451753403378349,0.9166666666666666,1.0,1.0
localization_error_045,localization_error,14.621103884094788,11.98731948400498,3.097385932974548,1.0,1.0,1.0
localization_error_046,localization_error,2.468376483595633,2.450852453092209,2.3404101321110775,1.0,1.0,1.0
localization_error_047,localization_error,2.154041147859536,2.115781249159861,2.1513887523503112,1.0,1.0,1.0
localization_error_048,localization_error,14.388512987154984,11.855373390694583,8.14804373821417,0.9166666666666666,0.9166666666666666,0.9166666666666666
localization_error_049,localization_error,2.2546845763041383,2.745923858834945,2.697513421094855,1.0,1.0,1.0
localization_error_050,localization_error,15.579335655884517,2.4551649406372125,2.702528330195303,1.0,1.0,1.0
localization_error_051,localization_error,1.8442525714290852,1.900895740263303,1.862452203408341,1.0,1.0,1.0
localization_error_052,localization_error,20.620415455239872,14.465354971434852,4.130526278709146,0.9166666666666666,0.9166666666666666,1.0
localization_error_053,localization_error,16.969680399604382,2.458869210633028,2.617835929298147,1.0,1.0,1.0
localization_error_054,localization_error,15.978592464463027,14.171942747463595,2.9757050509564817,1.0,1.0,1.0
localization_error_055,localization_error,11.831255137779925,12.93881384694074,12.678184817592271,0.9166666666666666,0.9166666666666666,0.9166666666666666
localization_error_056,localization_error,3.1532439236063126,2.7872156932612278,2.7981137224760975,0.9166666666666666,1.0,1.0
localization_error_057,localization_error,3.2500973258711454,3.099976406304587,3.117816527348265,1.0,1.0,1.0
localization_error_058,localization_error,23.596064328115926,27.472883892585575,24.504312556412163,0.6666666666666666,0.5833333333333334,0.75
localization_error_059,localization_error,20.40571919571928,19.082066338993535,9.459489823482162,0.75,0.8333333333333334,0.9166666666666666
missing_images_000,missing_images,2.5596886578762974,2.4108130877698293,11.065958931522136,1.0,0.8888888888888888,0.8888888888888888
missing_images_001,missing_images,3.4519307486171282,2.958237707452844,3.101435191489999,1.0,1.0,1.0
missing_images_002,missing_images,2.8511822728255822,3.4721659399408495,3.723661928623373,1.0,1.0,1.0
missing_images_003,missing_images,2.9553252151616554,2.8846167423678084,2.84058902183252,1.0,1.0,1.0
missing_images_004,missing_images,1.863965814705835,2.3296257938732974,16.194652820297783,1.0,0.8888888888888888,0.8888888888888888
missing_images_005,missing_images,22.85665558833476,16.08584527076643,17.34605911229132,1.0,0.8888888888888888,0.8888888888888888
missing_images_006,missing_images,13.073809566806123,13.304767249943005,1.3847186599197532,0.8888888888888888,1.0,1.0
missing_images_007,missing_images,3.3514977630557317,2.937921465862049,2.859642897117097,0.8888888888888888,0.8888888888888888,1.0
missing_images_008,missing_images,2.943326387036176,3.533600443018658,3.0333046785412985,1.0,1.0,1.0
missing_images_009,missing_images,21.93270134773866,22.15397764358756,22.083804813600207,0.7777777777777778,0.7777777777777778,0.7777777777777778
missing_images_010,missing_images,23.200923481459782,18.063487788913672,13.571369859632465,0.8888888888888888,0.8888888888888888,0.8888888888888888
missing_images_011,missing_images,3.6585949514776543,3.8999095348209996,17.41997201635535,1.0,0.7777777777777778,0.8888888888888888
missing_images_012,missing_images,3.1701243067910996,2.4705787803048693,2.4357673759674983,1.0,1.0,1.0
missing_images_013,missing_images,2.129976087688526,2.806937570905563,2.6813314401062636,1.0,1.0,1.0
missing_images_014,missing_images,2.978243245959791,2.910410217455002,2.909571275889916,1.0,1.0,1.0
missing_images_015,missing_images,13.259347812859618,13.658427714733646,3.029618403242218,0.7777777777777778,0.8888888888888888,1.0
missing_images_016,missing_images,3.4968926628674453,3.786678050752966,10.108229677535196,1.0,0.8888888888888888,0.8888888888888888
missing_images_017,missing_images,3.3272231127028458,2.6789341894049947,2.745723858195945,1.0,1.0,1.0
missing_images_018,missing_images,3.0816683915643273,3.618841209451576,3.706204413666225,1.0,1.0,1.0
missing_images_019,missing_images,3.65580715008092,3.4826238305975936,3.482151034814673,0.8888888888888888,1.0,1.0
missing_images_020,missing_images,17.848564966473585,17.889086682015346,3.5989338801356845,0.8888888888888888,1.0,1.0
missing_images_021,missing_images,2.6133133668531796,2.6531124275908162,2.494068557972186,1.0,1.0,1.0
missing_images_022,missing_images,27.42944931894476,25.80623914490089,23.494822250000773,0.7777777777777778,0.7777777777777778,0.7777777777777778
missing_images_023,missing_images,19.60123002117674,10.103155783548363,3.8045248010816204,0.8888888888888888,0.8888888888888888,1.0
missing_images_024,missing_images,18.17258780149451,19.067000689176073,19.054703731862567,0.7777777777777778,0.7777777777777778,0.7777777777777778
missing_images_025,missing_images,15.647835117565148,14.090305807488276,3.301788979828709,1.0,1.0,1.0
missing_images_026,missing_images,3.0115141745889287,2.80533603624707,2.6541185776577243,1.0,1.0,1.0
missing_images_027,missing_images,14.178082484612057,10.668204048458362,3.1102066080942063,1.0,1.0,1.0
missing_images_028,missing_images,2.480807397302337,2.730312967089858,30.262595186876,1.0,0.6666666666666666,0.6666666666666666
missing_images_029,missing_images,8.76640468410194,7.714956575483909,2.210541905823807,1.0,1.0,1.0
missing_images_030,missing_images,3.255171677172198,3.6771396463605113,33.82621670734739,1.0,0.5555555555555556,0.6666666666666666
missing_images_031,missing_images,15.478336990897482,11.596916419059674,3.1837401887958316,1.0,1.0,1.0
missing_images_032,missing_images,29.269834548350754,26.676370786661426,22.45125510964755,0.7777777777777778,0.7777777777777778,0.7777777777777778
missing_images_033,missing_images,2.069416347173577,2.511715021652534,2.6614614249336794,1.0,1.0,1.0
missing_images_034,missing_images,2.8756175746110944,2.5131133824944047,2.550071730903342,1.0,1.0,1.0
missing_images_035,missing_images,2.5452438340492254,2.666836730806784,2.5926010491198648,1.0,1.0,1.0
missing_images_036,missing_images,2.455701069848637,1.8137605352215322,1.701631729176212,1.0,1.0,1.0
missing_images_037,missing_images,2.3443363527265064,3.05346182688925,3.294662166805538,1.0,1.0,1.0
missing_images_038,missing_images,2.0653076299307753,1.328375512005858,17.22549879969986,1.0,0.8888888888888888,0.8888888888888888
missing_images_039,missing_images,3.4973564692128734,3.202762894636881,3.2910822079275763,1.0,1.0,1.0
missing_images_040,missing_images,20.39340068110261,14.46811023692858,2.0256337132094657,1.0,1.0,1.0
missing_images_041,missing_images,24.578001666276407,24.816679539441,2.345071679505805,0.7777777777777778,1.0,1.0
missing_images_042,missing_images,21.01390323102249,25.917141630627132,37.26211958401635,0.7777777777777778,0.4444444444444444,0.6666666666666666
missing_images_043,missing_images,9.916097938376987,9.691043124993556,3.36517474966446,0.8888888888888888,1.0,1.0
missing_images_044,missing_images,24.331490096278763,23.608943499469646,2.682976126027238,0.7777777777777778,1.0,1.0
missing_images_045,missing_images,10.715072847518835,8.209099348913472,24.938952712396443,1.0,0.7777777777777778,0.8888888888888888
missing_images_046,missing_images,22.846283232133544,13.747919994385494,9.43518335350093,0.8888888888888888,0.8888888888888888,1.0
missing_images_047,missing_images,2.529900859170494,3.053508098620995,10.12483783198237,1.0,0.8888888888888888,0.8888888888888888
missing_images_048,missing_images,16.07688455534014,24.21401401544959,25.196455348933437,0.7777777777777778,0.6666666666666666,0.7777777777777778
missing_images_049,missing_images,22.561047040151823,17.100323624387613,3.0135571622666215,1.0,1.0,1.0
missing_images_050,missing_images,18.61451145967719,8.851239998503683,4.109197771932031,0.8888888888888888,0.8888888888888888,1.0
missing_images_051,missing_images,25.982269559323424,26.146337838910643,27.740338895670074,0.7777777777777778,0.7777777777777778,0.7777777777777778
missing_images_052,missing_images,10.152891772566003,8.368793729376412,3.6002629795192953,1.0,1.0,1.0
missing_images_053,missing_images,2.1614150493788737,2.3219355490747398,2.1758194447562462,1.0,1.0,1.0
missing_images_054,missing_images,9.923873385680087,7.757450361372322,2.222710140171786,1.0,1.0,1.0
missing_images_055,missing_images,2.7536593158640406,3.3835945116974013,3.2699157542375548,1.0,1.0,1.0
missing_images_056,missing_images,2.220474779571099,1.8840704512799578,1.929878308573901,1.0,1.0,1.0
missing_images_057,missing_images,19.39514478328022,11.064513797709045,4.262244518444542,1.0,1.0,1.0
missing_images_058,missing_images,3.9090490990813573,3.0729954083252466,2.97563690967709,1.0,1.0,1.0
missing_images_059,missing_images,2.16164766680264,1.791067661678872,12.128589986818076,1.0,0.8888888888888888,0.8888888888888888
plateau_early_000,plateau_early,2.135011563428555,4.336949639428506,4.642587992307119,1.0,1.0,1.0
plateau_early_001,plateau_early,13.895873065513072,13.816034907119194,22.564355941494384,0.75,0.6666666666666666,0.6666666666666666
plateau_early_002,plateau_early,11.845117036220902,10.1329907641909,3.1948449564296073,1.0,1.0,1.0
plateau_early_003,plateau_early,11.39081345433174,9.621587879968484,4.32294993366482,1.0,1.0,1.0
plateau_early_004,plateau_early,2.7444496075582845,3.3729707275564778,3.350210158130696,1.0,1.0,1.0
plateau_early_005,plateau_early,8.385668556395354,10.773250404690533,10.08721593878571,0.9166666666666666,0.9166666666666666,0.9166666666666666
plateau_early_006,plateau_early,16.832130303582822,11.380770224685273,2.9677173362392395,1.0,1.0,1.0
plateau_early_007,plateau_early,3.629337469934809,3.835438169925203,3.750838209971447,1.0,1.0,1.0
plateau_early_008,plateau_early,11.433079715743185,17.05717465970475,19.860821355308186,0.9166666666666666,0.8333333333333334,0.8333333333333334
plateau_early_009,plateau_early,2.7210520610780633,3.2697777113470323,12.567853281823263,1.0,0.9166666666666666,0.9166666666666666
plateau_early_010,plateau_early,2.914847763156216,4.302072371222073,18.457090298422912,0.9166666666666666,0.8333333333333334,0.9166666666666666
plateau_early_011,plateau_early,15.54880273899984,14.003638554413715,31.344309091839484,1.0,0.75,0.75
plateau_early_012,plateau_early,13.96012969932138,7.7132657209251105,4.440278734964532,0.9166666666666666,0.9166666666666666,1.0
plateau_early_013,plateau_early,8.03021289140176,8.245600592185637,8.234135137875029,0.9166666666666666,0.9166666666666666,0.9166666666666666
plateau_early_014,plateau_early,2.0173491212983348,2.411482339039016,2.215012054947946,1.0,1.0,1.0
plateau_early_015,plateau_early,3.147923012035712,3.520954758226683,3.5921406498786372,0.9166666666666666,0.9166666666666666,1.0
plateau_early_016,plateau_early,2.0322794023548076,1.8276989232293719,1.9015776388955004,1.0,1.0,1.0
plateau_early_017,plateau_early,12.22092020054986,3.4780210902733426,11.148043509999741,1.0,0.8333333333333334,0.9166666666666666
plateau_early_018,plateau_early,14.732959093903263,9.432843617931907,3.6044976059697547,1.0,1.0,1.0
plateau_early_019,plateau_early,8.265508365346868,8.237800127334957,4.596383259991943,0.9166666666666666,0.9166666666666666,1.0
plateau_early_020,plateau_early,15.43151296495562,13.421650098806122,14.723403857415818,0.8333333333333334,0.8333333333333334,0.9166666666666666
plateau_early_021,plateau_early,2.162982609416943,4.705493403915255,3.517486240995764,1.0,1.0,1.0
plateau_early_022,plateau_early,21.369685435086858,22.41113703872019,18.36600505235923,0.9166666666666666,0.9166666666666666,0.9166666666666666
plateau_early_023,plateau_early,17.29403235021919,15.963715987370202,2.5770836722921686,0.9166666666666666,1.0,1.0
plateau_early_024,plateau_early,23.486248407497474,17.05286202240526,8.964856839178248,0.9166666666666666,0.9166666666666666,0.9166666666666666
plateau_early_025,plateau_early,4.05922204301091,4.50442781534103,4.710517612764894,1.0,1.0,1.0
plateau_early_026,plateau_early,13.664718684689229,14.914656574484555,3.8974728115132797,0.8333333333333334,1.0,1.0
plateau_early_027,plateau_early,7.947000510218312,8.473885656137224,2.1409026365607042,0.9166666666666666,1.0,1.0
plateau_early_028,plateau_early,18.962726067223823,6.40590169617734,3.6235791703109212,1.0,1.0,1.0
plateau_early_029,plateau_early,14.321610250412988,3.805036134332964,18.28033648461703,1.0,0.8333333333333334,0.9166666666666666
plateau_early_030,plateau_early,8.674984225728293,5.990294696876267,3.956001610718777,1.0,1.0,1.0
plateau_early_031,plateau_early,2.2659764765327233,4.890775470161175,4.878192442423097,1.0,1.0,1.0
plateau_early_032,plateau_early,16.118239475389093,16.354031855770327,4.486705306979069,0.9166666666666666,1.0,1.0
plateau_early_033,plateau_early,19.612655250537784,17.579571886675033,2.9042996243720047,0.9166666666666666,1.0,1.0
plateau_early_034,plateau_early,13.991864260375188,12.81590916880031,6.655094770545254,0.9166666666666666,0.9166666666666666,1.0
plateau_early_035,plateau_early,3.00223381481884,2.837159771185765,2.9148049477972906,1.0,1.0,1.0
plateau_early_036,plateau_early,16.318710047015543,8.231498039616728,3.3398380492433923,1.0,1.0,1.0
plateau_early_037,plateau_early,19.44410217654637,14.074992850730885,13.777397824068796,0.75,0.8333333333333334,0.9166666666666666
plateau_early_038,plateau_early,2.6258846778021976,2.5233333983224737,8.947636658804724,1.0,0.9166666666666666,0.9166666666666666
plateau_early_039,plateau_early,16.152840283579685,16.15146429795641,23.659353782399617,0.9166666666666666,0.8333333333333334,0.9166666666666666
plateau_early_040,plateau_early,15.984067669592857,17.159381656401735,12.256979425445826,0.8333333333333334,0.9166666666666666,0.9166666666666666
plateau_early_041,plateau_early,15.515014143448242,17.88623092546648,18.877370574552284,0.9166666666666666,0.8333333333333334,0.9166666666666666
plateau_early_042,plateau_early,9.755466596703535,5.554967056320904,3.8109149302276277,1.0,1.0,1.0
plateau_early_043,plateau_early,2.8516016757621765,3.074598590681214,26.08551131842827,1.0,0.8333333333333334,0.8333333333333334
plateau_early_044,plateau_early,15.92089905864156,9.389420504707028,3.581446784691246,0.9166666666666666,0.9166666666666666,1.0
plateau_early_045,plateau_early,17.642120616041364,30.518334558587156,30.38844226617539,0.75,0.75,0.75
plateau_early_046,plateau_early,9.657874112846484,7.974253204944046,3.0826019104703883,1.0,1.0,1.0
plateau_early_047,plateau_early,14.958816692608929,7.3280728854323485,4.322369728150359,1.0,1.0,1.0
plateau_early_048,plateau_early,10.825362289192947,9.532147421445872,2.6054575837969205,0.9166666666666666,0.9166666666666666,1.0
plateau_early_049,plateau_early,13.021406539350382,7.595631253463848,3.4320121206562972,1.0,1.0,1.0
plateau_early_050,plateau_early,3.8253792444291532,3.7879108864016557,3.7504852400943354,0.9166666666666666,0.9166666666666666,1.0
plateau_early_051,plateau_early,14.322796008325192,14.454419718064177,10.04670118613975,0.9166666666666666,0.9166666666666666,0.9166666666666666
plateau_early_052,plateau_early,3.144580879373744,4.656429185511937,4.968213463462538,1.0,0.9166666666666666,1.0
plateau_early_053,plateau_early,15.285231404461552,12.467631825057476,10.449411575618164,0.9166666666666666,0.9166666666666666,0.9166666666666666
plateau_early_054,plateau_early,10.60993130358356,17.565675131005353,12.919606450274282,0.8333333333333334,0.9166666666666666,0.9166666666666666
plateau_early_055,plateau_early,20.244275536155772,14.0681890938482,13.675667421109198,0.9166666666666666,0.9166666666666666,0.9166666666666666
plateau_early_056,plateau_early,2.7867362382150684,3.312026153519102,3.2947795481127105,1.0,1.0,1.0
plateau_early_057,plateau_early,17.308553060671112,6.386744689424253,6.733118025367385,1.0,1.0,1.0
plateau_early_058,plateau_early,4.008897046218869,4.148921520769649,4.1541335057100675,0.9166666666666666,0.9166666666666666,1.0
plateau_early_059,plateau_early,21.61310722009098,17.171556403814638,3.3391984024640493,0.9166666666666666,1.0,1.0
rapid_then_plateau_000,rapid_then_plateau,3.5806653466415237,3.4646209405617086,3.4507589946565287,1.0,1.0,1.0
rapid_then_plateau_001,rapid_then_plateau,2.341953438066086,2.572816735620891,2.500350999343367,1.0,1.0,1.0
rapid_then_plateau_002,rapid_then_plateau,14.661390924408007,7.295883396123863,2.7472625349575206,1.0,1.0,1.0
rapid_then_plateau_003,rapid_then_plateau,12.38466021717241,6.920439083234083,3.1020601983356255,1.0,0.9166666666666666,1.0
rapid_then_plateau_004,rapid_then_plateau,14.663959791049773,4.0188323861838775,2.4771534896469447,1.0,1.0,1.0
rapid_then_plateau_005,rapid_then_plateau,1.7622110110002707,1.8016963593043749,1.7832270544526767,1.0,1.0,1.0
rapid_then_plateau_006,rapid_then_plateau,18.49390319707136,9.053433891000982,2.909264071148452,1.0,1.0,1.0
rapid_then_plateau_007,rapid_then_plateau,2.84808014979893,2.73881361696873,2.8207645143828857,0.9166666666666666,0.9166666666666666,1.0
rapid_then_plateau_008,rapid_then_plateau,3.25168832172105,3.294921351733293,3.189383744860487,1.0,1.0,1.0
rapid_then_plateau_009,rapid_then_plateau,15.892208179245664,7.912014701103123,1.9963337110651214,1.0,1.0,1.0
rapid_then_plateau_010,rapid_then_plateau,1.984835243111065,1.8955287162804455,1.894452764340767,1.0,1.0,1.0
rapid_then_plateau_011,rapid_then_plateau,2.4503039637056476,2.3927876203778684,2.372906047431442,1.0,1.0,1.0
rapid_then_plateau_012,rapid_then_plateau,2.691065791327555,2.960794926196866,2.942039466630076,0.9166666666666666,0.9166666666666666,1.0
rapid_then_plateau_013,rapid_then_plateau,7.952852914860221,6.520772287962414,2.838815108554983,0.9166666666666666,0.9166666666666666,1.0
rapid_then_plateau_014,rapid_then_plateau,2.66340845314121,2.4536757698111855,2.5106426786426255,1.0,1.0,1.0
rapid_then_plateau_015,rapid_then_plateau,2.2997843063414987,2.39675604225741,2.3524909808495735,1.0,1.0,1.0
rapid_then_plateau_016,rapid_then_plateau,3.3871589440139056,3.1954946644098294,3.1968589221498185,1.0,1.0,1.0
rapid_then_plateau_017,rapid_then_plateau,9.24607315971332,6.419374040235674,2.824451640098102,1.0,1.0,1.0
rapid_then_plateau_018,rapid_then_plateau,14.046406562139682,6.539033242008467,2.798228687172075,1.0,1.0,1.0
rapid_then_plateau_019,rapid_then_plateau,16.791725140303253,14.542525876666977,2.5079067815451253,1.0,1.0,1.0
rapid_then_plateau_020,rapid_then_plateau,2.9352148918198444,2.698812668965901,2.7403663473181195,1.0,1.0,1.0
rapid_then_plateau_021,rapid_then_plateau,11.87639661649824,4.026114115501303,3.03952038348852,1.0,1.0,1.0
rapid_then_plateau_022,rapid_then_plateau,9.912430104563967,6.444286144775936,2.3291292581458465,1.0,1.0,1.0
rapid_then_plateau_023,rapid_then_plateau,12.622620562541938,11.007620936499805,8.642503391488722,0.8333333333333334,0.9166666666666666,0.9166666666666666
rapid_then_plateau_024,rapid_then_plateau,11.253971685427967,10.57761617440933,1.6535177808349242,0.9166666666666666,1.0,1.0
rapid_then_plateau_025,rapid_then_plateau,2.5270839677463703,2.441762623044733,2.4356363006894184,1.0,1.0,1.0
rapid_then_plateau_026,rapid_then_plateau,16.650547139787943,12.5211893625526,3.6150031978921233,1.0,1.0,1.0
rapid_then_plateau_027,rapid_then_plateau,4.195707742070341,3.8619013372644337,3.8105466211727896,1.0,1.0,1.0
rapid_then_plateau_028,rapid_then_plateau,10.345738328866759,6.880044244714266,2.7741755884860293,1.0,1.0,1.0
rapid_then_plateau_029,rapid_then_plateau,3.3443540575897917,3.0349420249375623,3.104117903066955,1.0,1.0,1.0
rapid_then_plateau_030,rapid_then_plateau,16.328395761674624,2.9131782597141127,2.0895574177815996,1.0,1.0,1.0
rapid_then_plateau_031,rapid_then_plateau,2.3258412961139046,2.243373022720753,2.2647220701483146,1.0,1.0,1.0
rapid_then_plateau_032,rapid_then_plateau,19.948901379435178,10.511511295129008,2.6892966841491663,1.0,1.0,1.0
rapid_then_plateau_033,rapid_then_plateau,8.662150535379489,7.739374540842956,2.9310930753256694,1.0,1.0,1.0
rapid_then_plateau_034,rapid_then_plateau,2.695443023117247,2.973227476219966,2.927023350730246,1.0,1.0,1.0
rapid_then_plateau_035,rapid_then_plateau,2.6854763599424043,2.758302146553934,2.7528131996853307,1.0,1.0,1.0
rapid_then_plateau_036,rapid_then_plateau,15.12464587718465,13.62016901763924,2.4742678104970137,0.9166666666666666,1.0,1.0
rapid_then_plateau_037,rapid_then_plateau,2.916188906688534,2.7520098531800383,2.7310213757433686,1.0,1.0,1.0
rapid_then_plateau_038,rapid_then_plateau,15.292742110086573,8.391154095052123,3.0038614573536107,1.0,1.0,1.0
rapid_then_plateau_039,rapid_then_plateau,24.496807187242343,19.609469784940284,12.30792928557062,0.8333333333333334,0.9166666666666666,0.9166666666666666
rapid_then_plateau_040,rapid_then_plateau,2.9606284477357,3.0935014309288147,3.1126136479711954,1.0,1.0,1.0
rapid_then_plateau_041,rapid_then_plateau,11.245065189197797,10.174364810226903,2.2636368938611375,1.0,1.0,1.0
rapid_then_plateau_042,rapid_then_plateau,13.955965391698808,9.983409364726807,8.517620209846344,0.9166666666666666,0.9166666666666666,0.9166666666666666
rapid_then_plateau_043,rapid_then_plateau,24.882791254834256,21.923955227514938,3.1890230658765435,0.9166666666666666,1.0,1.0
rapid_then_plateau_044,rapid_then_plateau,20.493632900200137,17.222833819294742,2.7872542381641376,0.9166666666666666,1.0,1.0
rapid_then_plateau_045,rapid_then_plateau,16.87140870066307,13.130274502879434,2.667564888291895,1.0,1.0,1.0
rapid_then_plateau_046,rapid_then_plateau,3.097400320469342,2.999382174084477,3.0133769879067835,0.9166666666666666,0.9166666666666666,1.0
rapid_then_plateau_047,rapid_then_plateau,9.307294901646578,7.985631969044582,2.3585967197017097,1.0,1.0,1.0
rapid_then_plateau_048,rapid_then_plateau,14.175507108241986,13.853527599873846,2.9926531593994796,0.9166666666666666,1.0,1.0
rapid_then_plateau_049,rapid_then_plateau,3.590441524253781,3.8961853231727774,3.888759578683774,0.9166666666666666,0.9166666666666666,1.0
rapid_then_plateau_050,rapid_then_plateau,18.96872445260626,8.69001356208637,2.124700476888117,1.0,1.0,1.0
rapid_then_plateau_051,rapid_then_plateau,10.513211063574943,10.075975828300963,1.7106382670290359,0.9166666666666666,1.0,1.0
rapid_then_plateau_052,rapid_then_plateau,12.230113083401125,8.511884765071521,2.5272346204900002,1.0,1.0,1.0
rapid_then_plateau_053,rapid_then_plateau,3.66210110389994,3.557673296738428,3.6442388890698836,0.9166666666666666,0.9166666666666666,1.0
rapid_then_plateau_054,rapid_then_plateau,2.4886635695222967,2.3760566773028344,2.2810827318044544,1.0,1.0,1.0
rapid_then_plateau_055,rapid_then_plateau,2.223478529717084,2.1825019206402434,2.12479026277108,1.0,1.0,1.0
rapid_then_plateau_056,rapid_then_plateau,3.143341256762702,2.744140453102375,2.7648167275095794,1.0,1.0,1.0
rapid_then_plateau_057,rapid_then_plateau,16.214049488025715,3.7345140381612176,3.3872223548466884,0.9166666666666666,0.9166666666666666,1.0
rapid_then_plateau_058,rapid_then_plateau,11.667085375585971,12.384289709337013,3.379605320313024,0.9166666666666666,1.0,1.0
rapid_then_plateau_059,rapid_then_plateau,2.7559602729681667,2.619086074448504,2.6277986805236915,1.0,1.0,1.0
