rowid,plantid,date_md,date,height_true,height_est_cm,height_sam,plant_uid,max_gust,measurement_sd_cm,is_endpoint,online_sequence_number,elapsed_days,predictive_mean_cm,predictive_sd_cm,predictive_q025_cm,predictive_q975_cm,predictive_log_score,predictive_pit,last_observation_prediction_cm,linear_extrapolation_prediction_cm,posterior_mean_cm,posterior_sd_cm,posterior_q025_cm,posterior_q10_cm,posterior_median_cm,posterior_q90_cm,posterior_q975_cm,posterior_growth_mean_cm_day,posterior_growth_sd_cm_day,outlier_posterior_probability,effective_sample_size,ewma_cm,running_median3_cm,holt_cm,gaussian_kalman_cm
C_004,p1,07_02,2021-07-02,46,52.40163029126214,48.6586566990291,C_004_p1,11,17.39999999946,False,1,0.0,,,,,,,,,48.603773786414656,17.671820100907553,13.81265980775231,25.706637248155506,48.67752947249909,71.3871823745302,83.18949906750161,1.588861074091548,5.753325826880349,,5000.0,48.6586566990291,48.6586566990291,48.6586566990291,48.6586566990291
C_004,p1,07_11,2021-07-11,60,74.85947184466019,74.8594718446602,C_004_p1,18,29.9999999982,False,2,9.0,65.63804973036369,64.25361944777086,-60.29904438726719,191.57514384799455,-5.255815020887546,0.5570586600060218,48.6586566990291,48.6586566990291,67.68237628693743,30.00016768655056,4.528491917988598,28.759950834743687,67.54507443641047,105.56869852592088,126.981222316047,5.057049617675308,1.4010211649935924,0.0580488960767861,2878.4711124464443,61.75906427184465,61.75906427184465,61.75906427184465,71.5293283337062
C_004,p1,07_18,2021-07-18,132,108.13034822006472,106.882690355987,C_004_p1,8,12.0,False,3,7.0,103.16504641117751,36.92619900740501,30.789696356663697,175.54039646569134,-4.559633035755586,0.5400968338424803,74.8594718446602,95.23788362459553,106.91684440411552,12.475165308566613,82.5348284308085,91.88645473331432,107.26315890546232,121.43043144978422,130.6841253581186,3.52670420052657,1.2271815635047256,0.0360702548771583,1155.550204350928,84.32087731391582,74.8594718446602,85.33979790291258,106.01434245176978
C_004,p1,07_30,2021-07-30,70,105.21914653721684,103.139716763754,C_004_p1,11,17.39999999946,False,4,12.0,149.18332174952016,37.51305164242459,75.65774053036796,222.7089029686724,-5.312174337073664,0.1098357155944637,106.882690355987,161.77963637540435,114.72346833818771,17.660309610612504,82.95899876564981,93.60775011321158,113.65858587612296,135.8503774714959,152.3412672121473,3.158242985437507,1.480873764502971,0.0616129202924846,1701.0081222119998,93.7302970388349,103.139716763754,99.67954562071192,108.13334064743833
C_004,p1,08_06,2021-08-06,110,110.83360692556634,95.653769579288,C_004_p1,11,17.39999999946,True,5,7.0,136.72367029440332,32.37085630210418,73.27679194227912,200.17054864652752,-5.192095994794077,0.102268556043218,103.139716763754,100.95631550161808,109.19478200365768,15.866228786348213,79.19261383512149,90.39091747873758,108.6681596154434,128.48482700752135,142.41533450291416,3.449480983187107,1.3095401166086809,0.0588508770944532,1946.941490015041,94.69203330906146,103.139716763754,101.04171075098162,100.62083923540698
C_004,p3,07_02,2021-07-02,74,63.83849404530744,54.8969460194175,C_004_p3,11,17.39999999946,False,1,0.0,,,,,,,,,55.22720040123809,17.37357737935326,21.24944403558727,32.986840594459395,55.50832965950527,77.37003792028159,89.4089948684384,1.4419798367565204,5.630556170645501,,5000.0,54.8969460194175,54.8969460194175,54.8969460194175,54.8969460194175
C_004,p3,07_11,2021-07-11,82,94.82199766990291,92.7425678964401,C_004_p3,18,29.9999999982,False,2,9.0,70.10557958762475,63.98700062108308,-55.30894162969808,195.5201008049476,-5.340241770202177,0.6382461695655345,54.8969460194175,54.8969460194175,84.6852247432102,30.352916556206115,25.496854087045342,46.46491036772966,84.34328100562894,123.28598531116938,143.50759751755456,4.553925216695635,1.6138629137354987,0.0599980161361554,2674.946391808213,73.8197569579288,73.8197569579288,73.8197569579288,87.93236060283988
C_004,p3,07_18,2021-07-18,130,122.89429961165048,133.915277411003,C_004_p3,8,12.0,False,3,7.0,116.19963587963105,35.709660361174464,46.20870157172908,186.19057018753296,-4.60740296821682,0.6900888510284423,92.7425678964401,122.17805157856878,131.20850064766222,12.356510429815126,107.4747756900634,116.46531163141664,131.34392305166878,145.81984381789692,154.6351616584031,2.454438544371872,1.017464548046214,0.0370596514642449,1011.4606675209724,103.8675171844659,92.7425678964401,105.33929136857233,132.87699922755434
C_004,p3,07_30,2021-07-30,136,132.251733592233,133.499391456311,C_004_p3,11,17.39999999946,False,4,12.0,161.4321640121642,37.119198278998,88.67853538532813,234.18579263900028,-4.834450178372734,0.2258705520089778,133.915277411003,204.4970651502537,140.27067046862797,16.485666588517905,109.53579492242127,119.78790476171136,139.81677650425826,160.68007713696542,173.4127573999735,2.2560579545343917,1.285444867130442,0.0443712791565854,2536.3868513111606,118.68345432038845,133.499391456311,126.84112333532653,139.73766663628334
C_004,p3,08_06,2021-08-06,132,129.75641786407766,145.975970097087,C_004_p3,11,17.39999999946,True,5,7.0,156.35944742583104,32.863070550490725,91.9478291468692,220.77106570479287,-4.482055510876545,0.3760157237858221,133.499391456311,133.256791316074,148.97434591666814,15.194876845219229,120.34464277826169,130.33617849889646,149.16389681563126,168.49888058517772,178.91250455838295,2.0950110133056814,1.017960306103897,0.034699349601363,1621.6939675040935,132.32971220873773,133.915277411003,141.12631847828038,148.32231354561156
C_004,p4,07_02,2021-07-02,60,66.1258667961165,57.8081477022654,C_004_p4,11,17.39999999946,False,1,0.0,,,,,,,,,57.74818759345081,17.323094973564338,23.985561052875035,34.96671695389636,58.05955328708058,79.1972931134347,91.6182294012586,1.5424882169249847,5.681818711775603,,5000.0,57.8081477022654,57.8081477022654,57.8081477022654,57.8081477022654
C_004,p4,07_11,2021-07-11,84,96.48554148867314,97.3173133980582,C_004_p4,18,29.9999999982,False,2,9.0,73.34255076879741,64.94459688766348,-53.94885913102301,200.63396066861785,-5.354996340745246,0.6439947054385036,57.8081477022654,57.8081477022654,88.94016968350326,30.1472935252015,30.413032527461628,50.44070941342216,88.32744697078301,127.90769781448826,148.4301076505425,4.386974182111892,1.6046454760900033,0.0599890759769562,2622.206623664221,77.5627305501618,77.5627305501618,77.5627305501618,92.29566842122281
C_004,p4,07_18,2021-07-18,130,124.76578640776698,129.756417864078,C_004_p4,8,12.0,False,3,7.0,119.8868106397114,35.07109217524847,51.1474699762244,188.6261513031984,-4.5091892415904615,0.6108047717483525,97.3173133980582,128.04666449478594,129.01209900927185,12.30904510196844,104.80036020021753,113.9280906396706,128.99759380157562,143.97297009699622,151.5137507866463,2.5437228080159717,1.0561493197676894,0.0345769284821962,1102.6756692695033,103.6595742071199,97.3173133980582,105.19604176195628,129.1205382492324
C_004,p4,07_30,2021-07-30,140,153.87780323624594,133.915277411003,C_004_p4,11,17.39999999946,False,4,12.0,159.0187287118839,37.66716669922775,85.19108198139752,232.8463754423703,-4.778044400890172,0.2525603308409669,129.756417864078,185.36631123439764,139.84557057932005,16.299414290815257,109.19543688777128,119.48740563339368,139.43070165907076,160.17564140697047,172.1308813801373,2.239992210315468,1.303888112513365,0.0424937664902144,2647.580206312668,118.78742580906145,129.756417864078,126.39995415513431,139.07483520723264
C_004,p4,08_06,2021-08-06,140,144.52036925566344,130.588189773463,C_004_p4,11,17.39999999946,True,5,7.0,155.32671119881542,33.4926358627986,89.68114490773016,220.97227748990068,-4.721956862879042,0.2300671586775341,133.915277411003,136.3412788133759,137.97118175613184,15.570512287930155,108.38958169371092,118.00586690453645,137.46090755809217,157.091045784702,169.23233424716335,2.353901204317597,1.0402940869747603,0.0413896849979863,1369.0754994452034,124.68780779126223,130.588189773463,132.92497098593955,135.74459556067177
C_005,p1,07_11,2021-07-11,113,131.83584763754044,128.50876,C_005_p1,18,29.9999999982,False,1,0.0,,,,,,,,,128.40029905620165,30.191368744562308,70.09227080470615,89.87320137381433,128.61420873997662,166.7159939638094,186.53930564309996,1.5741504203140333,5.763841473319462,,5000.0,128.50876,128.50876,128.50876,128.50876
C_005,p1,07_18,2021-07-18,140,154.08574621359222,116.032181359223,C_005_p1,8,12.0,False,2,7.0,139.1939691873114,56.51181326997915,28.430815178152272,249.95712319647052,-5.023302798748478,0.3409552590759548,128.50876,128.50876,116.69675165574154,14.56559106162164,91.5796683233052,100.83827654868864,116.34630783554914,132.1619797578533,143.69868764610814,3.0171807243996978,1.1204288896378989,0.0470921255857659,1500.6372478084731,122.27047067961149,122.27047067961149,122.27047067961149,116.41282584567483
C_005,p1,07_30,2021-07-30,144,168.22586867313916,114.784523495146,C_005_p1,11,17.39999999946,False,3,12.0,152.31752590204405,37.16740023813395,79.46942143530151,225.1656303687866,-5.039483997314731,0.1562867823941978,116.032181359223,94.64376083217672,123.73652905945774,16.777980239259293,92.39636236867558,103.98002812349262,123.11001897596653,143.8955939929845,158.7078971352835,2.803918282332584,1.39857211262645,0.0507899216512634,2112.784335728523,118.52749708737875,116.032181359223,117.45807606102643,114.00903065685952
C_005,p1,08_06,2021-08-06,144,153.87780323624594,121.854584724919,C_005_p1,11,17.39999999946,True,4,7.0,143.1809512689701,33.03500385402333,78.43234371508437,207.92955882285585,-4.649213648757174,0.2592793365517435,114.784523495146,114.05672307443442,128.31361271907184,15.481156859057291,98.50343186881896,108.74864546977018,128.15218696569414,147.91995774958914,158.7325082835253,2.6100949984077086,1.101400268272801,0.0393133214430083,2994.568676561448,120.19104090614887,116.032181359223,118.87654422792417,119.93122225368545
C_005,p4,07_11,2021-07-11,78,111.45743585760518,103.555602718447,C_005_p4,18,29.9999999982,False,1,0.0,,,,,,,,,103.39654267438034,30.34743053291202,42.94151797417221,65.06975113091809,103.05809159845066,141.4645627556457,164.73378474818824,1.4957840263356852,5.667424551255612,,5000.0,103.555602718447,103.555602718447,103.555602718447,103.555602718447
C_005,p4,07_18,2021-07-18,120,127.67698809061488,103.555602718447,C_005_p4,8,12.0,False,2,7.0,114.42909613928128,55.90421475632285,4.856835216888513,224.00135706167407,-4.957106236051763,0.4228913320041874,103.555602718447,103.555602718447,103.39237353716672,14.151824961576898,77.83925899671577,88.12158601159953,103.01054302547948,118.9214023481742,128.9161365693768,3.7652047272858846,1.330762551603576,0.0455162717025829,1577.5951605167777,103.555602718447,103.555602718447,103.555602718447,103.555602718447
C_005,p4,07_30,2021-07-30,130,128.50876,129.756417864078,C_005_p4,11,17.39999999946,False,3,12.0,148.89667981006832,37.565088678455936,75.26910600029468,222.52425361984197,-4.696890930579421,0.3051929778578673,103.555602718447,103.555602718447,133.9693505085816,16.32064830164734,103.10273078522091,113.25753606646764,133.67232378688038,154.0454700942442,166.75841502697097,2.4071798736331056,1.339065081372488,0.0403066980439998,2843.06050834859,116.6560102912625,103.555602718447,116.6560102912625,128.14158254650633
C_005,p4,08_06,2021-08-06,130,125.5975583171521,130.588189773463,C_005_p4,11,17.39999999946,True,4,7.0,150.79343223893773,33.389618945587365,85.34977910558649,216.23708537228896,-4.627497977635445,0.2725444969104579,129.756417864078,145.0402266990294,136.4110445759374,15.3781160036892,106.81071528155782,117.14533002242428,136.1212368447963,156.03574667145935,167.2569210135163,2.3535830643252904,1.0324961347870227,0.0385932901606341,1607.9695901576824,123.62210003236275,129.756417864078,124.38629047411033,131.9885776630507
C_005,p5,07_11,2021-07-11,108,113.95275158576052,116.863953268608,C_005_p5,18,29.9999999982,False,1,0.0,,,,,,,,,116.97975641967214,29.60408607768957,59.71481656595131,79.32044135667567,116.73941291380072,154.62409322684238,175.46515141897964,1.4626434154295374,5.64515095025526,,5000.0,116.863953268608,116.863953268608,116.863953268608,116.863953268608
C_005,p5,07_18,2021-07-18,132,136.82647909385113,132.251733592233,C_005_p5,8,12.0,False,2,7.0,127.24643558003709,55.79345555791146,17.89126268653061,236.60160847354356,-4.99025529316196,0.5357416433934586,116.863953268608,116.863953268608,131.34172433353365,14.348574915539004,105.1320521363537,115.99943116177364,131.3186475043873,147.43328491948157,157.05876960365148,2.4799815834725694,1.0828017635806122,0.0469049805408328,1529.4012417163026,124.55784343042049,124.55784343042049,124.55784343042049,131.7822720589424
C_005,p5,07_30,2021-07-30,140,144.936255210356,127.261102135922,C_005_p5,11,17.39999999946,False,3,12.0,161.4036363954528,37.90208486013241,87.11555006959327,235.69172272131232,-4.971486174204534,0.1838449751338113,132.251733592233,158.63078557559012,135.52722871676949,16.93255797707803,103.7136397987382,114.3177514710106,135.36067821971594,155.96629480057064,169.273149638787,2.380476858873392,1.3329963847885304,0.0486437906440877,2277.1970511114027,125.90947278317125,127.261102135922,127.22842538233911,128.61997051720348
C_005,p5,08_06,2021-08-06,138,133.91527741100325,130.17230381877,C_005_p5,11,17.39999999946,True,4,7.0,152.126659940842,33.091360485085715,87.26759339007398,216.98572649161,-4.65846054469638,0.2535222311411481,127.261102135922,124.34990045307391,136.5994725106939,15.476950599607614,106.73424543796548,117.46367187968984,136.2246058135943,156.07307794820008,167.69730877761796,2.356671099330771,1.0504449896936383,0.0395417762717581,2957.67265681047,128.0408883009706,130.17230381877,129.47165976069482,130.1413156145347
C_009,p1,07_11,2021-07-11,78,78.18655948220065,77.3547875728155,C_009_p1,18,29.9999999982,False,1,0.0,,,,,,,,,76.86570237045765,29.754164362765,18.033486745701712,38.51594009248044,76.61860457888753,115.06008721794356,135.24364521607924,1.3412548884124784,5.623310061386768,,5000.0,77.3547875728155,77.3547875728155,77.3547875728155,77.3547875728155
C_009,p1,07_18,2021-07-18,120,116.0321813592233,114.784523495146,C_009_p1,8,12.0,False,2,7.0,87.13342757514746,54.50060290312836,-19.68775411498412,193.95460926527903,-5.187429185595384,0.6940467531197699,77.3547875728155,77.3547875728155,112.49859527394398,15.413094832910884,83.00700678792009,96.83629362422276,112.5546701977378,128.7295531909689,138.6352656804934,3.2253413489883016,1.151238040905712,0.0532766667351546,1284.6261074161382,96.06965553398075,96.06965553398075,96.06965553398075,113.64259003579053
C_009,p1,07_30,2021-07-30,142,149.71894368932038,154.293689190938,C_009_p1,11,17.39999999946,False,3,12.0,151.41692101514727,38.21960302918704,76.50649907794066,226.3273429523539,-4.577040383418263,0.5299998326945018,114.784523495146,178.949785076284,153.6939109645172,15.9110517459262,122.03535674896614,133.8708902625837,153.812452627713,172.9856393357092,185.1261198006593,2.020021472809669,1.2810985933521248,0.0369894461435495,3124.100790704726,125.18167236245938,114.784523495146,128.3899354415163,154.41578933577887
C_009,p1,08_06,2021-08-06,148,146.8077420064725,143.896540323625,C_009_p1,11,17.39999999946,True,4,7.0,168.24081321464217,32.80849312559042,103.93616668848496,232.5454597407994,-4.705950822115688,0.2290402422260208,154.293689190938,177.34070251348334,151.1204894745649,15.5629090632964,121.59492597216858,131.108403992744,151.17870387593422,170.37359457418015,182.24679618687517,2.0708063534715784,1.0026305608584098,0.0410045959929182,1778.604415764786,134.5391063430422,143.896540323625,139.52577698073677,149.89902702902782
C_009,p2,07_11,2021-07-11,70,86.71222155339805,85.2566207119741,C_009_p2,18,29.9999999982,False,1,0.0,,,,,,,,,85.15715042885012,29.94739313737569,24.58657444547882,47.17658808812023,84.80215777116237,123.76539768917752,143.80484046033638,1.5446559217556284,5.689395454141644,,5000.0,85.2566207119741,85.2566207119741,85.2566207119741,85.2566207119741
C_009,p2,07_18,2021-07-18,100,102.72383080906148,103.971488673139,C_009_p2,8,12.0,False,2,7.0,96.30789702639134,55.31609798082289,-12.111655016021516,204.72744906880425,-5.060411914271929,0.5550938807814165,85.2566207119741,85.2566207119741,102.569706634947,14.849412109839273,75.61838394247557,86.41503029584396,102.38356892103782,119.2227514879671,129.11615266920907,3.786802223859538,1.3429953259147964,0.0499955897442858,1451.6373380771454,94.61405469255655,94.61405469255655,94.61405469255655,103.40052194346129
C_009,p2,07_30,2021-07-30,126,136.41059313915858,135.578821229773,C_009_p2,11,17.39999999946,False,3,12.0,148.0879716936022,37.68431923817237,74.22670598678434,221.94923740042003,-4.615804303586481,0.3699651032839811,103.971488673139,136.05411946370742,138.39619695627044,16.05367684299083,106.98793976421992,118.65519500068116,138.18218122778393,158.26450182325664,170.19395430549665,2.335314948231088,1.2867515362807749,0.038025254804182,3044.589610250323,115.09643796116478,103.971488673139,116.7005695006932,134.90935056329192
C_009,p2,08_06,2021-08-06,132,133.4993914563107,134.331163365696,C_009_p2,11,17.39999999946,True,4,7.0,154.7544707081051,32.81756913087148,90.43203521159698,219.0769062046132,-4.602322580572346,0.2668629546365595,135.578821229773,154.01643188780952,140.09354966796482,15.144683631988414,111.85575856550656,121.26185160122574,139.7750567351424,159.48186156704807,170.7984210116633,2.2716255709573163,1.0073297971912138,0.0377826837935123,1775.742882073219,124.71380066343039,134.331163365696,127.55284118211584,137.34565005867566
C_009,p3,07_11,2021-07-11,58,78.6024454368932,71.1164982524272,C_009_p3,18,29.9999999982,False,1,0.0,,,,,,,,,72.11432662905406,29.93535804925239,11.948503195672927,33.063331575066364,72.12053052258968,111.01696901852512,130.1208798012688,1.455205943584057,5.679658807112454,,5000.0,71.1164982524272,71.1164982524272,71.1164982524272,71.1164982524272
C_009,p3,07_18,2021-07-18,90,96.90142744336568,98.1490853074434,C_009_p3,8,12.0,False,2,7.0,83.32317437588392,54.69472663855488,-23.87848983568365,190.52483858745148,-5.100061430918769,0.606830076567688,71.1164982524272,71.1164982524272,96.49225888802854,15.065871669317517,68.19054273931474,80.57733894885195,97.09704911894414,112.91908735268632,122.70082273475953,4.197796540999841,1.34212934732921,0.0510845442215984,1398.8582840007218,84.6327917799353,84.6327917799353,84.6327917799353,97.3243555867978
C_009,p3,07_30,2021-07-30,146,150.34277262135922,153.877803236246,C_009_p3,11,17.39999999946,False,3,12.0,147.13170329314252,37.56553751099071,73.50324977160074,220.7601568146843,-4.58709181381188,0.5712596899447844,98.1490853074434,144.49066311604258,152.42969842268533,16.222588710088665,120.60156241938095,132.1625232606174,152.42276513326578,173.2156146058779,183.6966778575253,2.058804542166802,1.2856712651291016,0.0374042647521528,3147.7214455453395,119.25529750809065,98.1490853074434,121.57237639852062,152.28991862411436
C_009,p3,08_06,2021-08-06,136,145.97597009708738,149.71894368932,C_009_p3,11,17.39999999946,True,4,7.0,166.74891076190823,33.504389301843815,101.08030773029436,232.4175137935221,-4.593812224170401,0.3056247708794259,153.877803236246,186.3862220280475,154.66876189682625,15.633146391159022,124.55654992114168,134.79205754338412,154.62901731920036,174.56449186658568,185.40094235356176,1.9919979423770464,0.9981536780587696,0.0377671587803418,1941.6097690858244,134.48712059870533,149.71894368932,138.88177262887177,155.07604253889588
C_010,p1,07_02,2021-07-02,70,74.85947184466019,73.6118139805825,C_010_p1,11,17.39999999946,False,1,0.0,,,,,,,,,73.86120699451114,17.185629910948435,40.365042275074,51.84790544951534,74.11937650048432,95.7405010722107,107.37852503972006,1.4124223251558243,5.667025334392842,,5000.0,73.6118139805825,73.6118139805825,73.6118139805825,73.6118139805825
C_010,p1,07_11,2021-07-11,90,114.36863754045308,93.1584538511327,C_010_p1,18,29.9999999982,False,2,9.0,87.43043874612499,65.62948770973912,-41.20335716496368,216.0642346572137,-5.207957434244535,0.5347747579518428,73.6118139805825,73.6118139805825,86.86198992999019,28.937625560520065,32.52859751290013,50.84554713885454,85.54692253038203,124.0642925682326,146.0199423370526,4.556262805366403,1.639958027929772,0.0555550878940119,2965.261362964459,83.38513391585761,83.38513391585761,83.38513391585761,90.6740610731194
C_010,p1,07_18,2021-07-18,120,114.36863754045308,107.29857631068,C_010_p1,8,12.0,False,3,7.0,118.38105310551563,34.610878320413,50.54373159750615,186.2183746135251,-4.543157058859705,0.3744075561163364,93.1584538511327,108.36139597267176,109.1027340888292,12.273553669290626,86.05566375018631,94.40078630826092,108.65040842857,124.1037023150903,133.35048607652854,3.3545819617573995,1.1291565987381005,0.0357191347647526,1307.5498942504337,95.3418551132688,93.1584538511327,96.10200221934576,107.06509255187608
C_010,p1,07_30,2021-07-30,116,116.0321813592233,114.784523495146,C_010_p1,11,17.39999999946,True,4,12.0,148.86981098479558,37.13272539245448,76.0896692155848,221.64995275400636,-4.974630516290971,0.1793274408755361,107.29857631068,131.53878624133253,123.17443504579954,16.788094082205216,92.0887273156556,102.23106034033212,122.56620079646078,143.99462759284273,157.09545408840066,2.8100531710980787,1.4002545048576411,0.0489226679397748,2254.131937257371,105.06318930420741,107.29857631068,108.66578488332081,116.55826847712108
C_010,p2,07_02,2021-07-02,60,77.7706735275081,71.9482701618123,C_010_p2,11,17.39999999946,False,1,0.0,,,,,,,,,71.83816694433813,17.3343930627377,38.277862048380655,49.47255284550942,71.94651401456383,94.2177312735102,105.41620250874917,1.699584761274215,5.756587737066079,,5000.0,71.9482701618123,71.9482701618123,71.9482701618123,71.9482701618123
C_010,p2,07_11,2021-07-11,78,111.04154990291262,88.9995943042071,C_010_p2,18,29.9999999982,False,2,9.0,87.52629812100128,65.64741737615519,-41.142639936262896,216.19523617826545,-5.200169065804257,0.5089525350252772,71.9482701618123,71.9482701618123,83.95302879236775,29.082559123744836,29.913739854325254,47.15611078889495,83.66308314331336,120.88789208392662,141.6766144047121,4.622282791553701,1.5910377912096223,0.0553201833418963,2981.0483347183813,80.47393223300969,80.47393223300969,80.47393223300969,86.83235805104655
C_010,p2,07_18,2021-07-18,110,113.1209796763754,112.705093721683,C_010_p2,8,12.0,False,3,7.0,116.92357498322122,34.90972525929624,48.50051347500059,185.34663649144184,-4.474021114333305,0.4519089961611124,88.9995943042071,102.26173530384747,113.68247300533098,12.077700706074264,90.62524033680435,99.18626312414963,113.36255504959928,128.25227317084168,136.64303143019478,3.1252727379112395,1.0997854744172546,0.0336731577813363,1348.4073110988634,96.58951297734635,88.9995943042071,97.25262002732836,112.01823176799428
C_010,p2,07_30,2021-07-30,112,120.8148698381877,119.775154951456,C_010_p2,11,17.39999999946,True,4,12.0,151.8471571611164,37.82245208390507,77.71515107666247,225.97916324557036,-4.925591291288807,0.1982295662096409,112.705093721683,153.34309272307027,126.98990544918098,16.814207090609095,95.90930649813578,106.54882888836748,126.57501666147314,147.46258294228386,161.01360257061577,2.679625936167209,1.331600712792749,0.0470173175102426,2336.4936123323373,108.18233396440118,112.705093721683,112.2996379226793,122.1434747881939
C_010,p3,07_02,2021-07-02,80,77.35478757281554,78.6024454368932,C_010_p3,11,17.39999999946,False,1,0.0,,,,,,,,,78.7482994415577,17.396866954644057,43.83596566027544,56.32004194027989,78.99164530138862,100.68761918589054,112.03028899826458,1.4485027576534628,5.645991762679623,,5000.0,78.6024454368932,78.6024454368932,78.6024454368932,78.6024454368932
C_010,p3,07_11,2021-07-11,70,98.14908530744336,84.0089628478964,C_010_p3,18,29.9999999982,True,2,9.0,91.7863028299066,65.8947856943223,-37.36747713096511,220.9400827907783,-5.130926201663439,0.4530232758739347,78.6024454368932,78.6024454368932,80.26382023279673,27.8973830355028,28.499811733632377,45.38268476735898,79.3648841650438,116.35061886183742,136.84559498204752,4.80282698891097,1.53827490225011,0.0526696626494151,3116.893685714112,81.3057041423948,81.3057041423948,81.3057041423948,83.32179037738209
C_011,p1,07_11,2021-07-11,96,108.54623417475727,99.396743171521,C_011_p1,18,29.9999999982,False,1,0.0,,,,,,,,,100.48965301543174,29.62842914848133,42.54966613503839,62.35366934356148,100.21673212840366,137.70004951559764,158.60928907911068,1.4648241685170555,5.684505613869438,,5000.0,99.396743171521,99.396743171521,99.396743171521,99.396743171521
C_011,p1,07_18,2021-07-18,100,136.61853611650486,108.546234174757,C_011_p1,8,12.0,False,2,7.0,110.71201575206804,56.03974032977582,0.8741247057074304,220.54990679842865,-4.992269385323838,0.4845858171506903,99.396743171521,99.396743171521,107.71853748850616,14.481603394221038,81.4806550031701,91.79902997050073,107.5226864047056,123.51398254401272,133.90641251867194,3.4831930423739035,1.221206283525222,0.0472480574784193,1545.1416759943058,103.97148867313899,103.97148867313899,103.97148867313899,108.26709488469234
C_011,p1,07_30,2021-07-30,196,211.8938939158576,225.826073398058,C_011_p1,11,17.39999999946,True,3,12.0,149.21339351185665,37.76795841416996,75.18819502008353,223.23859200362975,-6.535845277977848,0.9787458861910026,108.546234174757,124.23107589459016,204.01211924789143,23.381345556334534,141.15741103813534,176.394966424447,207.06302876180845,230.0944077516335,239.53902981386884,0.3538500180663223,1.3980872639111073,0.1390211381087371,632.284963770097,164.89878103559852,108.546234174757,165.68302312159017,219.22284875158618
C_011,p2,07_11,2021-07-11,86,106.67474737864076,84.0089628478964,C_011_p2,18,29.9999999982,False,1,0.0,,,,,,,,,83.43587320960765,29.431865122615555,25.061623617969985,45.814688114656605,83.06786640318825,120.91217364993602,141.25326657095226,1.3804106200502904,5.64354874675232,,5000.0,84.0089628478964,84.0089628478964,84.0089628478964,84.0089628478964
C_011,p2,07_18,2021-07-18,110,126.01344427184466,107.29857631068,C_011_p2,8,12.0,False,2,7.0,93.34766520232722,54.937881408529314,-14.330582358390233,201.0259127630447,-5.0866249898880085,0.6002289421311885,84.0089628478964,84.0089628478964,105.6116985387914,14.894762682583387,77.83513958457105,89.3671534379473,105.74702909116834,121.22087631970648,131.80881288430757,3.5964582177598463,1.2610320443743352,0.05067024237665,1406.8034962061563,95.6537695792882,95.6537695792882,95.6537695792882,106.58803993596993
C_011,p2,07_30,2021-07-30,196,210.4382930744337,231.648476763754,C_011_p2,11,17.39999999946,True,3,12.0,148.83941591143935,37.60678176442377,75.13012365316875,222.54870816970995,-6.86624442398878,0.9861663383977308,107.29857631068,147.2236279611662,205.63880851149685,24.943945917003983,137.7420304142978,172.69479570512658,209.4347664801476,231.84629601653495,244.521578561806,0.230867862460984,1.436168618843388,0.1736636819766068,500.0292160532239,163.65112317152108,107.29857631068,165.6473757540454,225.57554463053106
C_011,p3,07_11,2021-07-11,86,94.19816873786408,76.1071297087379,C_011_p3,18,29.9999999982,False,1,0.0,,,,,,,,,76.38714801809172,30.011646897602663,16.9359565471024,37.98328618060102,76.65029213095903,114.98732893800803,135.63899640627616,1.50911886984455,5.7170030963343,,5000.0,76.1071297087379,76.1071297087379,76.1071297087379,76.1071297087379
C_011,p3,07_18,2021-07-18,110,127.67698809061488,118.111611132686,C_011_p3,8,12.0,False,2,7.0,87.43983644629628,55.00557860874484,-20.371097626843607,195.25077051943617,-5.222722407218133,0.7114453445422348,76.1071297087379,76.1071297087379,115.77448999426107,15.493208648187476,85.22954378366668,99.84624811309722,116.6050242383611,131.71254726595532,140.89087127984195,3.0691290755239518,1.1667316413795337,0.053888907717276,1225.968431749989,97.10937042071194,97.10937042071194,97.10937042071194,116.83010802829821
C_011,p3,07_30,2021-07-30,196,216.676582394822,215.013038576052,C_011_p3,11,17.39999999946,True,3,12.0,152.3390309440223,37.69323840719665,78.46028366591688,226.21777822212772,-5.904146944182591,0.9518176277649222,118.111611132686,190.11929357373987,198.56581631367948,19.79779460705963,149.6129704624379,176.26214383316702,199.74262965328117,221.0678429812592,231.2233159732033,0.4645620327015403,1.439239515957612,0.0914285459997742,1040.8549025748705,156.06120449838198,118.111611132686,159.66158862043466,211.9104233175412
C_021,p3,07_02,2021-07-02,48,75.89918673139158,45.3315690614887,C_021_p3,11,17.39999999946,True,1,0.0,,,,,,,,,45.32380623073142,17.217020567607015,11.602822363908004,22.96302585297471,45.04169099572586,67.26471967400393,79.1492251338245,1.5917443495764148,5.746414018350305,,5000.0,45.3315690614887,45.3315690614887,45.3315690614887,45.3315690614887
C_021,p4,07_02,2021-07-02,40,76.52301566343041,74.4435858899676,C_021_p4,11,17.39999999946,False,1,0.0,,,,,,,,,74.59146536670019,17.591258870387357,39.11162591478943,52.2363073770799,74.97892898529388,97.14377443025066,108.4010938347158,1.562472481884231,5.7098879991873925,,5000.0,74.4435858899676,74.4435858899676,74.4435858899676,74.4435858899676
C_021,p4,07_11,2021-07-11,58,95.8617125566343,88.167822394822,C_021_p4,18,29.9999999982,False,2,9.0,88.70717125130702,66.46913209139646,-41.57232764783004,218.98667015044407,-5.201940413272649,0.4967629079120367,74.4435858899676,74.4435858899676,83.13323470650634,28.952084307540925,28.8057054796329,46.83798174759638,82.18109249507168,120.2716636989627,142.48102733509074,4.634699748077574,1.537778835690324,0.0551582921016333,2965.8722736057844,81.3057041423948,81.3057041423948,81.3057041423948,86.42346150813181
C_021,p4,07_18,2021-07-18,114,97.31731339805825,126.013444271845,C_021_p4,8,12.0,False,3,7.0,116.06425212992026,35.21036048960991,47.05194557028484,185.07655868955567,-4.55411962410172,0.6112445889413158,88.167822394822,98.8422285652643,125.27467197494764,12.535409672582578,100.7700098073304,109.98213651043804,125.27959311014224,140.12169806421207,148.6296152594161,2.6895606574652926,1.0479293162374503,0.0360511044515355,1223.070324430548,103.6595742071199,88.167822394822,104.19329451564201,124.66316838849818
C_021,p4,07_30,2021-07-30,110,86.92016453074433,104.387374627832,C_021_p4,11,17.39999999946,True,4,12.0,157.7875390576832,37.15499700797203,84.96374492205803,230.6113331933084,-5.554851932172059,0.0753267534836782,126.013444271845,190.8916532038845,117.84925604210189,18.422866933582853,86.79649116475295,96.91863870025598,116.27521255551416,139.4741569981213,159.04749106711145,3.024996070406148,1.4459374190127303,0.0725970133413949,1372.6126488951495,104.02347441747595,104.387374627832,108.945880773124,110.92498760136269
C_024,p1,07_02,2021-07-02,60,59.67963449838187,50.7380864724919,C_024_p1,11,17.39999999946,False,1,0.0,,,,,,,,,51.270485680034106,17.069251330167013,17.316262124129125,29.476657794497143,51.56742089481868,73.14545979090907,85.11622267857199,1.4129121063956005,5.700532836970765,,5000.0,50.7380864724919,50.7380864724919,50.7380864724919,50.7380864724919
C_024,p1,07_11,2021-07-11,62,103.97148867313916,69.452954433657,C_024_p1,18,29.9999999982,False,2,9.0,66.58111533615057,64.21235458123036,-59.275099643060926,192.4373303153621,-5.206074481427035,0.5178363838948339,50.7380864724919,50.7380864724919,63.358529983536656,29.85335117835293,0.0,24.66075678500843,62.80052170137603,102.11488515369123,122.38199651694124,5.145135874057755,1.318251152042663,0.0565225788227653,3019.518899125468,60.09552045307445,60.09552045307445,60.09552045307445,67.07428049726128
C_024,p1,07_18,2021-07-18,100,121.43869877022654,113.536865631068,C_024_p1,8,12.0,False,3,7.0,99.9730658532948,37.383618016041446,26.70117454185357,173.24495716473604,-4.605946119419984,0.641633077311999,69.452954433657,84.00896284789653,112.08856171236276,12.684400159419331,88.18353493695304,97.12347856446304,112.29754299069933,127.37920657545232,135.56699496071147,3.197601765777232,1.1291071092018938,0.0370486976612497,1165.8667925856091,86.81619304207122,69.452954433657,87.54399346278319,112.01529917993673
C_024,p1,07_30,2021-07-30,116,137.2423650485437,113.952751585761,C_024_p1,11,17.39999999946,True,4,12.0,150.7048913661083,37.49624229408485,77.21225646970201,224.1975262625146,-5.033268197026611,0.1635047382212019,113.536865631068,189.1092848266297,122.63342665722456,16.992631649786986,91.07941149170875,101.51145078986652,122.0847348033296,143.21463704602957,157.37603278569085,2.846630484217976,1.4088459497933288,0.0506964560815262,2140.007438599468,100.38447231391612,113.536865631068,106.45195133148431,118.80921257813188
C_024,p2,07_02,2021-07-02,70,71.11649825242718,69.0370684789644,C_024_p2,11,17.39999999946,False,1,0.0,,,,,,,,,68.8215671013168,17.585803344215797,34.63160046595741,46.17110626649369,68.95307404886735,91.05248311597008,103.48563654287108,1.5958400642912252,5.654590540855126,,5000.0,69.0370684789644,69.0370684789644,69.0370684789644,69.0370684789644
C_024,p2,07_11,2021-07-11,54,103.5556027184466,74.8594718446602,C_024_p2,18,29.9999999982,False,2,9.0,83.79305039009816,65.62888735233398,-44.83956882047645,212.4256696006728,-5.151801247941434,0.445862158131411,69.0370684789644,69.0370684789644,72.31135333783547,28.47629545051827,17.63361491202853,35.76223383704125,72.02843857754331,108.12373036684198,128.5108312973426,5.001837047462935,1.39841982113165,0.0535054215259496,3073.644642067654,71.9482701618123,71.9482701618123,71.9482701618123,74.11943995333709
C_024,p2,07_18,2021-07-18,118,116.8639532686084,121.022812815534,C_024_p2,8,12.0,False,3,7.0,107.35269819203134,35.75022756503299,37.28225216456667,177.423144219496,-4.535038333449787,0.648909643190833,74.8594718446602,79.38800779575695,119.71720982326276,12.163271852083357,95.96422711134753,104.9379365650854,120.12841937304684,134.3776735398835,142.0988007140591,2.878870409256086,1.071662005808796,0.0349679122217293,1285.325322739991,96.48554148867315,74.8594718446602,96.71196828622799,119.17055758156738
C_024,p2,07_30,2021-07-30,112,122.6863566343042,122.270470679612,C_024_p2,11,17.39999999946,True,4,12.0,154.63996974186563,37.02045372344352,82.07988044391634,227.2000590398149,-4.927847027673562,0.1909589466424552,121.022812815534,200.15996876560337,130.23566163975588,16.477458146859817,99.46739049945442,109.8770409581298,129.76391497383068,150.50151059943445,164.0738310839908,2.5660322617475178,1.3499061512145274,0.0472825448654975,2325.788907862933,109.37800608414258,121.022812815534,114.04695305518075,126.1733389666906
C_024,p3,07_02,2021-07-02,80,73.8197569579288,59.8875774757282,C_024_p3,11,17.39999999946,False,1,0.0,,,,,,,,,59.48479709329446,17.35273151503976,25.962210002664747,37.097596529858194,59.292266289529614,82.13827952295706,94.23493344596156,1.483164240514306,5.698597103721268,,5000.0,59.8875774757282,59.8875774757282,59.8875774757282,59.8875774757282
C_024,p3,07_11,2021-07-11,62,101.89205889967636,61.5511212944984,C_024_p3,18,29.9999999982,False,2,9.0,74.87768506315761,64.82446941286443,-52.17827498605666,201.9336451123719,-5.1174872635612445,0.4185598059673037,59.8875774757282,59.8875774757282,58.63047796847637,28.13090130525546,0.0,23.13184643100362,58.14128922127676,94.29553185617245,116.26108550842872,5.272994278864124,1.2525490944642566,0.0524755389862345,3169.8136334601704,60.719349385113304,60.719349385113304,60.719349385113304,61.33968361126323
C_024,p3,07_18,2021-07-18,118,118.9433830420712,116.863953268608,C_024_p3,8,12.0,False,3,7.0,95.57408411093618,36.87192530988729,23.305110503557103,167.84305771831526,-4.704822783302564,0.7181655413361577,61.5511212944984,62.84498870909744,114.31261733406753,13.007610151790296,89.20549945372706,99.44235976692109,114.29240992758108,129.4336446420051,137.79614944833597,3.078594825763611,1.1055104275617498,0.0398541958399925,1192.313195214197,88.79165132686066,61.5511212944984,88.8563446975906,114.54472509191072
C_024,p3,07_30,2021-07-30,118,123.93401449838188,116.448067313916,C_024_p3,11,17.39999999946,True,4,12.0,150.44139188124228,36.458780250031936,78.9821825911797,221.90060117130488,-4.951629921866884,0.1755708888283048,116.863953268608,211.6859509385102,125.04013699156236,16.35882884635391,94.8269745752242,105.31459457405003,124.37688385810876,145.36487822713943,158.78065510791407,2.74453787757889,1.350107751443334,0.0480636190184861,2278.71528456497,102.61985932038833,116.448067313916,107.56441325346478,120.92667864050465
C_029,p1,07_02,2021-07-02,60,66.54175275080905,63.2146651132686,C_029_p1,11,17.39999999946,False,1,0.0,,,,,,,,,63.29636781303012,17.325702576038513,30.090096924375864,40.88055881475691,63.35334830049053,85.60834594060333,97.51193016578056,1.4745550775614784,5.683697600780166,,5000.0,63.2146651132686,63.2146651132686,63.2146651132686,63.2146651132686
C_029,p1,07_11,2021-07-11,88,96.06965553398058,88.9995943042071,C_029_p1,18,29.9999999982,False,2,9.0,78.10582565200562,65.11118132459764,-49.51208974420575,205.723741048217,-5.240986183908369,0.566437034045872,63.2146651132686,63.2146651132686,82.51416353953427,29.469892057285392,25.70778557984651,45.58262132386054,82.1841226688091,120.42218811753372,140.3999964196809,4.645997801439973,1.545776570416518,0.0568208372566303,2894.747250819534,76.10712970873784,76.10712970873784,76.10712970873784,85.72231021406189
C_029,p1,07_18,2021-07-18,110,130.17230381877022,126.013444271845,C_029_p1,8,12.0,False,3,7.0,115.70585775477213,35.97204364838755,45.200652203932535,186.21106330561173,-4.5373680545502255,0.6127693917392001,88.9995943042071,109.0545392304926,124.6257482501677,12.285209219597794,101.233750592997,110.09224091883335,124.45398678229466,139.10144967957933,148.77086200856536,2.7013413935778914,1.0441144854208424,0.0352580274714926,1186.531457478943,101.06028699029142,88.9995943042071,102.06303423660569,124.9252046441083
C_029,p1,07_30,2021-07-30,196,210.23035009708727,203.784117799353,C_029_p1,11,17.39999999946,False,4,12.0,156.68804688419692,37.48943995539403,83.20874457162462,230.16734919676924,-5.352955020495423,0.8954871442803717,126.013444271845,189.46575850208143,191.39922465365936,17.740524806126224,154.31101136923954,170.7048181286637,191.80658908798583,213.792825897452,224.2791375975103,0.6752634079315206,1.4885631886075623,0.063396568475286,1672.74107587676,152.4222023948222,126.013444271845,158.74835587484483,199.6645459699938
C_029,p1,08_06,2021-08-06,210,212.10183689320388,213.765380711974,C_029_p1,11,17.39999999946,True,5,7.0,196.354997647578,33.18882432138481,131.30490197766375,261.4050933174922,-4.565635233831308,0.7000643895850271,203.784117799353,249.15034402373263,208.69097986400664,15.203672262079316,178.50382447592395,189.4202521604632,208.8038399663097,227.6023815330241,238.0254737858197,0.0992005620786934,1.0085513784670996,0.0368229402927115,3182.706539899077,183.0937915533981,203.784117799353,192.28174265551058,217.79780565683166
C_029,p4,07_02,2021-07-02,66,68.20529656957929,57.3922617475728,C_029_p4,11,17.39999999946,False,1,0.0,,,,,,,,,56.99915611974921,17.50751028356307,23.601589414049982,34.711586665595306,56.84574810989552,79.43238938055265,91.51623908533313,1.4881632920459784,5.719132831834729,,5000.0,57.3922617475728,57.3922617475728,57.3922617475728,57.3922617475728
C_029,p4,07_11,2021-07-11,90,107.71446226537216,88.5837083495146,C_029_p4,18,29.9999999982,False,2,9.0,72.75441488727836,65.47110691432317,-55.56895466479506,201.07778443935177,-5.314161684259275,0.5955228424672679,57.3922617475728,57.3922617475728,81.84945574478175,30.35755943751664,21.079602442528355,42.93326054144974,81.44147509284075,121.19309306716326,141.04314661720537,4.666211836950355,1.5661081284026537,0.059232714983456,2725.101569151861,72.98798504854369,72.98798504854369,72.98798504854369,84.61925178885507
C_029,p4,07_18,2021-07-18,130,143.06476841423947,128.092874045307,C_029_p4,8,12.0,False,3,7.0,114.16540929516208,36.68232048222833,42.26806114999455,186.0627574403296,-4.57180277955685,0.6479077196706307,88.5837083495146,112.84372237324708,126.68778935463126,12.314475010846996,102.48438587775732,111.5533897476244,127.4422477089455,141.2343946778591,148.91318064565243,2.6596293487549367,1.054203672906184,0.0359672937482564,1060.028945005796,100.54042954692535,88.5837083495146,101.75343024811198,127.00021687047483
C_029,p4,07_30,2021-07-30,204,217.5083543042071,220.003670032362,C_029_p4,11,17.39999999946,False,4,12.0,157.9056149730821,37.189804564899504,85.01359802587906,230.79763192028517,-5.905125987549528,0.9525165899240312,128.092874045307,195.8228723809512,203.1595788645453,19.621714771368687,154.9617544525102,180.5418209267976,205.6427261262155,225.14144088733445,234.68497569469503,0.3335432550189209,1.373653684417093,0.0923907556044544,1040.6168281648006,160.2720497896437,128.092874045307,167.47331313607606,214.86273909366224
C_029,p4,08_06,2021-08-06,200,217.9242402588997,220.835441941748,C_029_p4,11,17.39999999946,True,5,7.0,205.80529052002169,34.65046309288151,137.89038285797392,273.72019818206945,-4.565392145371723,0.6677703797646822,220.003670032362,273.6183010248108,216.86216655102515,15.463470409103891,185.9498781641868,197.3722337985779,216.749325296088,236.2063395748953,246.82304712693175,0.0080034636544534,0.9607944179509056,0.0367530987436458,3173.4366502353414,190.55374586569584,220.003670032362,201.0655934387682,227.55494078184944
C_029,p5,07_02,2021-07-02,64,75.89918673139158,81.0977611650485,C_029_p5,11,17.39999999946,False,1,0.0,,,,,,,,,81.36306788667201,17.707226754603795,46.933199265519534,58.53064916597836,81.05764649127953,103.99065471047594,117.74435799265396,1.489847090270624,5.710229725268331,,5000.0,81.0977611650485,81.0977611650485,81.0977611650485,81.0977611650485
C_029,p5,07_11,2021-07-11,100,108.96212012944984,106.050918446602,C_029_p5,18,29.9999999982,False,2,9.0,94.65137215176114,66.71924494885513,-36.11834794799492,225.4210922515172,-5.270267126896456,0.5678324630247797,81.0977611650485,81.0977611650485,99.67996011258884,29.5121282971578,43.50097213639087,62.04018909401082,99.15814629457417,136.70896837217146,159.7908888218612,4.013308418557716,1.675075745816618,0.0572142309437842,2798.322869547171,93.57433980582525,93.57433980582525,93.57433980582525,102.87935319807437
C_029,p5,07_18,2021-07-18,140,155.5413470550162,145.560084142395,C_029_p5,8,12.0,False,3,7.0,127.42289072584563,34.59034240738902,59.62581960736317,195.2199618443281,-4.60067131892641,0.6999798974850612,106.050918446602,125.45892966558804,142.7842559815051,12.416589794601284,118.86730120699384,127.78553971965036,143.11202461278944,157.6187869679746,165.715631599113,2.154683222062103,0.978083361411192,0.0370471575347884,1113.0559879857158,119.56721197411012,106.050918446602,120.53761253505942,144.35017328460256
C_029,p5,07_30,2021-07-30,204,217.9242402588997,218.340126213592,C_029_p5,11,17.39999999946,False,4,12.0,169.2971016722952,38.03268735473872,94.75303445700732,243.84116888758308,-5.410471108042105,0.9013872672264168,145.560084142395,213.29008247804012,206.34308620485604,18.22261752582553,167.33415902755482,184.72880069038283,207.3871073347508,228.4911559982853,239.8476218490004,0.2012936679741787,1.3372035775461752,0.0655746092527865,1566.3969405872906,168.95366909385106,145.560084142395,175.39197975435349,214.9284591151445
C_029,p5,08_06,2021-08-06,190,216.0527534627832,215.013038576052,C_029_p5,11,17.39999999946,True,5,7.0,207.63111718829248,33.81871240298609,141.34644087843975,273.9157934981452,-4.488284749813242,0.5863942089768422,218.340126213592,260.7951507551236,212.83187920271945,15.344865979998524,182.7458497484392,193.67458713969836,212.9226533076216,232.12490954985105,242.5916550239637,0.0556345639906047,0.96075701671456,0.0348596082402134,3397.3717101959774,191.98335383495152,215.013038576052,201.1804654303412,221.67088902033518
C_032,p1,07_02,2021-07-02,50,58.84786258899676,52.4016302912621,C_032_p1,11,17.39999999946,False,1,0.0,,,,,,,,,52.67579976224336,17.297832800451285,18.538936369263173,30.528543273906877,52.67310332344815,74.83247306826807,86.34905694009638,1.5363867555723838,5.712162782258915,,5000.0,52.4016302912621,52.4016302912621,52.4016302912621,52.4016302912621
C_032,p1,07_11,2021-07-11,88,89.83136621359223,81.5136471197411,C_032_p1,18,29.9999999982,False,2,9.0,68.98262583006385,64.71787651606455,-57.86441214142266,195.8296638015504,-5.271517871979781,0.5767653750836436,52.4016302912621,52.4016302912621,74.62455149444749,29.885681328563983,14.84242753222324,36.09415876655585,75.12396286877939,112.27585349740308,132.15524127303553,4.905095476630483,1.4690990116846292,0.0581201438791624,2819.4915493676704,66.9576387055016,66.9576387055016,66.9576387055016,77.81348766312554
C_032,p1,07_18,2021-07-18,104,114.36863754045308,96.4855414886731,C_032_p1,8,12.0,False,3,7.0,109.04468089470136,36.6562307746487,37.19846857638993,180.8908932130128,-4.626696791936033,0.3659423656498565,81.5136471197411,104.15632687522476,98.83212802839842,12.519557313746269,74.631155569437,83.7211894725775,98.1852621293969,113.35628826938348,122.3906784487478,4.037863114713383,1.3341810785893349,0.0379774539594066,1126.67408325599,81.72159009708736,81.5136471197411,82.85372408486154,96.39650090852119
C_032,p1,07_30,2021-07-30,130,124.5578434304207,118.111611132686,C_032_p1,11,17.39999999946,True,4,12.0,146.91400533217467,36.68647234392981,75.00851953807225,218.8194911262771,-4.861411923228872,0.2161987102520198,96.4855414886731,122.15164612112798,125.1530037431054,16.588696156859637,93.81499696960194,104.9959085868912,124.62050011791054,145.9309608871533,158.58335584655902,2.709404112701051,1.364109080847397,0.0453958716641344,2479.2983602334016,99.91660061488668,96.4855414886731,104.76035171418292,119.0632850478112
C_032,p2,07_02,2021-07-02,60,65.70998084142394,65.2940948867314,C_032_p2,11,17.39999999946,False,1,0.0,,,,,,,,,65.15321217991419,17.69767375430853,30.397355189044543,42.49363160471498,65.42616450142154,87.50624815410946,100.00792210227884,1.3205420334976536,5.632552156094682,,5000.0,65.2940948867314,65.2940948867314,65.2940948867314,65.2940948867314
C_032,p2,07_11,2021-07-11,76,93.57433980582525,76.5230156634304,C_032_p2,18,29.9999999982,False,2,9.0,78.14257740893828,64.82892889625428,-48.92212322772011,205.20727804559667,-5.172290240843305,0.4900346270341531,65.2940948867314,65.2940948867314,71.64134380868174,28.843561398194364,16.146684063326788,35.58373574496415,70.39220472469731,108.60639454894944,130.0507513113651,5.0155161233627,1.4318347946396,0.0546856203945216,3048.9919587151394,70.9085552750809,70.9085552750809,70.9085552750809,75.09581130159297
C_032,p2,07_18,2021-07-18,90,115.82423838187702,116.448067313916,C_032_p2,8,12.0,False,3,7.0,106.77454186989976,35.70644051098665,36.78991846836591,176.75916527143357,-4.541362392165486,0.6067730358066324,76.5230156634304,85.25662071197407,115.68073840073367,12.396287760162826,91.35893368485635,100.69319180592235,116.55893370773754,130.29049568247447,138.64378024300797,3.0375602169891054,1.0936552240949229,0.0354712964428801,1265.8435954790057,93.67831129449846,76.5230156634304,94.11499154692564,114.96252545266753
C_032,p2,07_30,2021-07-30,120,136.41059313915858,134.331163365696,C_032_p2,11,17.39999999946,True,4,12.0,152.55895268468618,37.50698894193904,79.04525435848566,226.0726510108867,-4.6832910411820885,0.313489323056961,116.448067313916,184.89101300046275,138.44577811163444,16.258923249488756,107.22902594958788,118.80885111792811,138.1731084267004,158.86014787587763,170.58710565682458,2.3097681162426698,1.293125492992421,0.0399109366751744,2879.368475447087,114.00473733009723,116.448067313916,118.80019944909863,136.24406004829262
C_032,p4,07_02,2021-07-02,56,74.44358588996764,71.1164982524272,C_032_p4,11,17.39999999946,False,1,0.0,,,,,,,,,71.01278974220526,17.554416566524978,36.01270211500134,48.21377663720205,71.28304853146572,93.33706261436204,104.24153844812778,1.521867149296019,5.67756576063356,,5000.0,71.1164982524272,71.1164982524272,71.1164982524272,71.1164982524272
C_032,p4,07_11,2021-07-11,78,99.39674317152104,98.9808572168285,C_032_p4,18,29.9999999982,False,2,9.0,85.85033815695118,66.34097975419148,-44.17798216126411,215.87865847516647,-5.274178429761532,0.5784480138884932,71.1164982524272,71.1164982524272,92.27755600731638,29.545335946939318,35.08644565351422,54.69542941243236,91.75381918413808,130.21862799367028,150.26925006766567,4.315800220960079,1.643840197379394,0.0574111686336133,2798.0536881174594,85.04867773462786,85.04867773462786,85.04867773462786,95.43927602263932
C_032,p4,07_18,2021-07-18,120,134.12322038834952,124.765786407767,C_032_p4,8,12.0,False,3,7.0,122.52967125373476,34.85594566401514,54.2120177522651,190.84732475520445,-4.491435193733701,0.5255758186832261,98.9808572168285,120.65313641136284,124.46991780002956,12.410737060209833,100.77603296839996,109.14164169945914,124.89167160187544,139.20078318218805,147.62924569489783,2.740373710364749,1.0341585878489477,0.034325766367344,1241.7981998908233,104.90723207119743,98.9808572168285,105.99084603092415,124.1937996664918
C_032,p4,07_30,2021-07-30,140,142.6488824595469,121.022812815534,C_032_p4,11,17.39999999946,True,4,12.0,157.24628924164233,36.95969211279325,84.80529270056756,229.68728578271708,-5.013790306207824,0.1635231725809299,124.765786407767,168.96852216366156,129.72867879689517,16.721086755391585,99.21496780127424,108.95420811814878,128.7087270761919,150.06223155944252,164.56880518623487,2.5489850494473822,1.3254636008424872,0.0500639576495854,2161.025948315364,112.96502244336571,121.022812815534,118.58301456164793,125.66303236399449
C_037,p2,07_02,2021-07-02,60,58.01609067961165,53.64928815533981,C_037_p2,11,17.39999999946,False,1,0.0,,,,,,,,,53.402072768120505,17.218266854316852,19.11874295891823,30.939961910751013,53.251950127052616,75.43552265270831,87.00095327832047,1.5854093500287036,5.650527704559088,,5000.0,53.64928815533981,53.64928815533981,53.64928815533981,53.64928815533981
C_037,p2,07_11,2021-07-11,64,86.50427857605177,63.6305510679612,C_037_p2,18,29.9999999982,False,2,9.0,69.99777371645409,63.352788459763374,-54.17369166468213,194.16923909759032,-5.1412988957642565,0.4599720159909808,53.64928815533981,53.64928815533981,59.23917297827515,28.884939534697395,0.0,21.93488206093228,58.85297409477561,96.58378805261349,117.3785433151252,5.262205558894308,1.2888980532227454,0.054003575659407,3147.942523477,58.639919611650505,58.639919611650505,58.639919611650505,62.36192496855015
C_037,p2,07_30,2021-07-30,94,94.40611171521036,107.714462265372,C_037_p2,11,17.39999999946,False,3,19.0,160.20134824046727,51.03384165106074,60.17501860438821,260.2276778765463,-5.371883330312712,0.1518638871857495,63.6305510679612,84.70210610571746,114.94791346399222,18.99791313475419,80.82643463218864,93.58550881441086,114.03177703676133,137.05530079373358,155.1493107158265,3.283966198460895,1.760062199335115,0.0576532096720139,1034.4680554701774,83.17719093851126,63.6305510679612,84.23076869039907,106.95458497009594
C_037,p2,08_06,2021-08-06,90,91.910795987055,102.307944854369,C_037_p2,11,17.39999999946,True,4,7.0,138.21528153869522,33.44693648101991,72.6592860358962,203.77127704149424,-5.004100844548469,0.141509674764564,107.714462265372,123.95590323283916,113.35887762004198,15.94225278084318,83.48179430904696,93.9464728690044,113.0087098898956,132.9786533024926,145.45270541986946,3.243997884145945,1.2787613361518035,0.0509140972008415,2252.1671869488937,92.74256789644014,102.307944854369,94.52270570742066,105.72135922260509
C_037,p3,07_02,2021-07-02,68,61.967007249190935,59.4716915210356,C_037_p3,11,17.39999999946,False,1,0.0,,,,,,,,,59.5837901306504,17.260232039779936,25.0210122259688,37.00839777497347,59.74047569803108,81.60849145045596,93.03701736221258,1.4361584525874354,5.651886971821321,,5000.0,59.4716915210356,59.4716915210356,59.4716915210356,59.4716915210356
C_037,p3,07_11,2021-07-11,66,88.58370834951457,68.6211825242718,C_037_p3,18,29.9999999982,False,2,9.0,74.11675610413256,65.06172348771433,-53.40422193178753,201.63773414005263,-5.170808866915081,0.4663425391778896,59.4716915210356,59.4716915210356,64.05033113948642,29.124023278704648,5.622279936776455,27.585792613499883,63.28672112407161,101.7157342755843,122.6705161002522,5.16677004271203,1.3261829784431862,0.0546959485697307,3073.5597384017237,64.0464370226537,64.0464370226537,64.0464370226537,67.45827526647835
C_037,p3,07_30,2021-07-30,102,95.65376957928802,109.793892038835,C_037_p3,11,17.39999999946,False,3,19.0,162.64763390105838,50.72167136411206,63.23315802739874,262.062109774718,-5.3609914556585245,0.1486977944951169,68.6211825242718,87.93677464221489,117.49665087621705,19.058869514939904,82.98221809295458,94.66602140420122,116.4649164714813,139.28658978232224,156.6610359418923,3.090861911104364,1.7855420052967033,0.0573185914101766,1052.414345273051,86.92016453074436,68.6211825242718,87.88594413664151,109.07797765113862
C_037,p3,08_06,2021-08-06,100,98.14908530744336,108.130348220065,C_037_p3,11,17.39999999946,True,4,7.0,139.13643009372566,33.50718007372413,73.46235714922638,204.81050303822497,-4.852089654116496,0.1773902879335069,109.793892038835,124.9627850178846,117.36152732362434,15.69162845785368,88.7664228788425,97.91533192240904,117.1189044607545,136.85960388570257,148.77915277715513,3.046450250638697,1.1985579579147665,0.0454105531429277,2534.075011829051,97.52525637540468,108.130348220065,99.17109464008038,110.65714756097637
C_037,p4,07_02,2021-07-02,60,62.38289320388349,50.3222005177994,C_037_p4,11,17.39999999946,False,1,0.0,,,,,,,,,50.12014289827578,17.18266208773637,17.012453601677553,27.97738795856727,49.927360426062535,72.40851346593553,84.30382179139615,1.3865120206216626,5.621574039486917,,5000.0,50.3222005177994,50.3222005177994,50.3222005177994,50.3222005177994
C_037,p4,07_11,2021-07-11,60,76.73095864077669,49.0745426537217,C_037_p4,18,29.9999999982,False,2,9.0,65.83621426670027,63.343905632642446,-58.31784077327893,189.9902693066795,-5.078463921670651,0.3956534938403083,50.3222005177994,50.3222005177994,45.94176705994763,27.9699728141617,0.0,5.760588378099241,45.18458861677534,82.2885516083646,102.68371567572564,5.435026794192309,1.127472517512203,0.0513821114453329,3327.5967905976304,49.698371585760555,49.698371585760555,49.698371585760555,49.23312091614808
C_037,p4,07_30,2021-07-30,114,118.52749708737863,111.457435857605,C_037_p4,11,17.39999999946,False,3,19.0,148.6397626742188,51.57929371139114,47.54434699989216,249.73517834854545,-5.153944841338461,0.2354925956680636,49.0745426537217,46.440598274002106,116.07035174382476,18.89957607637976,81.88463107180114,93.85275019226007,114.98299740372704,139.1002078848472,153.43555926316026,3.197816384812157,1.7987129843149283,0.0519238710756096,1313.393764072492,80.57790372168279,50.3222005177994,80.4462065026968,109.82848267837049
C_037,p4,08_06,2021-08-06,112,115.82423838187702,98.9808572168285,C_037_p4,11,17.39999999946,True,4,7.0,138.0276030909975,33.82821572808967,71.72430026394176,204.33090591805325,-5.117350891823657,0.1241956466885459,111.457435857605,134.44060703798306,110.62739068515896,16.362300406585067,80.59130015667945,91.1300073986882,109.3700445223108,130.97343270742894,144.40525366727826,3.382308494810002,1.2661526000471433,0.0552622688021717,2030.209965110918,89.77938046925564,98.9808572168285,90.80753080794864,103.98359422419348
C_038,p1,07_11,2021-07-11,90,42.00448142394822,38.2615078317152,C_038_p1,18,29.9999999982,False,1,0.0,,,,,,,,,39.56820166134243,27.513836823833486,0.0,0.0,38.40115530537667,75.83498476987309,97.3255916811771,1.5477380513150454,5.632743790429212,,5000.0,38.2615078317152,38.2615078317152,38.2615078317152,38.2615078317152
C_038,p1,07_30,2021-07-30,140,79.85010330097087,74.0276999352751,C_038_p1,11,17.39999999946,False,2,19.0,85.97880548610712,100.78461613824264,-111.55904214484846,283.5166531170627,-5.894373294609911,0.4528037970988146,38.2615078317152,38.2615078317152,70.86205358782334,23.126604324717388,1.7237855137023588,46.43252450177673,71.35749397183277,97.41342855731168,110.895657064232,5.228911215591276,1.6518811511208469,0.0809100962606044,942.4085700848916,56.14460388349515,56.14460388349515,56.14460388349515,73.60753786242411
C_038,p1,08_06,2021-08-06,142,84.84073475728155,74.0276999352751,C_038_p1,11,17.39999999946,True,3,7.0,107.22170918309934,36.67900727357423,35.33085492689385,179.11256343930484,-5.00002992299039,0.1827362491444657,74.0276999352751,87.2047180786919,83.18737468088332,16.82588337641526,51.91500453223788,62.26279802375532,82.73544069978584,103.55812727360966,116.82901366589174,4.93910285807234,1.2540260900727624,0.0504659654924769,2233.456583239069,65.08615190938512,74.0276999352751,65.74500281655597,75.9647514262039
C_039,p1,07_02,2021-07-02,76,75.06741482200647,69.452954433657,C_039_p1,11,17.39999999946,False,1,0.0,,,,,,,,,69.11177138288721,17.471538418922094,35.2643850113673,47.13414793893234,68.94102435186656,91.7060447554129,104.27570710294178,1.5296436086539664,5.706505454553166,,5000.0,69.452954433657,69.452954433657,69.452954433657,69.452954433657
C_039,p1,07_11,2021-07-11,80,106.88269035598704,95.2378836245955,C_039_p1,18,29.9999999982,False,2,9.0,83.86745440409192,65.38375164576242,-44.2846988216024,212.01960762978624,-5.253085449900248,0.5690291444864328,69.452954433657,69.452954433657,88.95691245948302,29.64677172115824,32.79840134467379,51.90784881556162,88.14499935001578,127.61483493353278,148.6335929361316,4.4156812569432,1.6522936426174293,0.0570631161151651,2870.7042583117664,82.34541902912625,82.34541902912625,82.34541902912625,91.9605995344503
C_039,p1,07_18,2021-07-18,120,129.3405319093851,128.50876,C_039_p1,8,12.0,False,3,7.0,120.22263119899158,34.70479773734837,52.201227633788776,188.2440347641944,-4.478524168488464,0.5943542818624445,95.2378836245955,115.292828550881,126.89994476566628,12.069367158523178,104.12617133004387,112.7725811506669,126.84682183483832,141.24593020718152,150.46159696007146,2.6264579284750216,1.0125170223616526,0.0337237490820593,1261.3139555510957,105.42708951456312,95.2378836245955,106.4298367608774,127.5795764807549
C_039,p1,07_30,2021-07-30,120,151.79837346278316,116.863953268608,C_039_p1,11,17.39999999946,False,4,12.0,158.85045493517572,37.203121359150046,85.93233707124163,231.7685727991098,-5.180068945744708,0.1295386434151171,128.50876,185.544548072122,127.36965696951286,17.17826081788557,95.66058874823632,107.1665103007772,126.57480037548603,148.09196314109954,163.08100898726477,2.643287086879563,1.390505090903574,0.0561342495381442,1892.534235106736,111.14552139158556,116.863953268608,117.15084856370247,122.8395227876183
C_039,p1,08_06,2021-08-06,120,154.70957514563108,147.639513915858,C_039_p1,11,17.39999999946,True,5,7.0,145.96877933766575,33.01883014887164,81.25187224587735,210.68568642945417,-4.440674867663779,0.5201776486407003,116.863953268608,110.07114934196268,147.06576523170753,15.155025704188231,117.60819682678144,127.44972059874922,147.12013585996735,166.34668864871324,176.59306848120755,2.1677527752484367,0.9724234883352962,0.0336606430577593,3535.9100937014077,129.39251765372177,128.50876,135.58908525112625,144.82259373844013
C_039,p2,07_02,2021-07-02,72,83.17719093851133,75.6912437540453,C_039_p2,11,17.39999999946,False,1,0.0,,,,,,,,,75.59779252132869,17.433862127865968,40.92434792154087,52.97061572356958,75.60358309418856,97.986187844537,109.47265747834815,1.428018083636019,5.698276314121811,,5000.0,75.6912437540453,75.6912437540453,75.6912437540453,75.6912437540453
C_039,p2,07_11,2021-07-11,78,111.45743585760518,99.8126291262136,C_039_p2,18,29.9999999982,False,2,9.0,89.53349976068262,66.12205987613133,-40.0657375965348,219.13273711790004,-5.23861206716469,0.5617694287271063,75.6912437540453,75.6912437540453,93.1503566592759,29.309608178060127,38.06743692046352,55.91022275001818,92.42572993962484,131.4577662062258,152.00162330491224,4.308008451768621,1.6719116726133338,0.0564032014775363,2901.5435920989776,87.75193644012944,87.75193644012944,87.75193644012944,96.74678271930357
C_039,p2,07_18,2021-07-18,120,134.12322038834952,125.597558317152,C_039_p2,8,12.0,False,3,7.0,123.41710014441746,34.4044467188836,55.98438457540561,190.8498157134293,-4.470397181774796,0.5252669365236706,99.8126291262136,118.57370663790005,125.64128911430414,12.157958199156814,101.97787795684968,110.93817982261302,125.65404232463683,140.71495788495207,148.60064418237147,2.660705399217935,1.0803414222384315,0.0337206050474476,1302.1441369619674,106.67474737864072,99.8126291262136,107.61280125422505,124.95521936610066
C_039,p2,07_30,2021-07-30,110,155.5413470550162,150.134829644013,C_039_p2,11,17.39999999946,False,4,12.0,158.31733959484177,36.83594227565953,86.11889273454909,230.51578645513445,-4.585233461878001,0.4121048408762649,125.597558317152,169.8002940730464,152.2966238177045,16.092675082845798,120.87704582373522,132.11934525863032,151.96508076083913,172.59985096816726,184.04616197722396,2.0254687274964205,1.295409328214124,0.0374318953141829,3141.64438496933,128.40478851132684,125.597558317152,133.56500901805106,151.1944416043494
C_039,p2,08_06,2021-08-06,110,155.12546110032363,135.162935275081,C_039_p2,11,17.39999999946,True,5,7.0,166.18965696808093,33.68007782629841,100.17670442853604,232.20260950762585,-4.8810643860617695,0.1784680961165896,150.134829644013,164.44823791801525,144.36249030398665,15.838295782501172,113.77890286883223,124.86141075614184,143.81191185296535,164.21000658766204,176.5710008972503,2.187787255649601,1.0478483172280113,0.0465011004388104,1488.827922890376,131.78386189320392,135.162935275081,138.06707459829084,141.87986901403596
C_039,p3,07_02,2021-07-02,80,79.85010330097087,78.6024454368932,C_039_p3,11,17.39999999946,False,1,0.0,,,,,,,,,78.67523260121168,17.582871506944585,44.89418959164651,55.8341012999496,78.89969818882382,101.18683985563968,113.70466799855647,1.495882505962045,5.773995760979624,,5000.0,78.6024454368932,78.6024454368932,78.6024454368932,78.6024454368932
C_039,p3,07_11,2021-07-11,92,114.57658051779936,88.5837083495146,C_039_p3,18,29.9999999982,False,2,9.0,93.15229708482298,67.24226692461825,-38.6425460874288,224.94714025707475,-5.188061860147465,0.4729158157726044,78.6024454368932,78.6024454368932,84.76663258118089,28.787372577435125,30.62020429111009,48.86100530586528,83.88421401014948,121.4329943081644,142.16334289778663,4.615063805257925,1.5983138048454526,0.0544526947661807,2991.92144882234,83.5930768932039,83.5930768932039,83.5930768932039,87.31508225010354
C_039,p3,07_18,2021-07-18,120,133.0835055016181,148.887171779935,C_039_p3,8,12.0,False,3,7.0,116.7051138537158,34.520941862068895,49.04406780406076,184.36615990337083,-4.8862285576936575,0.8243956550457292,88.5837083495146,96.34691283710902,143.7446796841792,13.151819075949485,117.87419900655073,128.92481204564783,144.23215939398042,158.77556840300738,167.404547506907,2.127661300452097,1.0126535600205362,0.0456238667765102,977.3911689630066,116.24012433656944,88.5837083495146,116.62828456094917,146.51220703586256
C_039,p3,07_30,2021-07-30,150,156.78900491909386,123.934014498382,C_039_p3,11,17.39999999946,False,4,12.0,169.2001954800715,38.27304677537639,94.18502380033377,244.21536715980923,-5.26611002357306,0.1184606730128156,148.887171779935,252.2645376606557,134.9807490394476,17.419221602390937,102.76295049461274,114.48368610558629,133.97050070643607,155.64701798441553,171.98527104645757,2.4357097293409096,1.3287790577266505,0.0591657833346661,1748.1142443353967,120.08706941747572,123.934014498382,126.47666200899982,132.30777230453597
C_039,p3,08_06,2021-08-06,140,147.22362796116505,130.17230381877,C_039_p3,11,17.39999999946,True,5,7.0,151.86476077415824,32.95176825067368,87.27929500283783,216.45022654547864,-4.6475909927954255,0.2551696873506685,123.934014498382,109.37800608414275,136.69685265145478,15.360768327203637,107.01772943441227,117.51965848895718,136.4182759855231,156.45112947064558,167.49591974855625,2.3401508707483805,1.0335602072914418,0.0392355394323772,2979.6018720036536,125.12968661812286,130.17230381877,131.7902107553772,132.6946012265264
