image,camera,date,width_px,height_px,sha256
11430.21-C-009_2021-07-12-10-32_CAM374.JPG,C-009,2021-07-12,773,1030,9d325b639c6f48210398a0a49bf16eda71b3b5e26bd5b45f41e30abc3fe8b015
A641.21-C-038_2021-07-12-10-24_CAM176.JPG,C-038,2021-07-12,773,1030,aed37b446ee17e1004d15af11dcfa62c95c6df5a9eb203e3ed9a686461bf5640
B73.21-C-011_2021-07-12-11-09_CAM397.JPG,C-011,2021-07-12,773,1030,64a09daf685d42dcb3a9fe6be220f1072530efe017317c5a5a3ae6ca78f137e8
B73.21-C-029_2021-07-12-10-57_CAM573.JPG,C-029,2021-07-12,773,1030,8361bbf54df468de3d6525eeefd466956f3a8e5865682d8608c4cff69cd31ddd
C-004_2021-07-02.JPG,C-004,2021-07-02,773,1030,fe3c67eeea8f69f6f68083bbcc49da1d84efc8106a58c909981315b9ebeaf712
C-004_2021-07-11.JPG,C-004,2021-07-11,773,1030,3f148d4790796b92375a4dfaff085ae5718969206995a1b112482c3303546a08
C-004_2021-07-18.JPG,C-004,2021-07-18,773,1030,159b0172308d90c7dc79ead140ff08e7404aaebc72250bbd2470ed39a349615b
C-004_2021-07-30.JPG,C-004,2021-07-30,773,1030,1d8a3008694d2dbe7c1d3f38b00093d6be6a51f11bd8e482a1c0ee53296464d2
C-004_2021-08-06.JPG,C-004,2021-08-06,773,1030,4e088af4806f12b534886b793c5777458a8c3545edb0195dbb069ac94cbb1130
C-005_2021-07-11.JPG,C-005,2021-07-11,773,1030,ac35f473c0c20712a877458bf64e9c1bd871d9d914eb0e7d502d1c7b17919229
C-005_2021-07-18.JPG,C-005,2021-07-18,773,1030,99d581aaf712ef1f57aa87b920d51e054a4011ab7860ed85bd4c6e4fd7d825b3
C-005_2021-07-30.JPG,C-005,2021-07-30,773,1030,cd4a4220f2c9c890de886a005c2fc92e6ca42033ce9223dbaed61564fd4db107
C-005_2021-08-06.JPG,C-005,2021-08-06,773,1030,0861bb81358a6b45ee0d497070fca3fc3f9c5bd48503e9c6b33bee4c639e6751
C-009_2021-07-11.JPG,C-009,2021-07-11,773,1030,8ff43f7f74fcc7669c54ba3e822b28a08ed40fe289dac9947b230fdc9fdf87aa
C-009_2021-07-18.JPG,C-009,2021-07-18,773,1030,0aab1d66d15a26750783e606871b488692001baf6ab6bc0e191cb6b4b3036baf
C-009_2021-07-30.JPG,C-009,2021-07-30,773,1030,4bcd8f2aab3368eaf9e5dbe2e86887eb06fbc7ae95cc022eed5b6371f09790db
C-009_2021-08-06.JPG,C-009,2021-08-06,773,1030,ce9f4ae656e98cc7a7b4ee8f32ee78a83be4ab923da756cf8c139b9e6b764533
C-010_2021-07-02.JPG,C-010,2021-07-02,773,1030,628d300f19d30491691b96a3a93ba5883d36dd337717d4f225124a84c24598f8
C-010_2021-07-11.JPG,C-010,2021-07-11,773,1030,6933b0f73fb84d5a6aaa6bf0c6bac682d764e5433fe4539d90aed914abd3c814
C-010_2021-07-18.JPG,C-010,2021-07-18,773,1030,2d1c3429cb69664528b1dd2ea214c8b15825ca0cc67a425f5e1701dfd56bfa9e
C-010_2021-07-30.JPG,C-010,2021-07-30,773,1030,2e462cb4aa70fa6f968f144e38e7dbdc1a506034115fbf752eeb1786f118b751
C-011_2021-07-11.JPG,C-011,2021-07-11,773,1030,d89a63564059c597166bdb56aa2aec003d22179fed67a799116c1c554232754f
C-011_2021-07-18.JPG,C-011,2021-07-18,773,1030,d09a3b221be31b2085b42134a08101c34c6f7dc2bf537a87fd611206134bedd8
C-011_2021-07-30.JPG,C-011,2021-07-30,773,1030,ea12d00165ef7669cfb4837507830600132b78e4adff0e199cdcae1478137c53
C-021_2021-07-02.JPG,C-021,2021-07-02,773,1030,d06484eeed8f206db21456484b5c2e0242aedb33f5a8a8be14f50d29981869e3
C-021_2021-07-11.JPG,C-021,2021-07-11,773,1030,ee768212510169aecd780f27b058327ccd429a00a61c382352f99e2e00ce13fc
C-021_2021-07-18.JPG,C-021,2021-07-18,773,1030,d5804ef5a72a895d6fca1f36f08a304fd64278f38b492819517e072c25e0ab23
C-021_2021-07-30.JPG,C-021,2021-07-30,773,1030,fc8d8aae51a889f0c098263a174cd009330ff4e12d04c3e3d8d23b20273d047b
C-024_2021-07-02.JPG,C-024,2021-07-02,773,1030,8d51c709e499a4665d79598992b2b828959a4b197fbd61462304283334335c72
C-024_2021-07-11.JPG,C-024,2021-07-11,773,1030,18e32b33ef7fcfb233b8a287bdaec9ba704208a9f9c430549bb0c730a46c919c
C-024_2021-07-18.JPG,C-024,2021-07-18,773,1030,2309e5c98cef77782f9c819db7af5d46035e79cdb613e9ad166e56972b5bacf0
C-024_2021-07-30.JPG,C-024,2021-07-30,773,1030,13fafa6f7f2058d87de66ad502be23607b22b1ff2a7b4dd12ebdf8030afe8663
C-029_2021-07-02.JPG,C-029,2021-07-02,773,1030,9244280f7248855c46d8025b9d74b73edb2e7ecf2e1d38f0035512a0c766104e
C-029_2021-07-11.JPG,C-029,2021-07-11,773,1030,da2f7ba08a4384132a6a48010fd123c9cb9b7ade844f87c8c1e1945587cbb677
C-029_2021-07-18.JPG,C-029,2021-07-18,773,1030,0d480af53b6764268face2738e3bccddfa38e5e4978654c3b369532eb8f0f853
C-029_2021-07-30.JPG,C-029,2021-07-30,773,1030,95293621439a279ffea9e8141bd0458e1e05256c53913928479a5ba3c8503a35
C-029_2021-08-06.JPG,C-029,2021-08-06,773,1030,bd14fcf77190fac7190d8c6b5e32b55e8d614f94f1ceb5cc1aef9b82fb4bd1a0
C-032_2021-07-02.JPG,C-032,2021-07-02,773,1030,b577db77b250b9629804ee543ec9b46d40a73e42bb84942d429c595e37922ac2
C-032_2021-07-11.JPG,C-032,2021-07-11,773,1030,59614b75858a6520f85d3b621c114ce86af90dd7dc1ad14b3d8b0465d8017757
C-032_2021-07-18.JPG,C-032,2021-07-18,773,1030,231a7a1e95556efc9551cc4bdd61886094524bfeed74b5d713545eca129d7069
C-032_2021-07-30.JPG,C-032,2021-07-30,773,1030,dddcb43ecb44c5671718cb9bdc37dba445c382568f22dbcde61e966216cbe057
C-037_2021-07-02.JPG,C-037,2021-07-02,773,1030,d44d40e082afae7c0716b41751872e0267bd1c098381f51029615082cce5c192
C-037_2021-07-11.JPG,C-037,2021-07-11,773,1030,14f8006f19bca97154c24d66c9d2fcdd5f573cd0bba93d455c578eee2458539f
C-037_2021-07-30.JPG,C-037,2021-07-30,773,1030,1c0e8f33953f26fd76dbaf9eceabbc37b4aeab739bc523727ae0e687426e06d6
C-037_2021-08-06.JPG,C-037,2021-08-06,773,1030,0204bec5ac5513ce2bbf4ece113b065a381bea3c784dfb704968a70717348f8c
C-038_2021-07-11.JPG,C-038,2021-07-11,773,1030,98925620fd8fc677af64e37bc37a3e5b02f3e8c80c4f09d316136f944e48b0fa
C-038_2021-07-30.JPG,C-038,2021-07-30,773,1030,a84c3f35dc9d7cae7898b206257abb7d07c7b9b9850555eebcfa0b2435866e54
C-038_2021-08-06.JPG,C-038,2021-08-06,773,1030,248ccd83617090934a7796e079ba3fcbed4fb7bbf6442b140068c632d3ba92e9
C-039_2021-07-02.JPG,C-039,2021-07-02,773,1030,24de1b4b999088857f36502c92dacf79d4c130593e41626d1c9f234d55ec4391
C-039_2021-07-11.JPG,C-039,2021-07-11,773,1030,f7cfae0748bd3b714da6d81b0376f1cf0962c9412aea52c62d9be5930d64848a
C-039_2021-07-18.JPG,C-039,2021-07-18,773,1030,c0d7126010623516e39e0fb053c73b214b86af5fc5ab1df96e2b8007a32ba553
C-039_2021-07-30.JPG,C-039,2021-07-30,773,1030,a2b34b928838468311d98dadd8f826a7bf416b103f1d5432edad9adce26baae9
C-039_2021-08-06.JPG,C-039,2021-08-06,773,1030,27774fb8a8fb788eb1eef378a9c3836d8b5774eed359b1d2f290b6d3e03a558e
CO106.21-C-010_2021-07-12-12-11_CAM405.JPG,C-010,2021-07-12,773,1030,90e2050ea39c2a7ae2589c661e8025fa2b405ca55cb2f7f1f73fca240edcbf43
CO255.21-C-005_2021-07-12-10-21_CAM811.JPG,C-005,2021-07-12,773,1030,7aad40933d14a0470d10133e9449eaf5d6d941d2a959acaabefc8c294a4d5644
EP1.21-C-021_2021-07-12-10-08_CAM219.JPG,C-021,2021-07-12,773,1030,ac6bb7e616f615525cba073eb3d42c531c31728f7a1ea1516553b4877de5e349
I29.21-C-024_2021-07-12-11-51_CAM574.JPG,C-024,2021-07-12,773,1030,af1077e089cbc01ecb9252d139212467fd8e73809207f4e2e17882bccca7a26a
Il101.21-C-032_2021-07-12-09-22_CAM810.JPG,C-032,2021-07-12,773,1030,9a92bb31858adb265be8a4d5fbb490e4ba4c399703861b1939d770987291c284
L127.21-C-037_2021-07-12-11-28_CAM294.JPG,C-037,2021-07-12,773,1030,236daeb24cb2e48e436de9a4128962fa6e43864e5e0d7e53d54bc75164ae4b86
LH54.21-C-039_2021-07-12-10-57_CAM827.JPG,C-039,2021-07-12,773,1030,d143af89ec41a13c725874c5a7cbdb875dca81a0968e70d6dbbf238fc899e38d
LH85.21-C-004_2021-07-12-10-21_CAM789.JPG,C-004,2021-07-12,773,1030,aeeadc1003983e633700302c60a137d9741162de0f67475f3d1311754c4506b7
